# cube.obj
# vertices: 5400, triangles: 10092
# generated by gen_meshes.py
o object
v -2.0000000000 -2.0000000000 -4.0000000000
v -2.0000000000 -2.0000000000 -3.8620689655
v -2.0000000000 -2.0000000000 -3.7241379310
v -2.0000000000 -2.0000000000 -3.5862068966
v -2.0000000000 -2.0000000000 -3.4482758621
v -2.0000000000 -2.0000000000 -3.3103448276
v -2.0000000000 -2.0000000000 -3.1724137931
v -2.0000000000 -2.0000000000 -3.0344827586
v -2.0000000000 -2.0000000000 -2.8965517241
v -2.0000000000 -2.0000000000 -2.7586206897
v -2.0000000000 -2.0000000000 -2.6206896552
v -2.0000000000 -2.0000000000 -2.4827586207
v -2.0000000000 -2.0000000000 -2.3448275862
v -2.0000000000 -2.0000000000 -2.2068965517
v -2.0000000000 -2.0000000000 -2.0689655172
v -2.0000000000 -2.0000000000 -1.9310344828
v -2.0000000000 -2.0000000000 -1.7931034483
v -2.0000000000 -2.0000000000 -1.6551724138
v -2.0000000000 -2.0000000000 -1.5172413793
v -2.0000000000 -2.0000000000 -1.3793103448
v -2.0000000000 -2.0000000000 -1.2413793103
v -2.0000000000 -2.0000000000 -1.1034482759
v -2.0000000000 -2.0000000000 -0.9655172414
v -2.0000000000 -2.0000000000 -0.8275862069
v -2.0000000000 -2.0000000000 -0.6896551724
v -2.0000000000 -2.0000000000 -0.5517241379
v -2.0000000000 -2.0000000000 -0.4137931034
v -2.0000000000 -2.0000000000 -0.2758620690
v -2.0000000000 -2.0000000000 -0.1379310345
v -2.0000000000 -2.0000000000 0.0000000000
v -2.0000000000 -1.8620689655 -4.0000000000
v -2.0000000000 -1.8620689655 -3.8620689655
v -2.0000000000 -1.8620689655 -3.7241379310
v -2.0000000000 -1.8620689655 -3.5862068966
v -2.0000000000 -1.8620689655 -3.4482758621
v -2.0000000000 -1.8620689655 -3.3103448276
v -2.0000000000 -1.8620689655 -3.1724137931
v -2.0000000000 -1.8620689655 -3.0344827586
v -2.0000000000 -1.8620689655 -2.8965517241
v -2.0000000000 -1.8620689655 -2.7586206897
v -2.0000000000 -1.8620689655 -2.6206896552
v -2.0000000000 -1.8620689655 -2.4827586207
v -2.0000000000 -1.8620689655 -2.3448275862
v -2.0000000000 -1.8620689655 -2.2068965517
v -2.0000000000 -1.8620689655 -2.0689655172
v -2.0000000000 -1.8620689655 -1.9310344828
v -2.0000000000 -1.8620689655 -1.7931034483
v -2.0000000000 -1.8620689655 -1.6551724138
v -2.0000000000 -1.8620689655 -1.5172413793
v -2.0000000000 -1.8620689655 -1.3793103448
v -2.0000000000 -1.8620689655 -1.2413793103
v -2.0000000000 -1.8620689655 -1.1034482759
v -2.0000000000 -1.8620689655 -0.9655172414
v -2.0000000000 -1.8620689655 -0.8275862069
v -2.0000000000 -1.8620689655 -0.6896551724
v -2.0000000000 -1.8620689655 -0.5517241379
v -2.0000000000 -1.8620689655 -0.4137931034
v -2.0000000000 -1.8620689655 -0.2758620690
v -2.0000000000 -1.8620689655 -0.1379310345
v -2.0000000000 -1.8620689655 0.0000000000
v -2.0000000000 -1.7241379310 -4.0000000000
v -2.0000000000 -1.7241379310 -3.8620689655
v -2.0000000000 -1.7241379310 -3.7241379310
v -2.0000000000 -1.7241379310 -3.5862068966
v -2.0000000000 -1.7241379310 -3.4482758621
v -2.0000000000 -1.7241379310 -3.3103448276
v -2.0000000000 -1.7241379310 -3.1724137931
v -2.0000000000 -1.7241379310 -3.0344827586
v -2.0000000000 -1.7241379310 -2.8965517241
v -2.0000000000 -1.7241379310 -2.7586206897
v -2.0000000000 -1.7241379310 -2.6206896552
v -2.0000000000 -1.7241379310 -2.4827586207
v -2.0000000000 -1.7241379310 -2.3448275862
v -2.0000000000 -1.7241379310 -2.2068965517
v -2.0000000000 -1.7241379310 -2.0689655172
v -2.0000000000 -1.7241379310 -1.9310344828
v -2.0000000000 -1.7241379310 -1.7931034483
v -2.0000000000 -1.7241379310 -1.6551724138
v -2.0000000000 -1.7241379310 -1.5172413793
v -2.0000000000 -1.7241379310 -1.3793103448
v -2.0000000000 -1.7241379310 -1.2413793103
v -2.0000000000 -1.7241379310 -1.1034482759
v -2.0000000000 -1.7241379310 -0.9655172414
v -2.0000000000 -1.7241379310 -0.8275862069
v -2.0000000000 -1.7241379310 -0.6896551724
v -2.0000000000 -1.7241379310 -0.5517241379
v -2.0000000000 -1.7241379310 -0.4137931034
v -2.0000000000 -1.7241379310 -0.2758620690
v -2.0000000000 -1.7241379310 -0.1379310345
v -2.0000000000 -1.7241379310 0.0000000000
v -2.0000000000 -1.5862068966 -4.0000000000
v -2.0000000000 -1.5862068966 -3.8620689655
v -2.0000000000 -1.5862068966 -3.7241379310
v -2.0000000000 -1.5862068966 -3.5862068966
v -2.0000000000 -1.5862068966 -3.4482758621
v -2.0000000000 -1.5862068966 -3.3103448276
v -2.0000000000 -1.5862068966 -3.1724137931
v -2.0000000000 -1.5862068966 -3.0344827586
v -2.0000000000 -1.5862068966 -2.8965517241
v -2.0000000000 -1.5862068966 -2.7586206897
v -2.0000000000 -1.5862068966 -2.6206896552
v -2.0000000000 -1.5862068966 -2.4827586207
v -2.0000000000 -1.5862068966 -2.3448275862
v -2.0000000000 -1.5862068966 -2.2068965517
v -2.0000000000 -1.5862068966 -2.0689655172
v -2.0000000000 -1.5862068966 -1.9310344828
v -2.0000000000 -1.5862068966 -1.7931034483
v -2.0000000000 -1.5862068966 -1.6551724138
v -2.0000000000 -1.5862068966 -1.5172413793
v -2.0000000000 -1.5862068966 -1.3793103448
v -2.0000000000 -1.5862068966 -1.2413793103
v -2.0000000000 -1.5862068966 -1.1034482759
v -2.0000000000 -1.5862068966 -0.9655172414
v -2.0000000000 -1.5862068966 -0.8275862069
v -2.0000000000 -1.5862068966 -0.6896551724
v -2.0000000000 -1.5862068966 -0.5517241379
v -2.0000000000 -1.5862068966 -0.4137931034
v -2.0000000000 -1.5862068966 -0.2758620690
v -2.0000000000 -1.5862068966 -0.1379310345
v -2.0000000000 -1.5862068966 0.0000000000
v -2.0000000000 -1.4482758621 -4.0000000000
v -2.0000000000 -1.4482758621 -3.8620689655
v -2.0000000000 -1.4482758621 -3.7241379310
v -2.0000000000 -1.4482758621 -3.5862068966
v -2.0000000000 -1.4482758621 -3.4482758621
v -2.0000000000 -1.4482758621 -3.3103448276
v -2.0000000000 -1.4482758621 -3.1724137931
v -2.0000000000 -1.4482758621 -3.0344827586
v -2.0000000000 -1.4482758621 -2.8965517241
v -2.0000000000 -1.4482758621 -2.7586206897
v -2.0000000000 -1.4482758621 -2.6206896552
v -2.0000000000 -1.4482758621 -2.4827586207
v -2.0000000000 -1.4482758621 -2.3448275862
v -2.0000000000 -1.4482758621 -2.2068965517
v -2.0000000000 -1.4482758621 -2.0689655172
v -2.0000000000 -1.4482758621 -1.9310344828
v -2.0000000000 -1.4482758621 -1.7931034483
v -2.0000000000 -1.4482758621 -1.6551724138
v -2.0000000000 -1.4482758621 -1.5172413793
v -2.0000000000 -1.4482758621 -1.3793103448
v -2.0000000000 -1.4482758621 -1.2413793103
v -2.0000000000 -1.4482758621 -1.1034482759
v -2.0000000000 -1.4482758621 -0.9655172414
v -2.0000000000 -1.4482758621 -0.8275862069
v -2.0000000000 -1.4482758621 -0.6896551724
v -2.0000000000 -1.4482758621 -0.5517241379
v -2.0000000000 -1.4482758621 -0.4137931034
v -2.0000000000 -1.4482758621 -0.2758620690
v -2.0000000000 -1.4482758621 -0.1379310345
v -2.0000000000 -1.4482758621 0.0000000000
v -2.0000000000 -1.3103448276 -4.0000000000
v -2.0000000000 -1.3103448276 -3.8620689655
v -2.0000000000 -1.3103448276 -3.7241379310
v -2.0000000000 -1.3103448276 -3.5862068966
v -2.0000000000 -1.3103448276 -3.4482758621
v -2.0000000000 -1.3103448276 -3.3103448276
v -2.0000000000 -1.3103448276 -3.1724137931
v -2.0000000000 -1.3103448276 -3.0344827586
v -2.0000000000 -1.3103448276 -2.8965517241
v -2.0000000000 -1.3103448276 -2.7586206897
v -2.0000000000 -1.3103448276 -2.6206896552
v -2.0000000000 -1.3103448276 -2.4827586207
v -2.0000000000 -1.3103448276 -2.3448275862
v -2.0000000000 -1.3103448276 -2.2068965517
v -2.0000000000 -1.3103448276 -2.0689655172
v -2.0000000000 -1.3103448276 -1.9310344828
v -2.0000000000 -1.3103448276 -1.7931034483
v -2.0000000000 -1.3103448276 -1.6551724138
v -2.0000000000 -1.3103448276 -1.5172413793
v -2.0000000000 -1.3103448276 -1.3793103448
v -2.0000000000 -1.3103448276 -1.2413793103
v -2.0000000000 -1.3103448276 -1.1034482759
v -2.0000000000 -1.3103448276 -0.9655172414
v -2.0000000000 -1.3103448276 -0.8275862069
v -2.0000000000 -1.3103448276 -0.6896551724
v -2.0000000000 -1.3103448276 -0.5517241379
v -2.0000000000 -1.3103448276 -0.4137931034
v -2.0000000000 -1.3103448276 -0.2758620690
v -2.0000000000 -1.3103448276 -0.1379310345
v -2.0000000000 -1.3103448276 0.0000000000
v -2.0000000000 -1.1724137931 -4.0000000000
v -2.0000000000 -1.1724137931 -3.8620689655
v -2.0000000000 -1.1724137931 -3.7241379310
v -2.0000000000 -1.1724137931 -3.5862068966
v -2.0000000000 -1.1724137931 -3.4482758621
v -2.0000000000 -1.1724137931 -3.3103448276
v -2.0000000000 -1.1724137931 -3.1724137931
v -2.0000000000 -1.1724137931 -3.0344827586
v -2.0000000000 -1.1724137931 -2.8965517241
v -2.0000000000 -1.1724137931 -2.7586206897
v -2.0000000000 -1.1724137931 -2.6206896552
v -2.0000000000 -1.1724137931 -2.4827586207
v -2.0000000000 -1.1724137931 -2.3448275862
v -2.0000000000 -1.1724137931 -2.2068965517
v -2.0000000000 -1.1724137931 -2.0689655172
v -2.0000000000 -1.1724137931 -1.9310344828
v -2.0000000000 -1.1724137931 -1.7931034483
v -2.0000000000 -1.1724137931 -1.6551724138
v -2.0000000000 -1.1724137931 -1.5172413793
v -2.0000000000 -1.1724137931 -1.3793103448
v -2.0000000000 -1.1724137931 -1.2413793103
v -2.0000000000 -1.1724137931 -1.1034482759
v -2.0000000000 -1.1724137931 -0.9655172414
v -2.0000000000 -1.1724137931 -0.8275862069
v -2.0000000000 -1.1724137931 -0.6896551724
v -2.0000000000 -1.1724137931 -0.5517241379
v -2.0000000000 -1.1724137931 -0.4137931034
v -2.0000000000 -1.1724137931 -0.2758620690
v -2.0000000000 -1.1724137931 -0.1379310345
v -2.0000000000 -1.1724137931 0.0000000000
v -2.0000000000 -1.0344827586 -4.0000000000
v -2.0000000000 -1.0344827586 -3.8620689655
v -2.0000000000 -1.0344827586 -3.7241379310
v -2.0000000000 -1.0344827586 -3.5862068966
v -2.0000000000 -1.0344827586 -3.4482758621
v -2.0000000000 -1.0344827586 -3.3103448276
v -2.0000000000 -1.0344827586 -3.1724137931
v -2.0000000000 -1.0344827586 -3.0344827586
v -2.0000000000 -1.0344827586 -2.8965517241
v -2.0000000000 -1.0344827586 -2.7586206897
v -2.0000000000 -1.0344827586 -2.6206896552
v -2.0000000000 -1.0344827586 -2.4827586207
v -2.0000000000 -1.0344827586 -2.3448275862
v -2.0000000000 -1.0344827586 -2.2068965517
v -2.0000000000 -1.0344827586 -2.0689655172
v -2.0000000000 -1.0344827586 -1.9310344828
v -2.0000000000 -1.0344827586 -1.7931034483
v -2.0000000000 -1.0344827586 -1.6551724138
v -2.0000000000 -1.0344827586 -1.5172413793
v -2.0000000000 -1.0344827586 -1.3793103448
v -2.0000000000 -1.0344827586 -1.2413793103
v -2.0000000000 -1.0344827586 -1.1034482759
v -2.0000000000 -1.0344827586 -0.9655172414
v -2.0000000000 -1.0344827586 -0.8275862069
v -2.0000000000 -1.0344827586 -0.6896551724
v -2.0000000000 -1.0344827586 -0.5517241379
v -2.0000000000 -1.0344827586 -0.4137931034
v -2.0000000000 -1.0344827586 -0.2758620690
v -2.0000000000 -1.0344827586 -0.1379310345
v -2.0000000000 -1.0344827586 0.0000000000
v -2.0000000000 -0.8965517241 -4.0000000000
v -2.0000000000 -0.8965517241 -3.8620689655
v -2.0000000000 -0.8965517241 -3.7241379310
v -2.0000000000 -0.8965517241 -3.5862068966
v -2.0000000000 -0.8965517241 -3.4482758621
v -2.0000000000 -0.8965517241 -3.3103448276
v -2.0000000000 -0.8965517241 -3.1724137931
v -2.0000000000 -0.8965517241 -3.0344827586
v -2.0000000000 -0.8965517241 -2.8965517241
v -2.0000000000 -0.8965517241 -2.7586206897
v -2.0000000000 -0.8965517241 -2.6206896552
v -2.0000000000 -0.8965517241 -2.4827586207
v -2.0000000000 -0.8965517241 -2.3448275862
v -2.0000000000 -0.8965517241 -2.2068965517
v -2.0000000000 -0.8965517241 -2.0689655172
v -2.0000000000 -0.8965517241 -1.9310344828
v -2.0000000000 -0.8965517241 -1.7931034483
v -2.0000000000 -0.8965517241 -1.6551724138
v -2.0000000000 -0.8965517241 -1.5172413793
v -2.0000000000 -0.8965517241 -1.3793103448
v -2.0000000000 -0.8965517241 -1.2413793103
v -2.0000000000 -0.8965517241 -1.1034482759
v -2.0000000000 -0.8965517241 -0.9655172414
v -2.0000000000 -0.8965517241 -0.8275862069
v -2.0000000000 -0.8965517241 -0.6896551724
v -2.0000000000 -0.8965517241 -0.5517241379
v -2.0000000000 -0.8965517241 -0.4137931034
v -2.0000000000 -0.8965517241 -0.2758620690
v -2.0000000000 -0.8965517241 -0.1379310345
v -2.0000000000 -0.8965517241 0.0000000000
v -2.0000000000 -0.7586206897 -4.0000000000
v -2.0000000000 -0.7586206897 -3.8620689655
v -2.0000000000 -0.7586206897 -3.7241379310
v -2.0000000000 -0.7586206897 -3.5862068966
v -2.0000000000 -0.7586206897 -3.4482758621
v -2.0000000000 -0.7586206897 -3.3103448276
v -2.0000000000 -0.7586206897 -3.1724137931
v -2.0000000000 -0.7586206897 -3.0344827586
v -2.0000000000 -0.7586206897 -2.8965517241
v -2.0000000000 -0.7586206897 -2.7586206897
v -2.0000000000 -0.7586206897 -2.6206896552
v -2.0000000000 -0.7586206897 -2.4827586207
v -2.0000000000 -0.7586206897 -2.3448275862
v -2.0000000000 -0.7586206897 -2.2068965517
v -2.0000000000 -0.7586206897 -2.0689655172
v -2.0000000000 -0.7586206897 -1.9310344828
v -2.0000000000 -0.7586206897 -1.7931034483
v -2.0000000000 -0.7586206897 -1.6551724138
v -2.0000000000 -0.7586206897 -1.5172413793
v -2.0000000000 -0.7586206897 -1.3793103448
v -2.0000000000 -0.7586206897 -1.2413793103
v -2.0000000000 -0.7586206897 -1.1034482759
v -2.0000000000 -0.7586206897 -0.9655172414
v -2.0000000000 -0.7586206897 -0.8275862069
v -2.0000000000 -0.7586206897 -0.6896551724
v -2.0000000000 -0.7586206897 -0.5517241379
v -2.0000000000 -0.7586206897 -0.4137931034
v -2.0000000000 -0.7586206897 -0.2758620690
v -2.0000000000 -0.7586206897 -0.1379310345
v -2.0000000000 -0.7586206897 0.0000000000
v -2.0000000000 -0.6206896552 -4.0000000000
v -2.0000000000 -0.6206896552 -3.8620689655
v -2.0000000000 -0.6206896552 -3.7241379310
v -2.0000000000 -0.6206896552 -3.5862068966
v -2.0000000000 -0.6206896552 -3.4482758621
v -2.0000000000 -0.6206896552 -3.3103448276
v -2.0000000000 -0.6206896552 -3.1724137931
v -2.0000000000 -0.6206896552 -3.0344827586
v -2.0000000000 -0.6206896552 -2.8965517241
v -2.0000000000 -0.6206896552 -2.7586206897
v -2.0000000000 -0.6206896552 -2.6206896552
v -2.0000000000 -0.6206896552 -2.4827586207
v -2.0000000000 -0.6206896552 -2.3448275862
v -2.0000000000 -0.6206896552 -2.2068965517
v -2.0000000000 -0.6206896552 -2.0689655172
v -2.0000000000 -0.6206896552 -1.9310344828
v -2.0000000000 -0.6206896552 -1.7931034483
v -2.0000000000 -0.6206896552 -1.6551724138
v -2.0000000000 -0.6206896552 -1.5172413793
v -2.0000000000 -0.6206896552 -1.3793103448
v -2.0000000000 -0.6206896552 -1.2413793103
v -2.0000000000 -0.6206896552 -1.1034482759
v -2.0000000000 -0.6206896552 -0.9655172414
v -2.0000000000 -0.6206896552 -0.8275862069
v -2.0000000000 -0.6206896552 -0.6896551724
v -2.0000000000 -0.6206896552 -0.5517241379
v -2.0000000000 -0.6206896552 -0.4137931034
v -2.0000000000 -0.6206896552 -0.2758620690
v -2.0000000000 -0.6206896552 -0.1379310345
v -2.0000000000 -0.6206896552 0.0000000000
v -2.0000000000 -0.4827586207 -4.0000000000
v -2.0000000000 -0.4827586207 -3.8620689655
v -2.0000000000 -0.4827586207 -3.7241379310
v -2.0000000000 -0.4827586207 -3.5862068966
v -2.0000000000 -0.4827586207 -3.4482758621
v -2.0000000000 -0.4827586207 -3.3103448276
v -2.0000000000 -0.4827586207 -3.1724137931
v -2.0000000000 -0.4827586207 -3.0344827586
v -2.0000000000 -0.4827586207 -2.8965517241
v -2.0000000000 -0.4827586207 -2.7586206897
v -2.0000000000 -0.4827586207 -2.6206896552
v -2.0000000000 -0.4827586207 -2.4827586207
v -2.0000000000 -0.4827586207 -2.3448275862
v -2.0000000000 -0.4827586207 -2.2068965517
v -2.0000000000 -0.4827586207 -2.0689655172
v -2.0000000000 -0.4827586207 -1.9310344828
v -2.0000000000 -0.4827586207 -1.7931034483
v -2.0000000000 -0.4827586207 -1.6551724138
v -2.0000000000 -0.4827586207 -1.5172413793
v -2.0000000000 -0.4827586207 -1.3793103448
v -2.0000000000 -0.4827586207 -1.2413793103
v -2.0000000000 -0.4827586207 -1.1034482759
v -2.0000000000 -0.4827586207 -0.9655172414
v -2.0000000000 -0.4827586207 -0.8275862069
v -2.0000000000 -0.4827586207 -0.6896551724
v -2.0000000000 -0.4827586207 -0.5517241379
v -2.0000000000 -0.4827586207 -0.4137931034
v -2.0000000000 -0.4827586207 -0.2758620690
v -2.0000000000 -0.4827586207 -0.1379310345
v -2.0000000000 -0.4827586207 0.0000000000
v -2.0000000000 -0.3448275862 -4.0000000000
v -2.0000000000 -0.3448275862 -3.8620689655
v -2.0000000000 -0.3448275862 -3.7241379310
v -2.0000000000 -0.3448275862 -3.5862068966
v -2.0000000000 -0.3448275862 -3.4482758621
v -2.0000000000 -0.3448275862 -3.3103448276
v -2.0000000000 -0.3448275862 -3.1724137931
v -2.0000000000 -0.3448275862 -3.0344827586
v -2.0000000000 -0.3448275862 -2.8965517241
v -2.0000000000 -0.3448275862 -2.7586206897
v -2.0000000000 -0.3448275862 -2.6206896552
v -2.0000000000 -0.3448275862 -2.4827586207
v -2.0000000000 -0.3448275862 -2.3448275862
v -2.0000000000 -0.3448275862 -2.2068965517
v -2.0000000000 -0.3448275862 -2.0689655172
v -2.0000000000 -0.3448275862 -1.9310344828
v -2.0000000000 -0.3448275862 -1.7931034483
v -2.0000000000 -0.3448275862 -1.6551724138
v -2.0000000000 -0.3448275862 -1.5172413793
v -2.0000000000 -0.3448275862 -1.3793103448
v -2.0000000000 -0.3448275862 -1.2413793103
v -2.0000000000 -0.3448275862 -1.1034482759
v -2.0000000000 -0.3448275862 -0.9655172414
v -2.0000000000 -0.3448275862 -0.8275862069
v -2.0000000000 -0.3448275862 -0.6896551724
v -2.0000000000 -0.3448275862 -0.5517241379
v -2.0000000000 -0.3448275862 -0.4137931034
v -2.0000000000 -0.3448275862 -0.2758620690
v -2.0000000000 -0.3448275862 -0.1379310345
v -2.0000000000 -0.3448275862 0.0000000000
v -2.0000000000 -0.2068965517 -4.0000000000
v -2.0000000000 -0.2068965517 -3.8620689655
v -2.0000000000 -0.2068965517 -3.7241379310
v -2.0000000000 -0.2068965517 -3.5862068966
v -2.0000000000 -0.2068965517 -3.4482758621
v -2.0000000000 -0.2068965517 -3.3103448276
v -2.0000000000 -0.2068965517 -3.1724137931
v -2.0000000000 -0.2068965517 -3.0344827586
v -2.0000000000 -0.2068965517 -2.8965517241
v -2.0000000000 -0.2068965517 -2.7586206897
v -2.0000000000 -0.2068965517 -2.6206896552
v -2.0000000000 -0.2068965517 -2.4827586207
v -2.0000000000 -0.2068965517 -2.3448275862
v -2.0000000000 -0.2068965517 -2.2068965517
v -2.0000000000 -0.2068965517 -2.0689655172
v -2.0000000000 -0.2068965517 -1.9310344828
v -2.0000000000 -0.2068965517 -1.7931034483
v -2.0000000000 -0.2068965517 -1.6551724138
v -2.0000000000 -0.2068965517 -1.5172413793
v -2.0000000000 -0.2068965517 -1.3793103448
v -2.0000000000 -0.2068965517 -1.2413793103
v -2.0000000000 -0.2068965517 -1.1034482759
v -2.0000000000 -0.2068965517 -0.9655172414
v -2.0000000000 -0.2068965517 -0.8275862069
v -2.0000000000 -0.2068965517 -0.6896551724
v -2.0000000000 -0.2068965517 -0.5517241379
v -2.0000000000 -0.2068965517 -0.4137931034
v -2.0000000000 -0.2068965517 -0.2758620690
v -2.0000000000 -0.2068965517 -0.1379310345
v -2.0000000000 -0.2068965517 0.0000000000
v -2.0000000000 -0.0689655172 -4.0000000000
v -2.0000000000 -0.0689655172 -3.8620689655
v -2.0000000000 -0.0689655172 -3.7241379310
v -2.0000000000 -0.0689655172 -3.5862068966
v -2.0000000000 -0.0689655172 -3.4482758621
v -2.0000000000 -0.0689655172 -3.3103448276
v -2.0000000000 -0.0689655172 -3.1724137931
v -2.0000000000 -0.0689655172 -3.0344827586
v -2.0000000000 -0.0689655172 -2.8965517241
v -2.0000000000 -0.0689655172 -2.7586206897
v -2.0000000000 -0.0689655172 -2.6206896552
v -2.0000000000 -0.0689655172 -2.4827586207
v -2.0000000000 -0.0689655172 -2.3448275862
v -2.0000000000 -0.0689655172 -2.2068965517
v -2.0000000000 -0.0689655172 -2.0689655172
v -2.0000000000 -0.0689655172 -1.9310344828
v -2.0000000000 -0.0689655172 -1.7931034483
v -2.0000000000 -0.0689655172 -1.6551724138
v -2.0000000000 -0.0689655172 -1.5172413793
v -2.0000000000 -0.0689655172 -1.3793103448
v -2.0000000000 -0.0689655172 -1.2413793103
v -2.0000000000 -0.0689655172 -1.1034482759
v -2.0000000000 -0.0689655172 -0.9655172414
v -2.0000000000 -0.0689655172 -0.8275862069
v -2.0000000000 -0.0689655172 -0.6896551724
v -2.0000000000 -0.0689655172 -0.5517241379
v -2.0000000000 -0.0689655172 -0.4137931034
v -2.0000000000 -0.0689655172 -0.2758620690
v -2.0000000000 -0.0689655172 -0.1379310345
v -2.0000000000 -0.0689655172 0.0000000000
v -2.0000000000 0.0689655172 -4.0000000000
v -2.0000000000 0.0689655172 -3.8620689655
v -2.0000000000 0.0689655172 -3.7241379310
v -2.0000000000 0.0689655172 -3.5862068966
v -2.0000000000 0.0689655172 -3.4482758621
v -2.0000000000 0.0689655172 -3.3103448276
v -2.0000000000 0.0689655172 -3.1724137931
v -2.0000000000 0.0689655172 -3.0344827586
v -2.0000000000 0.0689655172 -2.8965517241
v -2.0000000000 0.0689655172 -2.7586206897
v -2.0000000000 0.0689655172 -2.6206896552
v -2.0000000000 0.0689655172 -2.4827586207
v -2.0000000000 0.0689655172 -2.3448275862
v -2.0000000000 0.0689655172 -2.2068965517
v -2.0000000000 0.0689655172 -2.0689655172
v -2.0000000000 0.0689655172 -1.9310344828
v -2.0000000000 0.0689655172 -1.7931034483
v -2.0000000000 0.0689655172 -1.6551724138
v -2.0000000000 0.0689655172 -1.5172413793
v -2.0000000000 0.0689655172 -1.3793103448
v -2.0000000000 0.0689655172 -1.2413793103
v -2.0000000000 0.0689655172 -1.1034482759
v -2.0000000000 0.0689655172 -0.9655172414
v -2.0000000000 0.0689655172 -0.8275862069
v -2.0000000000 0.0689655172 -0.6896551724
v -2.0000000000 0.0689655172 -0.5517241379
v -2.0000000000 0.0689655172 -0.4137931034
v -2.0000000000 0.0689655172 -0.2758620690
v -2.0000000000 0.0689655172 -0.1379310345
v -2.0000000000 0.0689655172 0.0000000000
v -2.0000000000 0.2068965517 -4.0000000000
v -2.0000000000 0.2068965517 -3.8620689655
v -2.0000000000 0.2068965517 -3.7241379310
v -2.0000000000 0.2068965517 -3.5862068966
v -2.0000000000 0.2068965517 -3.4482758621
v -2.0000000000 0.2068965517 -3.3103448276
v -2.0000000000 0.2068965517 -3.1724137931
v -2.0000000000 0.2068965517 -3.0344827586
v -2.0000000000 0.2068965517 -2.8965517241
v -2.0000000000 0.2068965517 -2.7586206897
v -2.0000000000 0.2068965517 -2.6206896552
v -2.0000000000 0.2068965517 -2.4827586207
v -2.0000000000 0.2068965517 -2.3448275862
v -2.0000000000 0.2068965517 -2.2068965517
v -2.0000000000 0.2068965517 -2.0689655172
v -2.0000000000 0.2068965517 -1.9310344828
v -2.0000000000 0.2068965517 -1.7931034483
v -2.0000000000 0.2068965517 -1.6551724138
v -2.0000000000 0.2068965517 -1.5172413793
v -2.0000000000 0.2068965517 -1.3793103448
v -2.0000000000 0.2068965517 -1.2413793103
v -2.0000000000 0.2068965517 -1.1034482759
v -2.0000000000 0.2068965517 -0.9655172414
v -2.0000000000 0.2068965517 -0.8275862069
v -2.0000000000 0.2068965517 -0.6896551724
v -2.0000000000 0.2068965517 -0.5517241379
v -2.0000000000 0.2068965517 -0.4137931034
v -2.0000000000 0.2068965517 -0.2758620690
v -2.0000000000 0.2068965517 -0.1379310345
v -2.0000000000 0.2068965517 0.0000000000
v -2.0000000000 0.3448275862 -4.0000000000
v -2.0000000000 0.3448275862 -3.8620689655
v -2.0000000000 0.3448275862 -3.7241379310
v -2.0000000000 0.3448275862 -3.5862068966
v -2.0000000000 0.3448275862 -3.4482758621
v -2.0000000000 0.3448275862 -3.3103448276
v -2.0000000000 0.3448275862 -3.1724137931
v -2.0000000000 0.3448275862 -3.0344827586
v -2.0000000000 0.3448275862 -2.8965517241
v -2.0000000000 0.3448275862 -2.7586206897
v -2.0000000000 0.3448275862 -2.6206896552
v -2.0000000000 0.3448275862 -2.4827586207
v -2.0000000000 0.3448275862 -2.3448275862
v -2.0000000000 0.3448275862 -2.2068965517
v -2.0000000000 0.3448275862 -2.0689655172
v -2.0000000000 0.3448275862 -1.9310344828
v -2.0000000000 0.3448275862 -1.7931034483
v -2.0000000000 0.3448275862 -1.6551724138
v -2.0000000000 0.3448275862 -1.5172413793
v -2.0000000000 0.3448275862 -1.3793103448
v -2.0000000000 0.3448275862 -1.2413793103
v -2.0000000000 0.3448275862 -1.1034482759
v -2.0000000000 0.3448275862 -0.9655172414
v -2.0000000000 0.3448275862 -0.8275862069
v -2.0000000000 0.3448275862 -0.6896551724
v -2.0000000000 0.3448275862 -0.5517241379
v -2.0000000000 0.3448275862 -0.4137931034
v -2.0000000000 0.3448275862 -0.2758620690
v -2.0000000000 0.3448275862 -0.1379310345
v -2.0000000000 0.3448275862 0.0000000000
v -2.0000000000 0.4827586207 -4.0000000000
v -2.0000000000 0.4827586207 -3.8620689655
v -2.0000000000 0.4827586207 -3.7241379310
v -2.0000000000 0.4827586207 -3.5862068966
v -2.0000000000 0.4827586207 -3.4482758621
v -2.0000000000 0.4827586207 -3.3103448276
v -2.0000000000 0.4827586207 -3.1724137931
v -2.0000000000 0.4827586207 -3.0344827586
v -2.0000000000 0.4827586207 -2.8965517241
v -2.0000000000 0.4827586207 -2.7586206897
v -2.0000000000 0.4827586207 -2.6206896552
v -2.0000000000 0.4827586207 -2.4827586207
v -2.0000000000 0.4827586207 -2.3448275862
v -2.0000000000 0.4827586207 -2.2068965517
v -2.0000000000 0.4827586207 -2.0689655172
v -2.0000000000 0.4827586207 -1.9310344828
v -2.0000000000 0.4827586207 -1.7931034483
v -2.0000000000 0.4827586207 -1.6551724138
v -2.0000000000 0.4827586207 -1.5172413793
v -2.0000000000 0.4827586207 -1.3793103448
v -2.0000000000 0.4827586207 -1.2413793103
v -2.0000000000 0.4827586207 -1.1034482759
v -2.0000000000 0.4827586207 -0.9655172414
v -2.0000000000 0.4827586207 -0.8275862069
v -2.0000000000 0.4827586207 -0.6896551724
v -2.0000000000 0.4827586207 -0.5517241379
v -2.0000000000 0.4827586207 -0.4137931034
v -2.0000000000 0.4827586207 -0.2758620690
v -2.0000000000 0.4827586207 -0.1379310345
v -2.0000000000 0.4827586207 0.0000000000
v -2.0000000000 0.6206896552 -4.0000000000
v -2.0000000000 0.6206896552 -3.8620689655
v -2.0000000000 0.6206896552 -3.7241379310
v -2.0000000000 0.6206896552 -3.5862068966
v -2.0000000000 0.6206896552 -3.4482758621
v -2.0000000000 0.6206896552 -3.3103448276
v -2.0000000000 0.6206896552 -3.1724137931
v -2.0000000000 0.6206896552 -3.0344827586
v -2.0000000000 0.6206896552 -2.8965517241
v -2.0000000000 0.6206896552 -2.7586206897
v -2.0000000000 0.6206896552 -2.6206896552
v -2.0000000000 0.6206896552 -2.4827586207
v -2.0000000000 0.6206896552 -2.3448275862
v -2.0000000000 0.6206896552 -2.2068965517
v -2.0000000000 0.6206896552 -2.0689655172
v -2.0000000000 0.6206896552 -1.9310344828
v -2.0000000000 0.6206896552 -1.7931034483
v -2.0000000000 0.6206896552 -1.6551724138
v -2.0000000000 0.6206896552 -1.5172413793
v -2.0000000000 0.6206896552 -1.3793103448
v -2.0000000000 0.6206896552 -1.2413793103
v -2.0000000000 0.6206896552 -1.1034482759
v -2.0000000000 0.6206896552 -0.9655172414
v -2.0000000000 0.6206896552 -0.8275862069
v -2.0000000000 0.6206896552 -0.6896551724
v -2.0000000000 0.6206896552 -0.5517241379
v -2.0000000000 0.6206896552 -0.4137931034
v -2.0000000000 0.6206896552 -0.2758620690
v -2.0000000000 0.6206896552 -0.1379310345
v -2.0000000000 0.6206896552 0.0000000000
v -2.0000000000 0.7586206897 -4.0000000000
v -2.0000000000 0.7586206897 -3.8620689655
v -2.0000000000 0.7586206897 -3.7241379310
v -2.0000000000 0.7586206897 -3.5862068966
v -2.0000000000 0.7586206897 -3.4482758621
v -2.0000000000 0.7586206897 -3.3103448276
v -2.0000000000 0.7586206897 -3.1724137931
v -2.0000000000 0.7586206897 -3.0344827586
v -2.0000000000 0.7586206897 -2.8965517241
v -2.0000000000 0.7586206897 -2.7586206897
v -2.0000000000 0.7586206897 -2.6206896552
v -2.0000000000 0.7586206897 -2.4827586207
v -2.0000000000 0.7586206897 -2.3448275862
v -2.0000000000 0.7586206897 -2.2068965517
v -2.0000000000 0.7586206897 -2.0689655172
v -2.0000000000 0.7586206897 -1.9310344828
v -2.0000000000 0.7586206897 -1.7931034483
v -2.0000000000 0.7586206897 -1.6551724138
v -2.0000000000 0.7586206897 -1.5172413793
v -2.0000000000 0.7586206897 -1.3793103448
v -2.0000000000 0.7586206897 -1.2413793103
v -2.0000000000 0.7586206897 -1.1034482759
v -2.0000000000 0.7586206897 -0.9655172414
v -2.0000000000 0.7586206897 -0.8275862069
v -2.0000000000 0.7586206897 -0.6896551724
v -2.0000000000 0.7586206897 -0.5517241379
v -2.0000000000 0.7586206897 -0.4137931034
v -2.0000000000 0.7586206897 -0.2758620690
v -2.0000000000 0.7586206897 -0.1379310345
v -2.0000000000 0.7586206897 0.0000000000
v -2.0000000000 0.8965517241 -4.0000000000
v -2.0000000000 0.8965517241 -3.8620689655
v -2.0000000000 0.8965517241 -3.7241379310
v -2.0000000000 0.8965517241 -3.5862068966
v -2.0000000000 0.8965517241 -3.4482758621
v -2.0000000000 0.8965517241 -3.3103448276
v -2.0000000000 0.8965517241 -3.1724137931
v -2.0000000000 0.8965517241 -3.0344827586
v -2.0000000000 0.8965517241 -2.8965517241
v -2.0000000000 0.8965517241 -2.7586206897
v -2.0000000000 0.8965517241 -2.6206896552
v -2.0000000000 0.8965517241 -2.4827586207
v -2.0000000000 0.8965517241 -2.3448275862
v -2.0000000000 0.8965517241 -2.2068965517
v -2.0000000000 0.8965517241 -2.0689655172
v -2.0000000000 0.8965517241 -1.9310344828
v -2.0000000000 0.8965517241 -1.7931034483
v -2.0000000000 0.8965517241 -1.6551724138
v -2.0000000000 0.8965517241 -1.5172413793
v -2.0000000000 0.8965517241 -1.3793103448
v -2.0000000000 0.8965517241 -1.2413793103
v -2.0000000000 0.8965517241 -1.1034482759
v -2.0000000000 0.8965517241 -0.9655172414
v -2.0000000000 0.8965517241 -0.8275862069
v -2.0000000000 0.8965517241 -0.6896551724
v -2.0000000000 0.8965517241 -0.5517241379
v -2.0000000000 0.8965517241 -0.4137931034
v -2.0000000000 0.8965517241 -0.2758620690
v -2.0000000000 0.8965517241 -0.1379310345
v -2.0000000000 0.8965517241 0.0000000000
v -2.0000000000 1.0344827586 -4.0000000000
v -2.0000000000 1.0344827586 -3.8620689655
v -2.0000000000 1.0344827586 -3.7241379310
v -2.0000000000 1.0344827586 -3.5862068966
v -2.0000000000 1.0344827586 -3.4482758621
v -2.0000000000 1.0344827586 -3.3103448276
v -2.0000000000 1.0344827586 -3.1724137931
v -2.0000000000 1.0344827586 -3.0344827586
v -2.0000000000 1.0344827586 -2.8965517241
v -2.0000000000 1.0344827586 -2.7586206897
v -2.0000000000 1.0344827586 -2.6206896552
v -2.0000000000 1.0344827586 -2.4827586207
v -2.0000000000 1.0344827586 -2.3448275862
v -2.0000000000 1.0344827586 -2.2068965517
v -2.0000000000 1.0344827586 -2.0689655172
v -2.0000000000 1.0344827586 -1.9310344828
v -2.0000000000 1.0344827586 -1.7931034483
v -2.0000000000 1.0344827586 -1.6551724138
v -2.0000000000 1.0344827586 -1.5172413793
v -2.0000000000 1.0344827586 -1.3793103448
v -2.0000000000 1.0344827586 -1.2413793103
v -2.0000000000 1.0344827586 -1.1034482759
v -2.0000000000 1.0344827586 -0.9655172414
v -2.0000000000 1.0344827586 -0.8275862069
v -2.0000000000 1.0344827586 -0.6896551724
v -2.0000000000 1.0344827586 -0.5517241379
v -2.0000000000 1.0344827586 -0.4137931034
v -2.0000000000 1.0344827586 -0.2758620690
v -2.0000000000 1.0344827586 -0.1379310345
v -2.0000000000 1.0344827586 0.0000000000
v -2.0000000000 1.1724137931 -4.0000000000
v -2.0000000000 1.1724137931 -3.8620689655
v -2.0000000000 1.1724137931 -3.7241379310
v -2.0000000000 1.1724137931 -3.5862068966
v -2.0000000000 1.1724137931 -3.4482758621
v -2.0000000000 1.1724137931 -3.3103448276
v -2.0000000000 1.1724137931 -3.1724137931
v -2.0000000000 1.1724137931 -3.0344827586
v -2.0000000000 1.1724137931 -2.8965517241
v -2.0000000000 1.1724137931 -2.7586206897
v -2.0000000000 1.1724137931 -2.6206896552
v -2.0000000000 1.1724137931 -2.4827586207
v -2.0000000000 1.1724137931 -2.3448275862
v -2.0000000000 1.1724137931 -2.2068965517
v -2.0000000000 1.1724137931 -2.0689655172
v -2.0000000000 1.1724137931 -1.9310344828
v -2.0000000000 1.1724137931 -1.7931034483
v -2.0000000000 1.1724137931 -1.6551724138
v -2.0000000000 1.1724137931 -1.5172413793
v -2.0000000000 1.1724137931 -1.3793103448
v -2.0000000000 1.1724137931 -1.2413793103
v -2.0000000000 1.1724137931 -1.1034482759
v -2.0000000000 1.1724137931 -0.9655172414
v -2.0000000000 1.1724137931 -0.8275862069
v -2.0000000000 1.1724137931 -0.6896551724
v -2.0000000000 1.1724137931 -0.5517241379
v -2.0000000000 1.1724137931 -0.4137931034
v -2.0000000000 1.1724137931 -0.2758620690
v -2.0000000000 1.1724137931 -0.1379310345
v -2.0000000000 1.1724137931 0.0000000000
v -2.0000000000 1.3103448276 -4.0000000000
v -2.0000000000 1.3103448276 -3.8620689655
v -2.0000000000 1.3103448276 -3.7241379310
v -2.0000000000 1.3103448276 -3.5862068966
v -2.0000000000 1.3103448276 -3.4482758621
v -2.0000000000 1.3103448276 -3.3103448276
v -2.0000000000 1.3103448276 -3.1724137931
v -2.0000000000 1.3103448276 -3.0344827586
v -2.0000000000 1.3103448276 -2.8965517241
v -2.0000000000 1.3103448276 -2.7586206897
v -2.0000000000 1.3103448276 -2.6206896552
v -2.0000000000 1.3103448276 -2.4827586207
v -2.0000000000 1.3103448276 -2.3448275862
v -2.0000000000 1.3103448276 -2.2068965517
v -2.0000000000 1.3103448276 -2.0689655172
v -2.0000000000 1.3103448276 -1.9310344828
v -2.0000000000 1.3103448276 -1.7931034483
v -2.0000000000 1.3103448276 -1.6551724138
v -2.0000000000 1.3103448276 -1.5172413793
v -2.0000000000 1.3103448276 -1.3793103448
v -2.0000000000 1.3103448276 -1.2413793103
v -2.0000000000 1.3103448276 -1.1034482759
v -2.0000000000 1.3103448276 -0.9655172414
v -2.0000000000 1.3103448276 -0.8275862069
v -2.0000000000 1.3103448276 -0.6896551724
v -2.0000000000 1.3103448276 -0.5517241379
v -2.0000000000 1.3103448276 -0.4137931034
v -2.0000000000 1.3103448276 -0.2758620690
v -2.0000000000 1.3103448276 -0.1379310345
v -2.0000000000 1.3103448276 0.0000000000
v -2.0000000000 1.4482758621 -4.0000000000
v -2.0000000000 1.4482758621 -3.8620689655
v -2.0000000000 1.4482758621 -3.7241379310
v -2.0000000000 1.4482758621 -3.5862068966
v -2.0000000000 1.4482758621 -3.4482758621
v -2.0000000000 1.4482758621 -3.3103448276
v -2.0000000000 1.4482758621 -3.1724137931
v -2.0000000000 1.4482758621 -3.0344827586
v -2.0000000000 1.4482758621 -2.8965517241
v -2.0000000000 1.4482758621 -2.7586206897
v -2.0000000000 1.4482758621 -2.6206896552
v -2.0000000000 1.4482758621 -2.4827586207
v -2.0000000000 1.4482758621 -2.3448275862
v -2.0000000000 1.4482758621 -2.2068965517
v -2.0000000000 1.4482758621 -2.0689655172
v -2.0000000000 1.4482758621 -1.9310344828
v -2.0000000000 1.4482758621 -1.7931034483
v -2.0000000000 1.4482758621 -1.6551724138
v -2.0000000000 1.4482758621 -1.5172413793
v -2.0000000000 1.4482758621 -1.3793103448
v -2.0000000000 1.4482758621 -1.2413793103
v -2.0000000000 1.4482758621 -1.1034482759
v -2.0000000000 1.4482758621 -0.9655172414
v -2.0000000000 1.4482758621 -0.8275862069
v -2.0000000000 1.4482758621 -0.6896551724
v -2.0000000000 1.4482758621 -0.5517241379
v -2.0000000000 1.4482758621 -0.4137931034
v -2.0000000000 1.4482758621 -0.2758620690
v -2.0000000000 1.4482758621 -0.1379310345
v -2.0000000000 1.4482758621 0.0000000000
v -2.0000000000 1.5862068966 -4.0000000000
v -2.0000000000 1.5862068966 -3.8620689655
v -2.0000000000 1.5862068966 -3.7241379310
v -2.0000000000 1.5862068966 -3.5862068966
v -2.0000000000 1.5862068966 -3.4482758621
v -2.0000000000 1.5862068966 -3.3103448276
v -2.0000000000 1.5862068966 -3.1724137931
v -2.0000000000 1.5862068966 -3.0344827586
v -2.0000000000 1.5862068966 -2.8965517241
v -2.0000000000 1.5862068966 -2.7586206897
v -2.0000000000 1.5862068966 -2.6206896552
v -2.0000000000 1.5862068966 -2.4827586207
v -2.0000000000 1.5862068966 -2.3448275862
v -2.0000000000 1.5862068966 -2.2068965517
v -2.0000000000 1.5862068966 -2.0689655172
v -2.0000000000 1.5862068966 -1.9310344828
v -2.0000000000 1.5862068966 -1.7931034483
v -2.0000000000 1.5862068966 -1.6551724138
v -2.0000000000 1.5862068966 -1.5172413793
v -2.0000000000 1.5862068966 -1.3793103448
v -2.0000000000 1.5862068966 -1.2413793103
v -2.0000000000 1.5862068966 -1.1034482759
v -2.0000000000 1.5862068966 -0.9655172414
v -2.0000000000 1.5862068966 -0.8275862069
v -2.0000000000 1.5862068966 -0.6896551724
v -2.0000000000 1.5862068966 -0.5517241379
v -2.0000000000 1.5862068966 -0.4137931034
v -2.0000000000 1.5862068966 -0.2758620690
v -2.0000000000 1.5862068966 -0.1379310345
v -2.0000000000 1.5862068966 0.0000000000
v -2.0000000000 1.7241379310 -4.0000000000
v -2.0000000000 1.7241379310 -3.8620689655
v -2.0000000000 1.7241379310 -3.7241379310
v -2.0000000000 1.7241379310 -3.5862068966
v -2.0000000000 1.7241379310 -3.4482758621
v -2.0000000000 1.7241379310 -3.3103448276
v -2.0000000000 1.7241379310 -3.1724137931
v -2.0000000000 1.7241379310 -3.0344827586
v -2.0000000000 1.7241379310 -2.8965517241
v -2.0000000000 1.7241379310 -2.7586206897
v -2.0000000000 1.7241379310 -2.6206896552
v -2.0000000000 1.7241379310 -2.4827586207
v -2.0000000000 1.7241379310 -2.3448275862
v -2.0000000000 1.7241379310 -2.2068965517
v -2.0000000000 1.7241379310 -2.0689655172
v -2.0000000000 1.7241379310 -1.9310344828
v -2.0000000000 1.7241379310 -1.7931034483
v -2.0000000000 1.7241379310 -1.6551724138
v -2.0000000000 1.7241379310 -1.5172413793
v -2.0000000000 1.7241379310 -1.3793103448
v -2.0000000000 1.7241379310 -1.2413793103
v -2.0000000000 1.7241379310 -1.1034482759
v -2.0000000000 1.7241379310 -0.9655172414
v -2.0000000000 1.7241379310 -0.8275862069
v -2.0000000000 1.7241379310 -0.6896551724
v -2.0000000000 1.7241379310 -0.5517241379
v -2.0000000000 1.7241379310 -0.4137931034
v -2.0000000000 1.7241379310 -0.2758620690
v -2.0000000000 1.7241379310 -0.1379310345
v -2.0000000000 1.7241379310 0.0000000000
v -2.0000000000 1.8620689655 -4.0000000000
v -2.0000000000 1.8620689655 -3.8620689655
v -2.0000000000 1.8620689655 -3.7241379310
v -2.0000000000 1.8620689655 -3.5862068966
v -2.0000000000 1.8620689655 -3.4482758621
v -2.0000000000 1.8620689655 -3.3103448276
v -2.0000000000 1.8620689655 -3.1724137931
v -2.0000000000 1.8620689655 -3.0344827586
v -2.0000000000 1.8620689655 -2.8965517241
v -2.0000000000 1.8620689655 -2.7586206897
v -2.0000000000 1.8620689655 -2.6206896552
v -2.0000000000 1.8620689655 -2.4827586207
v -2.0000000000 1.8620689655 -2.3448275862
v -2.0000000000 1.8620689655 -2.2068965517
v -2.0000000000 1.8620689655 -2.0689655172
v -2.0000000000 1.8620689655 -1.9310344828
v -2.0000000000 1.8620689655 -1.7931034483
v -2.0000000000 1.8620689655 -1.6551724138
v -2.0000000000 1.8620689655 -1.5172413793
v -2.0000000000 1.8620689655 -1.3793103448
v -2.0000000000 1.8620689655 -1.2413793103
v -2.0000000000 1.8620689655 -1.1034482759
v -2.0000000000 1.8620689655 -0.9655172414
v -2.0000000000 1.8620689655 -0.8275862069
v -2.0000000000 1.8620689655 -0.6896551724
v -2.0000000000 1.8620689655 -0.5517241379
v -2.0000000000 1.8620689655 -0.4137931034
v -2.0000000000 1.8620689655 -0.2758620690
v -2.0000000000 1.8620689655 -0.1379310345
v -2.0000000000 1.8620689655 0.0000000000
v -2.0000000000 2.0000000000 -4.0000000000
v -2.0000000000 2.0000000000 -3.8620689655
v -2.0000000000 2.0000000000 -3.7241379310
v -2.0000000000 2.0000000000 -3.5862068966
v -2.0000000000 2.0000000000 -3.4482758621
v -2.0000000000 2.0000000000 -3.3103448276
v -2.0000000000 2.0000000000 -3.1724137931
v -2.0000000000 2.0000000000 -3.0344827586
v -2.0000000000 2.0000000000 -2.8965517241
v -2.0000000000 2.0000000000 -2.7586206897
v -2.0000000000 2.0000000000 -2.6206896552
v -2.0000000000 2.0000000000 -2.4827586207
v -2.0000000000 2.0000000000 -2.3448275862
v -2.0000000000 2.0000000000 -2.2068965517
v -2.0000000000 2.0000000000 -2.0689655172
v -2.0000000000 2.0000000000 -1.9310344828
v -2.0000000000 2.0000000000 -1.7931034483
v -2.0000000000 2.0000000000 -1.6551724138
v -2.0000000000 2.0000000000 -1.5172413793
v -2.0000000000 2.0000000000 -1.3793103448
v -2.0000000000 2.0000000000 -1.2413793103
v -2.0000000000 2.0000000000 -1.1034482759
v -2.0000000000 2.0000000000 -0.9655172414
v -2.0000000000 2.0000000000 -0.8275862069
v -2.0000000000 2.0000000000 -0.6896551724
v -2.0000000000 2.0000000000 -0.5517241379
v -2.0000000000 2.0000000000 -0.4137931034
v -2.0000000000 2.0000000000 -0.2758620690
v -2.0000000000 2.0000000000 -0.1379310345
v -2.0000000000 2.0000000000 0.0000000000
v 2.0000000000 -2.0000000000 -4.0000000000
v 2.0000000000 -2.0000000000 -3.8620689655
v 2.0000000000 -2.0000000000 -3.7241379310
v 2.0000000000 -2.0000000000 -3.5862068966
v 2.0000000000 -2.0000000000 -3.4482758621
v 2.0000000000 -2.0000000000 -3.3103448276
v 2.0000000000 -2.0000000000 -3.1724137931
v 2.0000000000 -2.0000000000 -3.0344827586
v 2.0000000000 -2.0000000000 -2.8965517241
v 2.0000000000 -2.0000000000 -2.7586206897
v 2.0000000000 -2.0000000000 -2.6206896552
v 2.0000000000 -2.0000000000 -2.4827586207
v 2.0000000000 -2.0000000000 -2.3448275862
v 2.0000000000 -2.0000000000 -2.2068965517
v 2.0000000000 -2.0000000000 -2.0689655172
v 2.0000000000 -2.0000000000 -1.9310344828
v 2.0000000000 -2.0000000000 -1.7931034483
v 2.0000000000 -2.0000000000 -1.6551724138
v 2.0000000000 -2.0000000000 -1.5172413793
v 2.0000000000 -2.0000000000 -1.3793103448
v 2.0000000000 -2.0000000000 -1.2413793103
v 2.0000000000 -2.0000000000 -1.1034482759
v 2.0000000000 -2.0000000000 -0.9655172414
v 2.0000000000 -2.0000000000 -0.8275862069
v 2.0000000000 -2.0000000000 -0.6896551724
v 2.0000000000 -2.0000000000 -0.5517241379
v 2.0000000000 -2.0000000000 -0.4137931034
v 2.0000000000 -2.0000000000 -0.2758620690
v 2.0000000000 -2.0000000000 -0.1379310345
v 2.0000000000 -2.0000000000 0.0000000000
v 2.0000000000 -1.8620689655 -4.0000000000
v 2.0000000000 -1.8620689655 -3.8620689655
v 2.0000000000 -1.8620689655 -3.7241379310
v 2.0000000000 -1.8620689655 -3.5862068966
v 2.0000000000 -1.8620689655 -3.4482758621
v 2.0000000000 -1.8620689655 -3.3103448276
v 2.0000000000 -1.8620689655 -3.1724137931
v 2.0000000000 -1.8620689655 -3.0344827586
v 2.0000000000 -1.8620689655 -2.8965517241
v 2.0000000000 -1.8620689655 -2.7586206897
v 2.0000000000 -1.8620689655 -2.6206896552
v 2.0000000000 -1.8620689655 -2.4827586207
v 2.0000000000 -1.8620689655 -2.3448275862
v 2.0000000000 -1.8620689655 -2.2068965517
v 2.0000000000 -1.8620689655 -2.0689655172
v 2.0000000000 -1.8620689655 -1.9310344828
v 2.0000000000 -1.8620689655 -1.7931034483
v 2.0000000000 -1.8620689655 -1.6551724138
v 2.0000000000 -1.8620689655 -1.5172413793
v 2.0000000000 -1.8620689655 -1.3793103448
v 2.0000000000 -1.8620689655 -1.2413793103
v 2.0000000000 -1.8620689655 -1.1034482759
v 2.0000000000 -1.8620689655 -0.9655172414
v 2.0000000000 -1.8620689655 -0.8275862069
v 2.0000000000 -1.8620689655 -0.6896551724
v 2.0000000000 -1.8620689655 -0.5517241379
v 2.0000000000 -1.8620689655 -0.4137931034
v 2.0000000000 -1.8620689655 -0.2758620690
v 2.0000000000 -1.8620689655 -0.1379310345
v 2.0000000000 -1.8620689655 0.0000000000
v 2.0000000000 -1.7241379310 -4.0000000000
v 2.0000000000 -1.7241379310 -3.8620689655
v 2.0000000000 -1.7241379310 -3.7241379310
v 2.0000000000 -1.7241379310 -3.5862068966
v 2.0000000000 -1.7241379310 -3.4482758621
v 2.0000000000 -1.7241379310 -3.3103448276
v 2.0000000000 -1.7241379310 -3.1724137931
v 2.0000000000 -1.7241379310 -3.0344827586
v 2.0000000000 -1.7241379310 -2.8965517241
v 2.0000000000 -1.7241379310 -2.7586206897
v 2.0000000000 -1.7241379310 -2.6206896552
v 2.0000000000 -1.7241379310 -2.4827586207
v 2.0000000000 -1.7241379310 -2.3448275862
v 2.0000000000 -1.7241379310 -2.2068965517
v 2.0000000000 -1.7241379310 -2.0689655172
v 2.0000000000 -1.7241379310 -1.9310344828
v 2.0000000000 -1.7241379310 -1.7931034483
v 2.0000000000 -1.7241379310 -1.6551724138
v 2.0000000000 -1.7241379310 -1.5172413793
v 2.0000000000 -1.7241379310 -1.3793103448
v 2.0000000000 -1.7241379310 -1.2413793103
v 2.0000000000 -1.7241379310 -1.1034482759
v 2.0000000000 -1.7241379310 -0.9655172414
v 2.0000000000 -1.7241379310 -0.8275862069
v 2.0000000000 -1.7241379310 -0.6896551724
v 2.0000000000 -1.7241379310 -0.5517241379
v 2.0000000000 -1.7241379310 -0.4137931034
v 2.0000000000 -1.7241379310 -0.2758620690
v 2.0000000000 -1.7241379310 -0.1379310345
v 2.0000000000 -1.7241379310 0.0000000000
v 2.0000000000 -1.5862068966 -4.0000000000
v 2.0000000000 -1.5862068966 -3.8620689655
v 2.0000000000 -1.5862068966 -3.7241379310
v 2.0000000000 -1.5862068966 -3.5862068966
v 2.0000000000 -1.5862068966 -3.4482758621
v 2.0000000000 -1.5862068966 -3.3103448276
v 2.0000000000 -1.5862068966 -3.1724137931
v 2.0000000000 -1.5862068966 -3.0344827586
v 2.0000000000 -1.5862068966 -2.8965517241
v 2.0000000000 -1.5862068966 -2.7586206897
v 2.0000000000 -1.5862068966 -2.6206896552
v 2.0000000000 -1.5862068966 -2.4827586207
v 2.0000000000 -1.5862068966 -2.3448275862
v 2.0000000000 -1.5862068966 -2.2068965517
v 2.0000000000 -1.5862068966 -2.0689655172
v 2.0000000000 -1.5862068966 -1.9310344828
v 2.0000000000 -1.5862068966 -1.7931034483
v 2.0000000000 -1.5862068966 -1.6551724138
v 2.0000000000 -1.5862068966 -1.5172413793
v 2.0000000000 -1.5862068966 -1.3793103448
v 2.0000000000 -1.5862068966 -1.2413793103
v 2.0000000000 -1.5862068966 -1.1034482759
v 2.0000000000 -1.5862068966 -0.9655172414
v 2.0000000000 -1.5862068966 -0.8275862069
v 2.0000000000 -1.5862068966 -0.6896551724
v 2.0000000000 -1.5862068966 -0.5517241379
v 2.0000000000 -1.5862068966 -0.4137931034
v 2.0000000000 -1.5862068966 -0.2758620690
v 2.0000000000 -1.5862068966 -0.1379310345
v 2.0000000000 -1.5862068966 0.0000000000
v 2.0000000000 -1.4482758621 -4.0000000000
v 2.0000000000 -1.4482758621 -3.8620689655
v 2.0000000000 -1.4482758621 -3.7241379310
v 2.0000000000 -1.4482758621 -3.5862068966
v 2.0000000000 -1.4482758621 -3.4482758621
v 2.0000000000 -1.4482758621 -3.3103448276
v 2.0000000000 -1.4482758621 -3.1724137931
v 2.0000000000 -1.4482758621 -3.0344827586
v 2.0000000000 -1.4482758621 -2.8965517241
v 2.0000000000 -1.4482758621 -2.7586206897
v 2.0000000000 -1.4482758621 -2.6206896552
v 2.0000000000 -1.4482758621 -2.4827586207
v 2.0000000000 -1.4482758621 -2.3448275862
v 2.0000000000 -1.4482758621 -2.2068965517
v 2.0000000000 -1.4482758621 -2.0689655172
v 2.0000000000 -1.4482758621 -1.9310344828
v 2.0000000000 -1.4482758621 -1.7931034483
v 2.0000000000 -1.4482758621 -1.6551724138
v 2.0000000000 -1.4482758621 -1.5172413793
v 2.0000000000 -1.4482758621 -1.3793103448
v 2.0000000000 -1.4482758621 -1.2413793103
v 2.0000000000 -1.4482758621 -1.1034482759
v 2.0000000000 -1.4482758621 -0.9655172414
v 2.0000000000 -1.4482758621 -0.8275862069
v 2.0000000000 -1.4482758621 -0.6896551724
v 2.0000000000 -1.4482758621 -0.5517241379
v 2.0000000000 -1.4482758621 -0.4137931034
v 2.0000000000 -1.4482758621 -0.2758620690
v 2.0000000000 -1.4482758621 -0.1379310345
v 2.0000000000 -1.4482758621 0.0000000000
v 2.0000000000 -1.3103448276 -4.0000000000
v 2.0000000000 -1.3103448276 -3.8620689655
v 2.0000000000 -1.3103448276 -3.7241379310
v 2.0000000000 -1.3103448276 -3.5862068966
v 2.0000000000 -1.3103448276 -3.4482758621
v 2.0000000000 -1.3103448276 -3.3103448276
v 2.0000000000 -1.3103448276 -3.1724137931
v 2.0000000000 -1.3103448276 -3.0344827586
v 2.0000000000 -1.3103448276 -2.8965517241
v 2.0000000000 -1.3103448276 -2.7586206897
v 2.0000000000 -1.3103448276 -2.6206896552
v 2.0000000000 -1.3103448276 -2.4827586207
v 2.0000000000 -1.3103448276 -2.3448275862
v 2.0000000000 -1.3103448276 -2.2068965517
v 2.0000000000 -1.3103448276 -2.0689655172
v 2.0000000000 -1.3103448276 -1.9310344828
v 2.0000000000 -1.3103448276 -1.7931034483
v 2.0000000000 -1.3103448276 -1.6551724138
v 2.0000000000 -1.3103448276 -1.5172413793
v 2.0000000000 -1.3103448276 -1.3793103448
v 2.0000000000 -1.3103448276 -1.2413793103
v 2.0000000000 -1.3103448276 -1.1034482759
v 2.0000000000 -1.3103448276 -0.9655172414
v 2.0000000000 -1.3103448276 -0.8275862069
v 2.0000000000 -1.3103448276 -0.6896551724
v 2.0000000000 -1.3103448276 -0.5517241379
v 2.0000000000 -1.3103448276 -0.4137931034
v 2.0000000000 -1.3103448276 -0.2758620690
v 2.0000000000 -1.3103448276 -0.1379310345
v 2.0000000000 -1.3103448276 0.0000000000
v 2.0000000000 -1.1724137931 -4.0000000000
v 2.0000000000 -1.1724137931 -3.8620689655
v 2.0000000000 -1.1724137931 -3.7241379310
v 2.0000000000 -1.1724137931 -3.5862068966
v 2.0000000000 -1.1724137931 -3.4482758621
v 2.0000000000 -1.1724137931 -3.3103448276
v 2.0000000000 -1.1724137931 -3.1724137931
v 2.0000000000 -1.1724137931 -3.0344827586
v 2.0000000000 -1.1724137931 -2.8965517241
v 2.0000000000 -1.1724137931 -2.7586206897
v 2.0000000000 -1.1724137931 -2.6206896552
v 2.0000000000 -1.1724137931 -2.4827586207
v 2.0000000000 -1.1724137931 -2.3448275862
v 2.0000000000 -1.1724137931 -2.2068965517
v 2.0000000000 -1.1724137931 -2.0689655172
v 2.0000000000 -1.1724137931 -1.9310344828
v 2.0000000000 -1.1724137931 -1.7931034483
v 2.0000000000 -1.1724137931 -1.6551724138
v 2.0000000000 -1.1724137931 -1.5172413793
v 2.0000000000 -1.1724137931 -1.3793103448
v 2.0000000000 -1.1724137931 -1.2413793103
v 2.0000000000 -1.1724137931 -1.1034482759
v 2.0000000000 -1.1724137931 -0.9655172414
v 2.0000000000 -1.1724137931 -0.8275862069
v 2.0000000000 -1.1724137931 -0.6896551724
v 2.0000000000 -1.1724137931 -0.5517241379
v 2.0000000000 -1.1724137931 -0.4137931034
v 2.0000000000 -1.1724137931 -0.2758620690
v 2.0000000000 -1.1724137931 -0.1379310345
v 2.0000000000 -1.1724137931 0.0000000000
v 2.0000000000 -1.0344827586 -4.0000000000
v 2.0000000000 -1.0344827586 -3.8620689655
v 2.0000000000 -1.0344827586 -3.7241379310
v 2.0000000000 -1.0344827586 -3.5862068966
v 2.0000000000 -1.0344827586 -3.4482758621
v 2.0000000000 -1.0344827586 -3.3103448276
v 2.0000000000 -1.0344827586 -3.1724137931
v 2.0000000000 -1.0344827586 -3.0344827586
v 2.0000000000 -1.0344827586 -2.8965517241
v 2.0000000000 -1.0344827586 -2.7586206897
v 2.0000000000 -1.0344827586 -2.6206896552
v 2.0000000000 -1.0344827586 -2.4827586207
v 2.0000000000 -1.0344827586 -2.3448275862
v 2.0000000000 -1.0344827586 -2.2068965517
v 2.0000000000 -1.0344827586 -2.0689655172
v 2.0000000000 -1.0344827586 -1.9310344828
v 2.0000000000 -1.0344827586 -1.7931034483
v 2.0000000000 -1.0344827586 -1.6551724138
v 2.0000000000 -1.0344827586 -1.5172413793
v 2.0000000000 -1.0344827586 -1.3793103448
v 2.0000000000 -1.0344827586 -1.2413793103
v 2.0000000000 -1.0344827586 -1.1034482759
v 2.0000000000 -1.0344827586 -0.9655172414
v 2.0000000000 -1.0344827586 -0.8275862069
v 2.0000000000 -1.0344827586 -0.6896551724
v 2.0000000000 -1.0344827586 -0.5517241379
v 2.0000000000 -1.0344827586 -0.4137931034
v 2.0000000000 -1.0344827586 -0.2758620690
v 2.0000000000 -1.0344827586 -0.1379310345
v 2.0000000000 -1.0344827586 0.0000000000
v 2.0000000000 -0.8965517241 -4.0000000000
v 2.0000000000 -0.8965517241 -3.8620689655
v 2.0000000000 -0.8965517241 -3.7241379310
v 2.0000000000 -0.8965517241 -3.5862068966
v 2.0000000000 -0.8965517241 -3.4482758621
v 2.0000000000 -0.8965517241 -3.3103448276
v 2.0000000000 -0.8965517241 -3.1724137931
v 2.0000000000 -0.8965517241 -3.0344827586
v 2.0000000000 -0.8965517241 -2.8965517241
v 2.0000000000 -0.8965517241 -2.7586206897
v 2.0000000000 -0.8965517241 -2.6206896552
v 2.0000000000 -0.8965517241 -2.4827586207
v 2.0000000000 -0.8965517241 -2.3448275862
v 2.0000000000 -0.8965517241 -2.2068965517
v 2.0000000000 -0.8965517241 -2.0689655172
v 2.0000000000 -0.8965517241 -1.9310344828
v 2.0000000000 -0.8965517241 -1.7931034483
v 2.0000000000 -0.8965517241 -1.6551724138
v 2.0000000000 -0.8965517241 -1.5172413793
v 2.0000000000 -0.8965517241 -1.3793103448
v 2.0000000000 -0.8965517241 -1.2413793103
v 2.0000000000 -0.8965517241 -1.1034482759
v 2.0000000000 -0.8965517241 -0.9655172414
v 2.0000000000 -0.8965517241 -0.8275862069
v 2.0000000000 -0.8965517241 -0.6896551724
v 2.0000000000 -0.8965517241 -0.5517241379
v 2.0000000000 -0.8965517241 -0.4137931034
v 2.0000000000 -0.8965517241 -0.2758620690
v 2.0000000000 -0.8965517241 -0.1379310345
v 2.0000000000 -0.8965517241 0.0000000000
v 2.0000000000 -0.7586206897 -4.0000000000
v 2.0000000000 -0.7586206897 -3.8620689655
v 2.0000000000 -0.7586206897 -3.7241379310
v 2.0000000000 -0.7586206897 -3.5862068966
v 2.0000000000 -0.7586206897 -3.4482758621
v 2.0000000000 -0.7586206897 -3.3103448276
v 2.0000000000 -0.7586206897 -3.1724137931
v 2.0000000000 -0.7586206897 -3.0344827586
v 2.0000000000 -0.7586206897 -2.8965517241
v 2.0000000000 -0.7586206897 -2.7586206897
v 2.0000000000 -0.7586206897 -2.6206896552
v 2.0000000000 -0.7586206897 -2.4827586207
v 2.0000000000 -0.7586206897 -2.3448275862
v 2.0000000000 -0.7586206897 -2.2068965517
v 2.0000000000 -0.7586206897 -2.0689655172
v 2.0000000000 -0.7586206897 -1.9310344828
v 2.0000000000 -0.7586206897 -1.7931034483
v 2.0000000000 -0.7586206897 -1.6551724138
v 2.0000000000 -0.7586206897 -1.5172413793
v 2.0000000000 -0.7586206897 -1.3793103448
v 2.0000000000 -0.7586206897 -1.2413793103
v 2.0000000000 -0.7586206897 -1.1034482759
v 2.0000000000 -0.7586206897 -0.9655172414
v 2.0000000000 -0.7586206897 -0.8275862069
v 2.0000000000 -0.7586206897 -0.6896551724
v 2.0000000000 -0.7586206897 -0.5517241379
v 2.0000000000 -0.7586206897 -0.4137931034
v 2.0000000000 -0.7586206897 -0.2758620690
v 2.0000000000 -0.7586206897 -0.1379310345
v 2.0000000000 -0.7586206897 0.0000000000
v 2.0000000000 -0.6206896552 -4.0000000000
v 2.0000000000 -0.6206896552 -3.8620689655
v 2.0000000000 -0.6206896552 -3.7241379310
v 2.0000000000 -0.6206896552 -3.5862068966
v 2.0000000000 -0.6206896552 -3.4482758621
v 2.0000000000 -0.6206896552 -3.3103448276
v 2.0000000000 -0.6206896552 -3.1724137931
v 2.0000000000 -0.6206896552 -3.0344827586
v 2.0000000000 -0.6206896552 -2.8965517241
v 2.0000000000 -0.6206896552 -2.7586206897
v 2.0000000000 -0.6206896552 -2.6206896552
v 2.0000000000 -0.6206896552 -2.4827586207
v 2.0000000000 -0.6206896552 -2.3448275862
v 2.0000000000 -0.6206896552 -2.2068965517
v 2.0000000000 -0.6206896552 -2.0689655172
v 2.0000000000 -0.6206896552 -1.9310344828
v 2.0000000000 -0.6206896552 -1.7931034483
v 2.0000000000 -0.6206896552 -1.6551724138
v 2.0000000000 -0.6206896552 -1.5172413793
v 2.0000000000 -0.6206896552 -1.3793103448
v 2.0000000000 -0.6206896552 -1.2413793103
v 2.0000000000 -0.6206896552 -1.1034482759
v 2.0000000000 -0.6206896552 -0.9655172414
v 2.0000000000 -0.6206896552 -0.8275862069
v 2.0000000000 -0.6206896552 -0.6896551724
v 2.0000000000 -0.6206896552 -0.5517241379
v 2.0000000000 -0.6206896552 -0.4137931034
v 2.0000000000 -0.6206896552 -0.2758620690
v 2.0000000000 -0.6206896552 -0.1379310345
v 2.0000000000 -0.6206896552 0.0000000000
v 2.0000000000 -0.4827586207 -4.0000000000
v 2.0000000000 -0.4827586207 -3.8620689655
v 2.0000000000 -0.4827586207 -3.7241379310
v 2.0000000000 -0.4827586207 -3.5862068966
v 2.0000000000 -0.4827586207 -3.4482758621
v 2.0000000000 -0.4827586207 -3.3103448276
v 2.0000000000 -0.4827586207 -3.1724137931
v 2.0000000000 -0.4827586207 -3.0344827586
v 2.0000000000 -0.4827586207 -2.8965517241
v 2.0000000000 -0.4827586207 -2.7586206897
v 2.0000000000 -0.4827586207 -2.6206896552
v 2.0000000000 -0.4827586207 -2.4827586207
v 2.0000000000 -0.4827586207 -2.3448275862
v 2.0000000000 -0.4827586207 -2.2068965517
v 2.0000000000 -0.4827586207 -2.0689655172
v 2.0000000000 -0.4827586207 -1.9310344828
v 2.0000000000 -0.4827586207 -1.7931034483
v 2.0000000000 -0.4827586207 -1.6551724138
v 2.0000000000 -0.4827586207 -1.5172413793
v 2.0000000000 -0.4827586207 -1.3793103448
v 2.0000000000 -0.4827586207 -1.2413793103
v 2.0000000000 -0.4827586207 -1.1034482759
v 2.0000000000 -0.4827586207 -0.9655172414
v 2.0000000000 -0.4827586207 -0.8275862069
v 2.0000000000 -0.4827586207 -0.6896551724
v 2.0000000000 -0.4827586207 -0.5517241379
v 2.0000000000 -0.4827586207 -0.4137931034
v 2.0000000000 -0.4827586207 -0.2758620690
v 2.0000000000 -0.4827586207 -0.1379310345
v 2.0000000000 -0.4827586207 0.0000000000
v 2.0000000000 -0.3448275862 -4.0000000000
v 2.0000000000 -0.3448275862 -3.8620689655
v 2.0000000000 -0.3448275862 -3.7241379310
v 2.0000000000 -0.3448275862 -3.5862068966
v 2.0000000000 -0.3448275862 -3.4482758621
v 2.0000000000 -0.3448275862 -3.3103448276
v 2.0000000000 -0.3448275862 -3.1724137931
v 2.0000000000 -0.3448275862 -3.0344827586
v 2.0000000000 -0.3448275862 -2.8965517241
v 2.0000000000 -0.3448275862 -2.7586206897
v 2.0000000000 -0.3448275862 -2.6206896552
v 2.0000000000 -0.3448275862 -2.4827586207
v 2.0000000000 -0.3448275862 -2.3448275862
v 2.0000000000 -0.3448275862 -2.2068965517
v 2.0000000000 -0.3448275862 -2.0689655172
v 2.0000000000 -0.3448275862 -1.9310344828
v 2.0000000000 -0.3448275862 -1.7931034483
v 2.0000000000 -0.3448275862 -1.6551724138
v 2.0000000000 -0.3448275862 -1.5172413793
v 2.0000000000 -0.3448275862 -1.3793103448
v 2.0000000000 -0.3448275862 -1.2413793103
v 2.0000000000 -0.3448275862 -1.1034482759
v 2.0000000000 -0.3448275862 -0.9655172414
v 2.0000000000 -0.3448275862 -0.8275862069
v 2.0000000000 -0.3448275862 -0.6896551724
v 2.0000000000 -0.3448275862 -0.5517241379
v 2.0000000000 -0.3448275862 -0.4137931034
v 2.0000000000 -0.3448275862 -0.2758620690
v 2.0000000000 -0.3448275862 -0.1379310345
v 2.0000000000 -0.3448275862 0.0000000000
v 2.0000000000 -0.2068965517 -4.0000000000
v 2.0000000000 -0.2068965517 -3.8620689655
v 2.0000000000 -0.2068965517 -3.7241379310
v 2.0000000000 -0.2068965517 -3.5862068966
v 2.0000000000 -0.2068965517 -3.4482758621
v 2.0000000000 -0.2068965517 -3.3103448276
v 2.0000000000 -0.2068965517 -3.1724137931
v 2.0000000000 -0.2068965517 -3.0344827586
v 2.0000000000 -0.2068965517 -2.8965517241
v 2.0000000000 -0.2068965517 -2.7586206897
v 2.0000000000 -0.2068965517 -2.6206896552
v 2.0000000000 -0.2068965517 -2.4827586207
v 2.0000000000 -0.2068965517 -2.3448275862
v 2.0000000000 -0.2068965517 -2.2068965517
v 2.0000000000 -0.2068965517 -2.0689655172
v 2.0000000000 -0.2068965517 -1.9310344828
v 2.0000000000 -0.2068965517 -1.7931034483
v 2.0000000000 -0.2068965517 -1.6551724138
v 2.0000000000 -0.2068965517 -1.5172413793
v 2.0000000000 -0.2068965517 -1.3793103448
v 2.0000000000 -0.2068965517 -1.2413793103
v 2.0000000000 -0.2068965517 -1.1034482759
v 2.0000000000 -0.2068965517 -0.9655172414
v 2.0000000000 -0.2068965517 -0.8275862069
v 2.0000000000 -0.2068965517 -0.6896551724
v 2.0000000000 -0.2068965517 -0.5517241379
v 2.0000000000 -0.2068965517 -0.4137931034
v 2.0000000000 -0.2068965517 -0.2758620690
v 2.0000000000 -0.2068965517 -0.1379310345
v 2.0000000000 -0.2068965517 0.0000000000
v 2.0000000000 -0.0689655172 -4.0000000000
v 2.0000000000 -0.0689655172 -3.8620689655
v 2.0000000000 -0.0689655172 -3.7241379310
v 2.0000000000 -0.0689655172 -3.5862068966
v 2.0000000000 -0.0689655172 -3.4482758621
v 2.0000000000 -0.0689655172 -3.3103448276
v 2.0000000000 -0.0689655172 -3.1724137931
v 2.0000000000 -0.0689655172 -3.0344827586
v 2.0000000000 -0.0689655172 -2.8965517241
v 2.0000000000 -0.0689655172 -2.7586206897
v 2.0000000000 -0.0689655172 -2.6206896552
v 2.0000000000 -0.0689655172 -2.4827586207
v 2.0000000000 -0.0689655172 -2.3448275862
v 2.0000000000 -0.0689655172 -2.2068965517
v 2.0000000000 -0.0689655172 -2.0689655172
v 2.0000000000 -0.0689655172 -1.9310344828
v 2.0000000000 -0.0689655172 -1.7931034483
v 2.0000000000 -0.0689655172 -1.6551724138
v 2.0000000000 -0.0689655172 -1.5172413793
v 2.0000000000 -0.0689655172 -1.3793103448
v 2.0000000000 -0.0689655172 -1.2413793103
v 2.0000000000 -0.0689655172 -1.1034482759
v 2.0000000000 -0.0689655172 -0.9655172414
v 2.0000000000 -0.0689655172 -0.8275862069
v 2.0000000000 -0.0689655172 -0.6896551724
v 2.0000000000 -0.0689655172 -0.5517241379
v 2.0000000000 -0.0689655172 -0.4137931034
v 2.0000000000 -0.0689655172 -0.2758620690
v 2.0000000000 -0.0689655172 -0.1379310345
v 2.0000000000 -0.0689655172 0.0000000000
v 2.0000000000 0.0689655172 -4.0000000000
v 2.0000000000 0.0689655172 -3.8620689655
v 2.0000000000 0.0689655172 -3.7241379310
v 2.0000000000 0.0689655172 -3.5862068966
v 2.0000000000 0.0689655172 -3.4482758621
v 2.0000000000 0.0689655172 -3.3103448276
v 2.0000000000 0.0689655172 -3.1724137931
v 2.0000000000 0.0689655172 -3.0344827586
v 2.0000000000 0.0689655172 -2.8965517241
v 2.0000000000 0.0689655172 -2.7586206897
v 2.0000000000 0.0689655172 -2.6206896552
v 2.0000000000 0.0689655172 -2.4827586207
v 2.0000000000 0.0689655172 -2.3448275862
v 2.0000000000 0.0689655172 -2.2068965517
v 2.0000000000 0.0689655172 -2.0689655172
v 2.0000000000 0.0689655172 -1.9310344828
v 2.0000000000 0.0689655172 -1.7931034483
v 2.0000000000 0.0689655172 -1.6551724138
v 2.0000000000 0.0689655172 -1.5172413793
v 2.0000000000 0.0689655172 -1.3793103448
v 2.0000000000 0.0689655172 -1.2413793103
v 2.0000000000 0.0689655172 -1.1034482759
v 2.0000000000 0.0689655172 -0.9655172414
v 2.0000000000 0.0689655172 -0.8275862069
v 2.0000000000 0.0689655172 -0.6896551724
v 2.0000000000 0.0689655172 -0.5517241379
v 2.0000000000 0.0689655172 -0.4137931034
v 2.0000000000 0.0689655172 -0.2758620690
v 2.0000000000 0.0689655172 -0.1379310345
v 2.0000000000 0.0689655172 0.0000000000
v 2.0000000000 0.2068965517 -4.0000000000
v 2.0000000000 0.2068965517 -3.8620689655
v 2.0000000000 0.2068965517 -3.7241379310
v 2.0000000000 0.2068965517 -3.5862068966
v 2.0000000000 0.2068965517 -3.4482758621
v 2.0000000000 0.2068965517 -3.3103448276
v 2.0000000000 0.2068965517 -3.1724137931
v 2.0000000000 0.2068965517 -3.0344827586
v 2.0000000000 0.2068965517 -2.8965517241
v 2.0000000000 0.2068965517 -2.7586206897
v 2.0000000000 0.2068965517 -2.6206896552
v 2.0000000000 0.2068965517 -2.4827586207
v 2.0000000000 0.2068965517 -2.3448275862
v 2.0000000000 0.2068965517 -2.2068965517
v 2.0000000000 0.2068965517 -2.0689655172
v 2.0000000000 0.2068965517 -1.9310344828
v 2.0000000000 0.2068965517 -1.7931034483
v 2.0000000000 0.2068965517 -1.6551724138
v 2.0000000000 0.2068965517 -1.5172413793
v 2.0000000000 0.2068965517 -1.3793103448
v 2.0000000000 0.2068965517 -1.2413793103
v 2.0000000000 0.2068965517 -1.1034482759
v 2.0000000000 0.2068965517 -0.9655172414
v 2.0000000000 0.2068965517 -0.8275862069
v 2.0000000000 0.2068965517 -0.6896551724
v 2.0000000000 0.2068965517 -0.5517241379
v 2.0000000000 0.2068965517 -0.4137931034
v 2.0000000000 0.2068965517 -0.2758620690
v 2.0000000000 0.2068965517 -0.1379310345
v 2.0000000000 0.2068965517 0.0000000000
v 2.0000000000 0.3448275862 -4.0000000000
v 2.0000000000 0.3448275862 -3.8620689655
v 2.0000000000 0.3448275862 -3.7241379310
v 2.0000000000 0.3448275862 -3.5862068966
v 2.0000000000 0.3448275862 -3.4482758621
v 2.0000000000 0.3448275862 -3.3103448276
v 2.0000000000 0.3448275862 -3.1724137931
v 2.0000000000 0.3448275862 -3.0344827586
v 2.0000000000 0.3448275862 -2.8965517241
v 2.0000000000 0.3448275862 -2.7586206897
v 2.0000000000 0.3448275862 -2.6206896552
v 2.0000000000 0.3448275862 -2.4827586207
v 2.0000000000 0.3448275862 -2.3448275862
v 2.0000000000 0.3448275862 -2.2068965517
v 2.0000000000 0.3448275862 -2.0689655172
v 2.0000000000 0.3448275862 -1.9310344828
v 2.0000000000 0.3448275862 -1.7931034483
v 2.0000000000 0.3448275862 -1.6551724138
v 2.0000000000 0.3448275862 -1.5172413793
v 2.0000000000 0.3448275862 -1.3793103448
v 2.0000000000 0.3448275862 -1.2413793103
v 2.0000000000 0.3448275862 -1.1034482759
v 2.0000000000 0.3448275862 -0.9655172414
v 2.0000000000 0.3448275862 -0.8275862069
v 2.0000000000 0.3448275862 -0.6896551724
v 2.0000000000 0.3448275862 -0.5517241379
v 2.0000000000 0.3448275862 -0.4137931034
v 2.0000000000 0.3448275862 -0.2758620690
v 2.0000000000 0.3448275862 -0.1379310345
v 2.0000000000 0.3448275862 0.0000000000
v 2.0000000000 0.4827586207 -4.0000000000
v 2.0000000000 0.4827586207 -3.8620689655
v 2.0000000000 0.4827586207 -3.7241379310
v 2.0000000000 0.4827586207 -3.5862068966
v 2.0000000000 0.4827586207 -3.4482758621
v 2.0000000000 0.4827586207 -3.3103448276
v 2.0000000000 0.4827586207 -3.1724137931
v 2.0000000000 0.4827586207 -3.0344827586
v 2.0000000000 0.4827586207 -2.8965517241
v 2.0000000000 0.4827586207 -2.7586206897
v 2.0000000000 0.4827586207 -2.6206896552
v 2.0000000000 0.4827586207 -2.4827586207
v 2.0000000000 0.4827586207 -2.3448275862
v 2.0000000000 0.4827586207 -2.2068965517
v 2.0000000000 0.4827586207 -2.0689655172
v 2.0000000000 0.4827586207 -1.9310344828
v 2.0000000000 0.4827586207 -1.7931034483
v 2.0000000000 0.4827586207 -1.6551724138
v 2.0000000000 0.4827586207 -1.5172413793
v 2.0000000000 0.4827586207 -1.3793103448
v 2.0000000000 0.4827586207 -1.2413793103
v 2.0000000000 0.4827586207 -1.1034482759
v 2.0000000000 0.4827586207 -0.9655172414
v 2.0000000000 0.4827586207 -0.8275862069
v 2.0000000000 0.4827586207 -0.6896551724
v 2.0000000000 0.4827586207 -0.5517241379
v 2.0000000000 0.4827586207 -0.4137931034
v 2.0000000000 0.4827586207 -0.2758620690
v 2.0000000000 0.4827586207 -0.1379310345
v 2.0000000000 0.4827586207 0.0000000000
v 2.0000000000 0.6206896552 -4.0000000000
v 2.0000000000 0.6206896552 -3.8620689655
v 2.0000000000 0.6206896552 -3.7241379310
v 2.0000000000 0.6206896552 -3.5862068966
v 2.0000000000 0.6206896552 -3.4482758621
v 2.0000000000 0.6206896552 -3.3103448276
v 2.0000000000 0.6206896552 -3.1724137931
v 2.0000000000 0.6206896552 -3.0344827586
v 2.0000000000 0.6206896552 -2.8965517241
v 2.0000000000 0.6206896552 -2.7586206897
v 2.0000000000 0.6206896552 -2.6206896552
v 2.0000000000 0.6206896552 -2.4827586207
v 2.0000000000 0.6206896552 -2.3448275862
v 2.0000000000 0.6206896552 -2.2068965517
v 2.0000000000 0.6206896552 -2.0689655172
v 2.0000000000 0.6206896552 -1.9310344828
v 2.0000000000 0.6206896552 -1.7931034483
v 2.0000000000 0.6206896552 -1.6551724138
v 2.0000000000 0.6206896552 -1.5172413793
v 2.0000000000 0.6206896552 -1.3793103448
v 2.0000000000 0.6206896552 -1.2413793103
v 2.0000000000 0.6206896552 -1.1034482759
v 2.0000000000 0.6206896552 -0.9655172414
v 2.0000000000 0.6206896552 -0.8275862069
v 2.0000000000 0.6206896552 -0.6896551724
v 2.0000000000 0.6206896552 -0.5517241379
v 2.0000000000 0.6206896552 -0.4137931034
v 2.0000000000 0.6206896552 -0.2758620690
v 2.0000000000 0.6206896552 -0.1379310345
v 2.0000000000 0.6206896552 0.0000000000
v 2.0000000000 0.7586206897 -4.0000000000
v 2.0000000000 0.7586206897 -3.8620689655
v 2.0000000000 0.7586206897 -3.7241379310
v 2.0000000000 0.7586206897 -3.5862068966
v 2.0000000000 0.7586206897 -3.4482758621
v 2.0000000000 0.7586206897 -3.3103448276
v 2.0000000000 0.7586206897 -3.1724137931
v 2.0000000000 0.7586206897 -3.0344827586
v 2.0000000000 0.7586206897 -2.8965517241
v 2.0000000000 0.7586206897 -2.7586206897
v 2.0000000000 0.7586206897 -2.6206896552
v 2.0000000000 0.7586206897 -2.4827586207
v 2.0000000000 0.7586206897 -2.3448275862
v 2.0000000000 0.7586206897 -2.2068965517
v 2.0000000000 0.7586206897 -2.0689655172
v 2.0000000000 0.7586206897 -1.9310344828
v 2.0000000000 0.7586206897 -1.7931034483
v 2.0000000000 0.7586206897 -1.6551724138
v 2.0000000000 0.7586206897 -1.5172413793
v 2.0000000000 0.7586206897 -1.3793103448
v 2.0000000000 0.7586206897 -1.2413793103
v 2.0000000000 0.7586206897 -1.1034482759
v 2.0000000000 0.7586206897 -0.9655172414
v 2.0000000000 0.7586206897 -0.8275862069
v 2.0000000000 0.7586206897 -0.6896551724
v 2.0000000000 0.7586206897 -0.5517241379
v 2.0000000000 0.7586206897 -0.4137931034
v 2.0000000000 0.7586206897 -0.2758620690
v 2.0000000000 0.7586206897 -0.1379310345
v 2.0000000000 0.7586206897 0.0000000000
v 2.0000000000 0.8965517241 -4.0000000000
v 2.0000000000 0.8965517241 -3.8620689655
v 2.0000000000 0.8965517241 -3.7241379310
v 2.0000000000 0.8965517241 -3.5862068966
v 2.0000000000 0.8965517241 -3.4482758621
v 2.0000000000 0.8965517241 -3.3103448276
v 2.0000000000 0.8965517241 -3.1724137931
v 2.0000000000 0.8965517241 -3.0344827586
v 2.0000000000 0.8965517241 -2.8965517241
v 2.0000000000 0.8965517241 -2.7586206897
v 2.0000000000 0.8965517241 -2.6206896552
v 2.0000000000 0.8965517241 -2.4827586207
v 2.0000000000 0.8965517241 -2.3448275862
v 2.0000000000 0.8965517241 -2.2068965517
v 2.0000000000 0.8965517241 -2.0689655172
v 2.0000000000 0.8965517241 -1.9310344828
v 2.0000000000 0.8965517241 -1.7931034483
v 2.0000000000 0.8965517241 -1.6551724138
v 2.0000000000 0.8965517241 -1.5172413793
v 2.0000000000 0.8965517241 -1.3793103448
v 2.0000000000 0.8965517241 -1.2413793103
v 2.0000000000 0.8965517241 -1.1034482759
v 2.0000000000 0.8965517241 -0.9655172414
v 2.0000000000 0.8965517241 -0.8275862069
v 2.0000000000 0.8965517241 -0.6896551724
v 2.0000000000 0.8965517241 -0.5517241379
v 2.0000000000 0.8965517241 -0.4137931034
v 2.0000000000 0.8965517241 -0.2758620690
v 2.0000000000 0.8965517241 -0.1379310345
v 2.0000000000 0.8965517241 0.0000000000
v 2.0000000000 1.0344827586 -4.0000000000
v 2.0000000000 1.0344827586 -3.8620689655
v 2.0000000000 1.0344827586 -3.7241379310
v 2.0000000000 1.0344827586 -3.5862068966
v 2.0000000000 1.0344827586 -3.4482758621
v 2.0000000000 1.0344827586 -3.3103448276
v 2.0000000000 1.0344827586 -3.1724137931
v 2.0000000000 1.0344827586 -3.0344827586
v 2.0000000000 1.0344827586 -2.8965517241
v 2.0000000000 1.0344827586 -2.7586206897
v 2.0000000000 1.0344827586 -2.6206896552
v 2.0000000000 1.0344827586 -2.4827586207
v 2.0000000000 1.0344827586 -2.3448275862
v 2.0000000000 1.0344827586 -2.2068965517
v 2.0000000000 1.0344827586 -2.0689655172
v 2.0000000000 1.0344827586 -1.9310344828
v 2.0000000000 1.0344827586 -1.7931034483
v 2.0000000000 1.0344827586 -1.6551724138
v 2.0000000000 1.0344827586 -1.5172413793
v 2.0000000000 1.0344827586 -1.3793103448
v 2.0000000000 1.0344827586 -1.2413793103
v 2.0000000000 1.0344827586 -1.1034482759
v 2.0000000000 1.0344827586 -0.9655172414
v 2.0000000000 1.0344827586 -0.8275862069
v 2.0000000000 1.0344827586 -0.6896551724
v 2.0000000000 1.0344827586 -0.5517241379
v 2.0000000000 1.0344827586 -0.4137931034
v 2.0000000000 1.0344827586 -0.2758620690
v 2.0000000000 1.0344827586 -0.1379310345
v 2.0000000000 1.0344827586 0.0000000000
v 2.0000000000 1.1724137931 -4.0000000000
v 2.0000000000 1.1724137931 -3.8620689655
v 2.0000000000 1.1724137931 -3.7241379310
v 2.0000000000 1.1724137931 -3.5862068966
v 2.0000000000 1.1724137931 -3.4482758621
v 2.0000000000 1.1724137931 -3.3103448276
v 2.0000000000 1.1724137931 -3.1724137931
v 2.0000000000 1.1724137931 -3.0344827586
v 2.0000000000 1.1724137931 -2.8965517241
v 2.0000000000 1.1724137931 -2.7586206897
v 2.0000000000 1.1724137931 -2.6206896552
v 2.0000000000 1.1724137931 -2.4827586207
v 2.0000000000 1.1724137931 -2.3448275862
v 2.0000000000 1.1724137931 -2.2068965517
v 2.0000000000 1.1724137931 -2.0689655172
v 2.0000000000 1.1724137931 -1.9310344828
v 2.0000000000 1.1724137931 -1.7931034483
v 2.0000000000 1.1724137931 -1.6551724138
v 2.0000000000 1.1724137931 -1.5172413793
v 2.0000000000 1.1724137931 -1.3793103448
v 2.0000000000 1.1724137931 -1.2413793103
v 2.0000000000 1.1724137931 -1.1034482759
v 2.0000000000 1.1724137931 -0.9655172414
v 2.0000000000 1.1724137931 -0.8275862069
v 2.0000000000 1.1724137931 -0.6896551724
v 2.0000000000 1.1724137931 -0.5517241379
v 2.0000000000 1.1724137931 -0.4137931034
v 2.0000000000 1.1724137931 -0.2758620690
v 2.0000000000 1.1724137931 -0.1379310345
v 2.0000000000 1.1724137931 0.0000000000
v 2.0000000000 1.3103448276 -4.0000000000
v 2.0000000000 1.3103448276 -3.8620689655
v 2.0000000000 1.3103448276 -3.7241379310
v 2.0000000000 1.3103448276 -3.5862068966
v 2.0000000000 1.3103448276 -3.4482758621
v 2.0000000000 1.3103448276 -3.3103448276
v 2.0000000000 1.3103448276 -3.1724137931
v 2.0000000000 1.3103448276 -3.0344827586
v 2.0000000000 1.3103448276 -2.8965517241
v 2.0000000000 1.3103448276 -2.7586206897
v 2.0000000000 1.3103448276 -2.6206896552
v 2.0000000000 1.3103448276 -2.4827586207
v 2.0000000000 1.3103448276 -2.3448275862
v 2.0000000000 1.3103448276 -2.2068965517
v 2.0000000000 1.3103448276 -2.0689655172
v 2.0000000000 1.3103448276 -1.9310344828
v 2.0000000000 1.3103448276 -1.7931034483
v 2.0000000000 1.3103448276 -1.6551724138
v 2.0000000000 1.3103448276 -1.5172413793
v 2.0000000000 1.3103448276 -1.3793103448
v 2.0000000000 1.3103448276 -1.2413793103
v 2.0000000000 1.3103448276 -1.1034482759
v 2.0000000000 1.3103448276 -0.9655172414
v 2.0000000000 1.3103448276 -0.8275862069
v 2.0000000000 1.3103448276 -0.6896551724
v 2.0000000000 1.3103448276 -0.5517241379
v 2.0000000000 1.3103448276 -0.4137931034
v 2.0000000000 1.3103448276 -0.2758620690
v 2.0000000000 1.3103448276 -0.1379310345
v 2.0000000000 1.3103448276 0.0000000000
v 2.0000000000 1.4482758621 -4.0000000000
v 2.0000000000 1.4482758621 -3.8620689655
v 2.0000000000 1.4482758621 -3.7241379310
v 2.0000000000 1.4482758621 -3.5862068966
v 2.0000000000 1.4482758621 -3.4482758621
v 2.0000000000 1.4482758621 -3.3103448276
v 2.0000000000 1.4482758621 -3.1724137931
v 2.0000000000 1.4482758621 -3.0344827586
v 2.0000000000 1.4482758621 -2.8965517241
v 2.0000000000 1.4482758621 -2.7586206897
v 2.0000000000 1.4482758621 -2.6206896552
v 2.0000000000 1.4482758621 -2.4827586207
v 2.0000000000 1.4482758621 -2.3448275862
v 2.0000000000 1.4482758621 -2.2068965517
v 2.0000000000 1.4482758621 -2.0689655172
v 2.0000000000 1.4482758621 -1.9310344828
v 2.0000000000 1.4482758621 -1.7931034483
v 2.0000000000 1.4482758621 -1.6551724138
v 2.0000000000 1.4482758621 -1.5172413793
v 2.0000000000 1.4482758621 -1.3793103448
v 2.0000000000 1.4482758621 -1.2413793103
v 2.0000000000 1.4482758621 -1.1034482759
v 2.0000000000 1.4482758621 -0.9655172414
v 2.0000000000 1.4482758621 -0.8275862069
v 2.0000000000 1.4482758621 -0.6896551724
v 2.0000000000 1.4482758621 -0.5517241379
v 2.0000000000 1.4482758621 -0.4137931034
v 2.0000000000 1.4482758621 -0.2758620690
v 2.0000000000 1.4482758621 -0.1379310345
v 2.0000000000 1.4482758621 0.0000000000
v 2.0000000000 1.5862068966 -4.0000000000
v 2.0000000000 1.5862068966 -3.8620689655
v 2.0000000000 1.5862068966 -3.7241379310
v 2.0000000000 1.5862068966 -3.5862068966
v 2.0000000000 1.5862068966 -3.4482758621
v 2.0000000000 1.5862068966 -3.3103448276
v 2.0000000000 1.5862068966 -3.1724137931
v 2.0000000000 1.5862068966 -3.0344827586
v 2.0000000000 1.5862068966 -2.8965517241
v 2.0000000000 1.5862068966 -2.7586206897
v 2.0000000000 1.5862068966 -2.6206896552
v 2.0000000000 1.5862068966 -2.4827586207
v 2.0000000000 1.5862068966 -2.3448275862
v 2.0000000000 1.5862068966 -2.2068965517
v 2.0000000000 1.5862068966 -2.0689655172
v 2.0000000000 1.5862068966 -1.9310344828
v 2.0000000000 1.5862068966 -1.7931034483
v 2.0000000000 1.5862068966 -1.6551724138
v 2.0000000000 1.5862068966 -1.5172413793
v 2.0000000000 1.5862068966 -1.3793103448
v 2.0000000000 1.5862068966 -1.2413793103
v 2.0000000000 1.5862068966 -1.1034482759
v 2.0000000000 1.5862068966 -0.9655172414
v 2.0000000000 1.5862068966 -0.8275862069
v 2.0000000000 1.5862068966 -0.6896551724
v 2.0000000000 1.5862068966 -0.5517241379
v 2.0000000000 1.5862068966 -0.4137931034
v 2.0000000000 1.5862068966 -0.2758620690
v 2.0000000000 1.5862068966 -0.1379310345
v 2.0000000000 1.5862068966 0.0000000000
v 2.0000000000 1.7241379310 -4.0000000000
v 2.0000000000 1.7241379310 -3.8620689655
v 2.0000000000 1.7241379310 -3.7241379310
v 2.0000000000 1.7241379310 -3.5862068966
v 2.0000000000 1.7241379310 -3.4482758621
v 2.0000000000 1.7241379310 -3.3103448276
v 2.0000000000 1.7241379310 -3.1724137931
v 2.0000000000 1.7241379310 -3.0344827586
v 2.0000000000 1.7241379310 -2.8965517241
v 2.0000000000 1.7241379310 -2.7586206897
v 2.0000000000 1.7241379310 -2.6206896552
v 2.0000000000 1.7241379310 -2.4827586207
v 2.0000000000 1.7241379310 -2.3448275862
v 2.0000000000 1.7241379310 -2.2068965517
v 2.0000000000 1.7241379310 -2.0689655172
v 2.0000000000 1.7241379310 -1.9310344828
v 2.0000000000 1.7241379310 -1.7931034483
v 2.0000000000 1.7241379310 -1.6551724138
v 2.0000000000 1.7241379310 -1.5172413793
v 2.0000000000 1.7241379310 -1.3793103448
v 2.0000000000 1.7241379310 -1.2413793103
v 2.0000000000 1.7241379310 -1.1034482759
v 2.0000000000 1.7241379310 -0.9655172414
v 2.0000000000 1.7241379310 -0.8275862069
v 2.0000000000 1.7241379310 -0.6896551724
v 2.0000000000 1.7241379310 -0.5517241379
v 2.0000000000 1.7241379310 -0.4137931034
v 2.0000000000 1.7241379310 -0.2758620690
v 2.0000000000 1.7241379310 -0.1379310345
v 2.0000000000 1.7241379310 0.0000000000
v 2.0000000000 1.8620689655 -4.0000000000
v 2.0000000000 1.8620689655 -3.8620689655
v 2.0000000000 1.8620689655 -3.7241379310
v 2.0000000000 1.8620689655 -3.5862068966
v 2.0000000000 1.8620689655 -3.4482758621
v 2.0000000000 1.8620689655 -3.3103448276
v 2.0000000000 1.8620689655 -3.1724137931
v 2.0000000000 1.8620689655 -3.0344827586
v 2.0000000000 1.8620689655 -2.8965517241
v 2.0000000000 1.8620689655 -2.7586206897
v 2.0000000000 1.8620689655 -2.6206896552
v 2.0000000000 1.8620689655 -2.4827586207
v 2.0000000000 1.8620689655 -2.3448275862
v 2.0000000000 1.8620689655 -2.2068965517
v 2.0000000000 1.8620689655 -2.0689655172
v 2.0000000000 1.8620689655 -1.9310344828
v 2.0000000000 1.8620689655 -1.7931034483
v 2.0000000000 1.8620689655 -1.6551724138
v 2.0000000000 1.8620689655 -1.5172413793
v 2.0000000000 1.8620689655 -1.3793103448
v 2.0000000000 1.8620689655 -1.2413793103
v 2.0000000000 1.8620689655 -1.1034482759
v 2.0000000000 1.8620689655 -0.9655172414
v 2.0000000000 1.8620689655 -0.8275862069
v 2.0000000000 1.8620689655 -0.6896551724
v 2.0000000000 1.8620689655 -0.5517241379
v 2.0000000000 1.8620689655 -0.4137931034
v 2.0000000000 1.8620689655 -0.2758620690
v 2.0000000000 1.8620689655 -0.1379310345
v 2.0000000000 1.8620689655 0.0000000000
v 2.0000000000 2.0000000000 -4.0000000000
v 2.0000000000 2.0000000000 -3.8620689655
v 2.0000000000 2.0000000000 -3.7241379310
v 2.0000000000 2.0000000000 -3.5862068966
v 2.0000000000 2.0000000000 -3.4482758621
v 2.0000000000 2.0000000000 -3.3103448276
v 2.0000000000 2.0000000000 -3.1724137931
v 2.0000000000 2.0000000000 -3.0344827586
v 2.0000000000 2.0000000000 -2.8965517241
v 2.0000000000 2.0000000000 -2.7586206897
v 2.0000000000 2.0000000000 -2.6206896552
v 2.0000000000 2.0000000000 -2.4827586207
v 2.0000000000 2.0000000000 -2.3448275862
v 2.0000000000 2.0000000000 -2.2068965517
v 2.0000000000 2.0000000000 -2.0689655172
v 2.0000000000 2.0000000000 -1.9310344828
v 2.0000000000 2.0000000000 -1.7931034483
v 2.0000000000 2.0000000000 -1.6551724138
v 2.0000000000 2.0000000000 -1.5172413793
v 2.0000000000 2.0000000000 -1.3793103448
v 2.0000000000 2.0000000000 -1.2413793103
v 2.0000000000 2.0000000000 -1.1034482759
v 2.0000000000 2.0000000000 -0.9655172414
v 2.0000000000 2.0000000000 -0.8275862069
v 2.0000000000 2.0000000000 -0.6896551724
v 2.0000000000 2.0000000000 -0.5517241379
v 2.0000000000 2.0000000000 -0.4137931034
v 2.0000000000 2.0000000000 -0.2758620690
v 2.0000000000 2.0000000000 -0.1379310345
v 2.0000000000 2.0000000000 0.0000000000
v -2.0000000000 -2.0000000000 -4.0000000000
v -2.0000000000 -2.0000000000 -3.8620689655
v -2.0000000000 -2.0000000000 -3.7241379310
v -2.0000000000 -2.0000000000 -3.5862068966
v -2.0000000000 -2.0000000000 -3.4482758621
v -2.0000000000 -2.0000000000 -3.3103448276
v -2.0000000000 -2.0000000000 -3.1724137931
v -2.0000000000 -2.0000000000 -3.0344827586
v -2.0000000000 -2.0000000000 -2.8965517241
v -2.0000000000 -2.0000000000 -2.7586206897
v -2.0000000000 -2.0000000000 -2.6206896552
v -2.0000000000 -2.0000000000 -2.4827586207
v -2.0000000000 -2.0000000000 -2.3448275862
v -2.0000000000 -2.0000000000 -2.2068965517
v -2.0000000000 -2.0000000000 -2.0689655172
v -2.0000000000 -2.0000000000 -1.9310344828
v -2.0000000000 -2.0000000000 -1.7931034483
v -2.0000000000 -2.0000000000 -1.6551724138
v -2.0000000000 -2.0000000000 -1.5172413793
v -2.0000000000 -2.0000000000 -1.3793103448
v -2.0000000000 -2.0000000000 -1.2413793103
v -2.0000000000 -2.0000000000 -1.1034482759
v -2.0000000000 -2.0000000000 -0.9655172414
v -2.0000000000 -2.0000000000 -0.8275862069
v -2.0000000000 -2.0000000000 -0.6896551724
v -2.0000000000 -2.0000000000 -0.5517241379
v -2.0000000000 -2.0000000000 -0.4137931034
v -2.0000000000 -2.0000000000 -0.2758620690
v -2.0000000000 -2.0000000000 -0.1379310345
v -2.0000000000 -2.0000000000 0.0000000000
v -1.8620689655 -2.0000000000 -4.0000000000
v -1.8620689655 -2.0000000000 -3.8620689655
v -1.8620689655 -2.0000000000 -3.7241379310
v -1.8620689655 -2.0000000000 -3.5862068966
v -1.8620689655 -2.0000000000 -3.4482758621
v -1.8620689655 -2.0000000000 -3.3103448276
v -1.8620689655 -2.0000000000 -3.1724137931
v -1.8620689655 -2.0000000000 -3.0344827586
v -1.8620689655 -2.0000000000 -2.8965517241
v -1.8620689655 -2.0000000000 -2.7586206897
v -1.8620689655 -2.0000000000 -2.6206896552
v -1.8620689655 -2.0000000000 -2.4827586207
v -1.8620689655 -2.0000000000 -2.3448275862
v -1.8620689655 -2.0000000000 -2.2068965517
v -1.8620689655 -2.0000000000 -2.0689655172
v -1.8620689655 -2.0000000000 -1.9310344828
v -1.8620689655 -2.0000000000 -1.7931034483
v -1.8620689655 -2.0000000000 -1.6551724138
v -1.8620689655 -2.0000000000 -1.5172413793
v -1.8620689655 -2.0000000000 -1.3793103448
v -1.8620689655 -2.0000000000 -1.2413793103
v -1.8620689655 -2.0000000000 -1.1034482759
v -1.8620689655 -2.0000000000 -0.9655172414
v -1.8620689655 -2.0000000000 -0.8275862069
v -1.8620689655 -2.0000000000 -0.6896551724
v -1.8620689655 -2.0000000000 -0.5517241379
v -1.8620689655 -2.0000000000 -0.4137931034
v -1.8620689655 -2.0000000000 -0.2758620690
v -1.8620689655 -2.0000000000 -0.1379310345
v -1.8620689655 -2.0000000000 0.0000000000
v -1.7241379310 -2.0000000000 -4.0000000000
v -1.7241379310 -2.0000000000 -3.8620689655
v -1.7241379310 -2.0000000000 -3.7241379310
v -1.7241379310 -2.0000000000 -3.5862068966
v -1.7241379310 -2.0000000000 -3.4482758621
v -1.7241379310 -2.0000000000 -3.3103448276
v -1.7241379310 -2.0000000000 -3.1724137931
v -1.7241379310 -2.0000000000 -3.0344827586
v -1.7241379310 -2.0000000000 -2.8965517241
v -1.7241379310 -2.0000000000 -2.7586206897
v -1.7241379310 -2.0000000000 -2.6206896552
v -1.7241379310 -2.0000000000 -2.4827586207
v -1.7241379310 -2.0000000000 -2.3448275862
v -1.7241379310 -2.0000000000 -2.2068965517
v -1.7241379310 -2.0000000000 -2.0689655172
v -1.7241379310 -2.0000000000 -1.9310344828
v -1.7241379310 -2.0000000000 -1.7931034483
v -1.7241379310 -2.0000000000 -1.6551724138
v -1.7241379310 -2.0000000000 -1.5172413793
v -1.7241379310 -2.0000000000 -1.3793103448
v -1.7241379310 -2.0000000000 -1.2413793103
v -1.7241379310 -2.0000000000 -1.1034482759
v -1.7241379310 -2.0000000000 -0.9655172414
v -1.7241379310 -2.0000000000 -0.8275862069
v -1.7241379310 -2.0000000000 -0.6896551724
v -1.7241379310 -2.0000000000 -0.5517241379
v -1.7241379310 -2.0000000000 -0.4137931034
v -1.7241379310 -2.0000000000 -0.2758620690
v -1.7241379310 -2.0000000000 -0.1379310345
v -1.7241379310 -2.0000000000 0.0000000000
v -1.5862068966 -2.0000000000 -4.0000000000
v -1.5862068966 -2.0000000000 -3.8620689655
v -1.5862068966 -2.0000000000 -3.7241379310
v -1.5862068966 -2.0000000000 -3.5862068966
v -1.5862068966 -2.0000000000 -3.4482758621
v -1.5862068966 -2.0000000000 -3.3103448276
v -1.5862068966 -2.0000000000 -3.1724137931
v -1.5862068966 -2.0000000000 -3.0344827586
v -1.5862068966 -2.0000000000 -2.8965517241
v -1.5862068966 -2.0000000000 -2.7586206897
v -1.5862068966 -2.0000000000 -2.6206896552
v -1.5862068966 -2.0000000000 -2.4827586207
v -1.5862068966 -2.0000000000 -2.3448275862
v -1.5862068966 -2.0000000000 -2.2068965517
v -1.5862068966 -2.0000000000 -2.0689655172
v -1.5862068966 -2.0000000000 -1.9310344828
v -1.5862068966 -2.0000000000 -1.7931034483
v -1.5862068966 -2.0000000000 -1.6551724138
v -1.5862068966 -2.0000000000 -1.5172413793
v -1.5862068966 -2.0000000000 -1.3793103448
v -1.5862068966 -2.0000000000 -1.2413793103
v -1.5862068966 -2.0000000000 -1.1034482759
v -1.5862068966 -2.0000000000 -0.9655172414
v -1.5862068966 -2.0000000000 -0.8275862069
v -1.5862068966 -2.0000000000 -0.6896551724
v -1.5862068966 -2.0000000000 -0.5517241379
v -1.5862068966 -2.0000000000 -0.4137931034
v -1.5862068966 -2.0000000000 -0.2758620690
v -1.5862068966 -2.0000000000 -0.1379310345
v -1.5862068966 -2.0000000000 0.0000000000
v -1.4482758621 -2.0000000000 -4.0000000000
v -1.4482758621 -2.0000000000 -3.8620689655
v -1.4482758621 -2.0000000000 -3.7241379310
v -1.4482758621 -2.0000000000 -3.5862068966
v -1.4482758621 -2.0000000000 -3.4482758621
v -1.4482758621 -2.0000000000 -3.3103448276
v -1.4482758621 -2.0000000000 -3.1724137931
v -1.4482758621 -2.0000000000 -3.0344827586
v -1.4482758621 -2.0000000000 -2.8965517241
v -1.4482758621 -2.0000000000 -2.7586206897
v -1.4482758621 -2.0000000000 -2.6206896552
v -1.4482758621 -2.0000000000 -2.4827586207
v -1.4482758621 -2.0000000000 -2.3448275862
v -1.4482758621 -2.0000000000 -2.2068965517
v -1.4482758621 -2.0000000000 -2.0689655172
v -1.4482758621 -2.0000000000 -1.9310344828
v -1.4482758621 -2.0000000000 -1.7931034483
v -1.4482758621 -2.0000000000 -1.6551724138
v -1.4482758621 -2.0000000000 -1.5172413793
v -1.4482758621 -2.0000000000 -1.3793103448
v -1.4482758621 -2.0000000000 -1.2413793103
v -1.4482758621 -2.0000000000 -1.1034482759
v -1.4482758621 -2.0000000000 -0.9655172414
v -1.4482758621 -2.0000000000 -0.8275862069
v -1.4482758621 -2.0000000000 -0.6896551724
v -1.4482758621 -2.0000000000 -0.5517241379
v -1.4482758621 -2.0000000000 -0.4137931034
v -1.4482758621 -2.0000000000 -0.2758620690
v -1.4482758621 -2.0000000000 -0.1379310345
v -1.4482758621 -2.0000000000 0.0000000000
v -1.3103448276 -2.0000000000 -4.0000000000
v -1.3103448276 -2.0000000000 -3.8620689655
v -1.3103448276 -2.0000000000 -3.7241379310
v -1.3103448276 -2.0000000000 -3.5862068966
v -1.3103448276 -2.0000000000 -3.4482758621
v -1.3103448276 -2.0000000000 -3.3103448276
v -1.3103448276 -2.0000000000 -3.1724137931
v -1.3103448276 -2.0000000000 -3.0344827586
v -1.3103448276 -2.0000000000 -2.8965517241
v -1.3103448276 -2.0000000000 -2.7586206897
v -1.3103448276 -2.0000000000 -2.6206896552
v -1.3103448276 -2.0000000000 -2.4827586207
v -1.3103448276 -2.0000000000 -2.3448275862
v -1.3103448276 -2.0000000000 -2.2068965517
v -1.3103448276 -2.0000000000 -2.0689655172
v -1.3103448276 -2.0000000000 -1.9310344828
v -1.3103448276 -2.0000000000 -1.7931034483
v -1.3103448276 -2.0000000000 -1.6551724138
v -1.3103448276 -2.0000000000 -1.5172413793
v -1.3103448276 -2.0000000000 -1.3793103448
v -1.3103448276 -2.0000000000 -1.2413793103
v -1.3103448276 -2.0000000000 -1.1034482759
v -1.3103448276 -2.0000000000 -0.9655172414
v -1.3103448276 -2.0000000000 -0.8275862069
v -1.3103448276 -2.0000000000 -0.6896551724
v -1.3103448276 -2.0000000000 -0.5517241379
v -1.3103448276 -2.0000000000 -0.4137931034
v -1.3103448276 -2.0000000000 -0.2758620690
v -1.3103448276 -2.0000000000 -0.1379310345
v -1.3103448276 -2.0000000000 0.0000000000
v -1.1724137931 -2.0000000000 -4.0000000000
v -1.1724137931 -2.0000000000 -3.8620689655
v -1.1724137931 -2.0000000000 -3.7241379310
v -1.1724137931 -2.0000000000 -3.5862068966
v -1.1724137931 -2.0000000000 -3.4482758621
v -1.1724137931 -2.0000000000 -3.3103448276
v -1.1724137931 -2.0000000000 -3.1724137931
v -1.1724137931 -2.0000000000 -3.0344827586
v -1.1724137931 -2.0000000000 -2.8965517241
v -1.1724137931 -2.0000000000 -2.7586206897
v -1.1724137931 -2.0000000000 -2.6206896552
v -1.1724137931 -2.0000000000 -2.4827586207
v -1.1724137931 -2.0000000000 -2.3448275862
v -1.1724137931 -2.0000000000 -2.2068965517
v -1.1724137931 -2.0000000000 -2.0689655172
v -1.1724137931 -2.0000000000 -1.9310344828
v -1.1724137931 -2.0000000000 -1.7931034483
v -1.1724137931 -2.0000000000 -1.6551724138
v -1.1724137931 -2.0000000000 -1.5172413793
v -1.1724137931 -2.0000000000 -1.3793103448
v -1.1724137931 -2.0000000000 -1.2413793103
v -1.1724137931 -2.0000000000 -1.1034482759
v -1.1724137931 -2.0000000000 -0.9655172414
v -1.1724137931 -2.0000000000 -0.8275862069
v -1.1724137931 -2.0000000000 -0.6896551724
v -1.1724137931 -2.0000000000 -0.5517241379
v -1.1724137931 -2.0000000000 -0.4137931034
v -1.1724137931 -2.0000000000 -0.2758620690
v -1.1724137931 -2.0000000000 -0.1379310345
v -1.1724137931 -2.0000000000 0.0000000000
v -1.0344827586 -2.0000000000 -4.0000000000
v -1.0344827586 -2.0000000000 -3.8620689655
v -1.0344827586 -2.0000000000 -3.7241379310
v -1.0344827586 -2.0000000000 -3.5862068966
v -1.0344827586 -2.0000000000 -3.4482758621
v -1.0344827586 -2.0000000000 -3.3103448276
v -1.0344827586 -2.0000000000 -3.1724137931
v -1.0344827586 -2.0000000000 -3.0344827586
v -1.0344827586 -2.0000000000 -2.8965517241
v -1.0344827586 -2.0000000000 -2.7586206897
v -1.0344827586 -2.0000000000 -2.6206896552
v -1.0344827586 -2.0000000000 -2.4827586207
v -1.0344827586 -2.0000000000 -2.3448275862
v -1.0344827586 -2.0000000000 -2.2068965517
v -1.0344827586 -2.0000000000 -2.0689655172
v -1.0344827586 -2.0000000000 -1.9310344828
v -1.0344827586 -2.0000000000 -1.7931034483
v -1.0344827586 -2.0000000000 -1.6551724138
v -1.0344827586 -2.0000000000 -1.5172413793
v -1.0344827586 -2.0000000000 -1.3793103448
v -1.0344827586 -2.0000000000 -1.2413793103
v -1.0344827586 -2.0000000000 -1.1034482759
v -1.0344827586 -2.0000000000 -0.9655172414
v -1.0344827586 -2.0000000000 -0.8275862069
v -1.0344827586 -2.0000000000 -0.6896551724
v -1.0344827586 -2.0000000000 -0.5517241379
v -1.0344827586 -2.0000000000 -0.4137931034
v -1.0344827586 -2.0000000000 -0.2758620690
v -1.0344827586 -2.0000000000 -0.1379310345
v -1.0344827586 -2.0000000000 0.0000000000
v -0.8965517241 -2.0000000000 -4.0000000000
v -0.8965517241 -2.0000000000 -3.8620689655
v -0.8965517241 -2.0000000000 -3.7241379310
v -0.8965517241 -2.0000000000 -3.5862068966
v -0.8965517241 -2.0000000000 -3.4482758621
v -0.8965517241 -2.0000000000 -3.3103448276
v -0.8965517241 -2.0000000000 -3.1724137931
v -0.8965517241 -2.0000000000 -3.0344827586
v -0.8965517241 -2.0000000000 -2.8965517241
v -0.8965517241 -2.0000000000 -2.7586206897
v -0.8965517241 -2.0000000000 -2.6206896552
v -0.8965517241 -2.0000000000 -2.4827586207
v -0.8965517241 -2.0000000000 -2.3448275862
v -0.8965517241 -2.0000000000 -2.2068965517
v -0.8965517241 -2.0000000000 -2.0689655172
v -0.8965517241 -2.0000000000 -1.9310344828
v -0.8965517241 -2.0000000000 -1.7931034483
v -0.8965517241 -2.0000000000 -1.6551724138
v -0.8965517241 -2.0000000000 -1.5172413793
v -0.8965517241 -2.0000000000 -1.3793103448
v -0.8965517241 -2.0000000000 -1.2413793103
v -0.8965517241 -2.0000000000 -1.1034482759
v -0.8965517241 -2.0000000000 -0.9655172414
v -0.8965517241 -2.0000000000 -0.8275862069
v -0.8965517241 -2.0000000000 -0.6896551724
v -0.8965517241 -2.0000000000 -0.5517241379
v -0.8965517241 -2.0000000000 -0.4137931034
v -0.8965517241 -2.0000000000 -0.2758620690
v -0.8965517241 -2.0000000000 -0.1379310345
v -0.8965517241 -2.0000000000 0.0000000000
v -0.7586206897 -2.0000000000 -4.0000000000
v -0.7586206897 -2.0000000000 -3.8620689655
v -0.7586206897 -2.0000000000 -3.7241379310
v -0.7586206897 -2.0000000000 -3.5862068966
v -0.7586206897 -2.0000000000 -3.4482758621
v -0.7586206897 -2.0000000000 -3.3103448276
v -0.7586206897 -2.0000000000 -3.1724137931
v -0.7586206897 -2.0000000000 -3.0344827586
v -0.7586206897 -2.0000000000 -2.8965517241
v -0.7586206897 -2.0000000000 -2.7586206897
v -0.7586206897 -2.0000000000 -2.6206896552
v -0.7586206897 -2.0000000000 -2.4827586207
v -0.7586206897 -2.0000000000 -2.3448275862
v -0.7586206897 -2.0000000000 -2.2068965517
v -0.7586206897 -2.0000000000 -2.0689655172
v -0.7586206897 -2.0000000000 -1.9310344828
v -0.7586206897 -2.0000000000 -1.7931034483
v -0.7586206897 -2.0000000000 -1.6551724138
v -0.7586206897 -2.0000000000 -1.5172413793
v -0.7586206897 -2.0000000000 -1.3793103448
v -0.7586206897 -2.0000000000 -1.2413793103
v -0.7586206897 -2.0000000000 -1.1034482759
v -0.7586206897 -2.0000000000 -0.9655172414
v -0.7586206897 -2.0000000000 -0.8275862069
v -0.7586206897 -2.0000000000 -0.6896551724
v -0.7586206897 -2.0000000000 -0.5517241379
v -0.7586206897 -2.0000000000 -0.4137931034
v -0.7586206897 -2.0000000000 -0.2758620690
v -0.7586206897 -2.0000000000 -0.1379310345
v -0.7586206897 -2.0000000000 0.0000000000
v -0.6206896552 -2.0000000000 -4.0000000000
v -0.6206896552 -2.0000000000 -3.8620689655
v -0.6206896552 -2.0000000000 -3.7241379310
v -0.6206896552 -2.0000000000 -3.5862068966
v -0.6206896552 -2.0000000000 -3.4482758621
v -0.6206896552 -2.0000000000 -3.3103448276
v -0.6206896552 -2.0000000000 -3.1724137931
v -0.6206896552 -2.0000000000 -3.0344827586
v -0.6206896552 -2.0000000000 -2.8965517241
v -0.6206896552 -2.0000000000 -2.7586206897
v -0.6206896552 -2.0000000000 -2.6206896552
v -0.6206896552 -2.0000000000 -2.4827586207
v -0.6206896552 -2.0000000000 -2.3448275862
v -0.6206896552 -2.0000000000 -2.2068965517
v -0.6206896552 -2.0000000000 -2.0689655172
v -0.6206896552 -2.0000000000 -1.9310344828
v -0.6206896552 -2.0000000000 -1.7931034483
v -0.6206896552 -2.0000000000 -1.6551724138
v -0.6206896552 -2.0000000000 -1.5172413793
v -0.6206896552 -2.0000000000 -1.3793103448
v -0.6206896552 -2.0000000000 -1.2413793103
v -0.6206896552 -2.0000000000 -1.1034482759
v -0.6206896552 -2.0000000000 -0.9655172414
v -0.6206896552 -2.0000000000 -0.8275862069
v -0.6206896552 -2.0000000000 -0.6896551724
v -0.6206896552 -2.0000000000 -0.5517241379
v -0.6206896552 -2.0000000000 -0.4137931034
v -0.6206896552 -2.0000000000 -0.2758620690
v -0.6206896552 -2.0000000000 -0.1379310345
v -0.6206896552 -2.0000000000 0.0000000000
v -0.4827586207 -2.0000000000 -4.0000000000
v -0.4827586207 -2.0000000000 -3.8620689655
v -0.4827586207 -2.0000000000 -3.7241379310
v -0.4827586207 -2.0000000000 -3.5862068966
v -0.4827586207 -2.0000000000 -3.4482758621
v -0.4827586207 -2.0000000000 -3.3103448276
v -0.4827586207 -2.0000000000 -3.1724137931
v -0.4827586207 -2.0000000000 -3.0344827586
v -0.4827586207 -2.0000000000 -2.8965517241
v -0.4827586207 -2.0000000000 -2.7586206897
v -0.4827586207 -2.0000000000 -2.6206896552
v -0.4827586207 -2.0000000000 -2.4827586207
v -0.4827586207 -2.0000000000 -2.3448275862
v -0.4827586207 -2.0000000000 -2.2068965517
v -0.4827586207 -2.0000000000 -2.0689655172
v -0.4827586207 -2.0000000000 -1.9310344828
v -0.4827586207 -2.0000000000 -1.7931034483
v -0.4827586207 -2.0000000000 -1.6551724138
v -0.4827586207 -2.0000000000 -1.5172413793
v -0.4827586207 -2.0000000000 -1.3793103448
v -0.4827586207 -2.0000000000 -1.2413793103
v -0.4827586207 -2.0000000000 -1.1034482759
v -0.4827586207 -2.0000000000 -0.9655172414
v -0.4827586207 -2.0000000000 -0.8275862069
v -0.4827586207 -2.0000000000 -0.6896551724
v -0.4827586207 -2.0000000000 -0.5517241379
v -0.4827586207 -2.0000000000 -0.4137931034
v -0.4827586207 -2.0000000000 -0.2758620690
v -0.4827586207 -2.0000000000 -0.1379310345
v -0.4827586207 -2.0000000000 0.0000000000
v -0.3448275862 -2.0000000000 -4.0000000000
v -0.3448275862 -2.0000000000 -3.8620689655
v -0.3448275862 -2.0000000000 -3.7241379310
v -0.3448275862 -2.0000000000 -3.5862068966
v -0.3448275862 -2.0000000000 -3.4482758621
v -0.3448275862 -2.0000000000 -3.3103448276
v -0.3448275862 -2.0000000000 -3.1724137931
v -0.3448275862 -2.0000000000 -3.0344827586
v -0.3448275862 -2.0000000000 -2.8965517241
v -0.3448275862 -2.0000000000 -2.7586206897
v -0.3448275862 -2.0000000000 -2.6206896552
v -0.3448275862 -2.0000000000 -2.4827586207
v -0.3448275862 -2.0000000000 -2.3448275862
v -0.3448275862 -2.0000000000 -2.2068965517
v -0.3448275862 -2.0000000000 -2.0689655172
v -0.3448275862 -2.0000000000 -1.9310344828
v -0.3448275862 -2.0000000000 -1.7931034483
v -0.3448275862 -2.0000000000 -1.6551724138
v -0.3448275862 -2.0000000000 -1.5172413793
v -0.3448275862 -2.0000000000 -1.3793103448
v -0.3448275862 -2.0000000000 -1.2413793103
v -0.3448275862 -2.0000000000 -1.1034482759
v -0.3448275862 -2.0000000000 -0.9655172414
v -0.3448275862 -2.0000000000 -0.8275862069
v -0.3448275862 -2.0000000000 -0.6896551724
v -0.3448275862 -2.0000000000 -0.5517241379
v -0.3448275862 -2.0000000000 -0.4137931034
v -0.3448275862 -2.0000000000 -0.2758620690
v -0.3448275862 -2.0000000000 -0.1379310345
v -0.3448275862 -2.0000000000 0.0000000000
v -0.2068965517 -2.0000000000 -4.0000000000
v -0.2068965517 -2.0000000000 -3.8620689655
v -0.2068965517 -2.0000000000 -3.7241379310
v -0.2068965517 -2.0000000000 -3.5862068966
v -0.2068965517 -2.0000000000 -3.4482758621
v -0.2068965517 -2.0000000000 -3.3103448276
v -0.2068965517 -2.0000000000 -3.1724137931
v -0.2068965517 -2.0000000000 -3.0344827586
v -0.2068965517 -2.0000000000 -2.8965517241
v -0.2068965517 -2.0000000000 -2.7586206897
v -0.2068965517 -2.0000000000 -2.6206896552
v -0.2068965517 -2.0000000000 -2.4827586207
v -0.2068965517 -2.0000000000 -2.3448275862
v -0.2068965517 -2.0000000000 -2.2068965517
v -0.2068965517 -2.0000000000 -2.0689655172
v -0.2068965517 -2.0000000000 -1.9310344828
v -0.2068965517 -2.0000000000 -1.7931034483
v -0.2068965517 -2.0000000000 -1.6551724138
v -0.2068965517 -2.0000000000 -1.5172413793
v -0.2068965517 -2.0000000000 -1.3793103448
v -0.2068965517 -2.0000000000 -1.2413793103
v -0.2068965517 -2.0000000000 -1.1034482759
v -0.2068965517 -2.0000000000 -0.9655172414
v -0.2068965517 -2.0000000000 -0.8275862069
v -0.2068965517 -2.0000000000 -0.6896551724
v -0.2068965517 -2.0000000000 -0.5517241379
v -0.2068965517 -2.0000000000 -0.4137931034
v -0.2068965517 -2.0000000000 -0.2758620690
v -0.2068965517 -2.0000000000 -0.1379310345
v -0.2068965517 -2.0000000000 0.0000000000
v -0.0689655172 -2.0000000000 -4.0000000000
v -0.0689655172 -2.0000000000 -3.8620689655
v -0.0689655172 -2.0000000000 -3.7241379310
v -0.0689655172 -2.0000000000 -3.5862068966
v -0.0689655172 -2.0000000000 -3.4482758621
v -0.0689655172 -2.0000000000 -3.3103448276
v -0.0689655172 -2.0000000000 -3.1724137931
v -0.0689655172 -2.0000000000 -3.0344827586
v -0.0689655172 -2.0000000000 -2.8965517241
v -0.0689655172 -2.0000000000 -2.7586206897
v -0.0689655172 -2.0000000000 -2.6206896552
v -0.0689655172 -2.0000000000 -2.4827586207
v -0.0689655172 -2.0000000000 -2.3448275862
v -0.0689655172 -2.0000000000 -2.2068965517
v -0.0689655172 -2.0000000000 -2.0689655172
v -0.0689655172 -2.0000000000 -1.9310344828
v -0.0689655172 -2.0000000000 -1.7931034483
v -0.0689655172 -2.0000000000 -1.6551724138
v -0.0689655172 -2.0000000000 -1.5172413793
v -0.0689655172 -2.0000000000 -1.3793103448
v -0.0689655172 -2.0000000000 -1.2413793103
v -0.0689655172 -2.0000000000 -1.1034482759
v -0.0689655172 -2.0000000000 -0.9655172414
v -0.0689655172 -2.0000000000 -0.8275862069
v -0.0689655172 -2.0000000000 -0.6896551724
v -0.0689655172 -2.0000000000 -0.5517241379
v -0.0689655172 -2.0000000000 -0.4137931034
v -0.0689655172 -2.0000000000 -0.2758620690
v -0.0689655172 -2.0000000000 -0.1379310345
v -0.0689655172 -2.0000000000 0.0000000000
v 0.0689655172 -2.0000000000 -4.0000000000
v 0.0689655172 -2.0000000000 -3.8620689655
v 0.0689655172 -2.0000000000 -3.7241379310
v 0.0689655172 -2.0000000000 -3.5862068966
v 0.0689655172 -2.0000000000 -3.4482758621
v 0.0689655172 -2.0000000000 -3.3103448276
v 0.0689655172 -2.0000000000 -3.1724137931
v 0.0689655172 -2.0000000000 -3.0344827586
v 0.0689655172 -2.0000000000 -2.8965517241
v 0.0689655172 -2.0000000000 -2.7586206897
v 0.0689655172 -2.0000000000 -2.6206896552
v 0.0689655172 -2.0000000000 -2.4827586207
v 0.0689655172 -2.0000000000 -2.3448275862
v 0.0689655172 -2.0000000000 -2.2068965517
v 0.0689655172 -2.0000000000 -2.0689655172
v 0.0689655172 -2.0000000000 -1.9310344828
v 0.0689655172 -2.0000000000 -1.7931034483
v 0.0689655172 -2.0000000000 -1.6551724138
v 0.0689655172 -2.0000000000 -1.5172413793
v 0.0689655172 -2.0000000000 -1.3793103448
v 0.0689655172 -2.0000000000 -1.2413793103
v 0.0689655172 -2.0000000000 -1.1034482759
v 0.0689655172 -2.0000000000 -0.9655172414
v 0.0689655172 -2.0000000000 -0.8275862069
v 0.0689655172 -2.0000000000 -0.6896551724
v 0.0689655172 -2.0000000000 -0.5517241379
v 0.0689655172 -2.0000000000 -0.4137931034
v 0.0689655172 -2.0000000000 -0.2758620690
v 0.0689655172 -2.0000000000 -0.1379310345
v 0.0689655172 -2.0000000000 0.0000000000
v 0.2068965517 -2.0000000000 -4.0000000000
v 0.2068965517 -2.0000000000 -3.8620689655
v 0.2068965517 -2.0000000000 -3.7241379310
v 0.2068965517 -2.0000000000 -3.5862068966
v 0.2068965517 -2.0000000000 -3.4482758621
v 0.2068965517 -2.0000000000 -3.3103448276
v 0.2068965517 -2.0000000000 -3.1724137931
v 0.2068965517 -2.0000000000 -3.0344827586
v 0.2068965517 -2.0000000000 -2.8965517241
v 0.2068965517 -2.0000000000 -2.7586206897
v 0.2068965517 -2.0000000000 -2.6206896552
v 0.2068965517 -2.0000000000 -2.4827586207
v 0.2068965517 -2.0000000000 -2.3448275862
v 0.2068965517 -2.0000000000 -2.2068965517
v 0.2068965517 -2.0000000000 -2.0689655172
v 0.2068965517 -2.0000000000 -1.9310344828
v 0.2068965517 -2.0000000000 -1.7931034483
v 0.2068965517 -2.0000000000 -1.6551724138
v 0.2068965517 -2.0000000000 -1.5172413793
v 0.2068965517 -2.0000000000 -1.3793103448
v 0.2068965517 -2.0000000000 -1.2413793103
v 0.2068965517 -2.0000000000 -1.1034482759
v 0.2068965517 -2.0000000000 -0.9655172414
v 0.2068965517 -2.0000000000 -0.8275862069
v 0.2068965517 -2.0000000000 -0.6896551724
v 0.2068965517 -2.0000000000 -0.5517241379
v 0.2068965517 -2.0000000000 -0.4137931034
v 0.2068965517 -2.0000000000 -0.2758620690
v 0.2068965517 -2.0000000000 -0.1379310345
v 0.2068965517 -2.0000000000 0.0000000000
v 0.3448275862 -2.0000000000 -4.0000000000
v 0.3448275862 -2.0000000000 -3.8620689655
v 0.3448275862 -2.0000000000 -3.7241379310
v 0.3448275862 -2.0000000000 -3.5862068966
v 0.3448275862 -2.0000000000 -3.4482758621
v 0.3448275862 -2.0000000000 -3.3103448276
v 0.3448275862 -2.0000000000 -3.1724137931
v 0.3448275862 -2.0000000000 -3.0344827586
v 0.3448275862 -2.0000000000 -2.8965517241
v 0.3448275862 -2.0000000000 -2.7586206897
v 0.3448275862 -2.0000000000 -2.6206896552
v 0.3448275862 -2.0000000000 -2.4827586207
v 0.3448275862 -2.0000000000 -2.3448275862
v 0.3448275862 -2.0000000000 -2.2068965517
v 0.3448275862 -2.0000000000 -2.0689655172
v 0.3448275862 -2.0000000000 -1.9310344828
v 0.3448275862 -2.0000000000 -1.7931034483
v 0.3448275862 -2.0000000000 -1.6551724138
v 0.3448275862 -2.0000000000 -1.5172413793
v 0.3448275862 -2.0000000000 -1.3793103448
v 0.3448275862 -2.0000000000 -1.2413793103
v 0.3448275862 -2.0000000000 -1.1034482759
v 0.3448275862 -2.0000000000 -0.9655172414
v 0.3448275862 -2.0000000000 -0.8275862069
v 0.3448275862 -2.0000000000 -0.6896551724
v 0.3448275862 -2.0000000000 -0.5517241379
v 0.3448275862 -2.0000000000 -0.4137931034
v 0.3448275862 -2.0000000000 -0.2758620690
v 0.3448275862 -2.0000000000 -0.1379310345
v 0.3448275862 -2.0000000000 0.0000000000
v 0.4827586207 -2.0000000000 -4.0000000000
v 0.4827586207 -2.0000000000 -3.8620689655
v 0.4827586207 -2.0000000000 -3.7241379310
v 0.4827586207 -2.0000000000 -3.5862068966
v 0.4827586207 -2.0000000000 -3.4482758621
v 0.4827586207 -2.0000000000 -3.3103448276
v 0.4827586207 -2.0000000000 -3.1724137931
v 0.4827586207 -2.0000000000 -3.0344827586
v 0.4827586207 -2.0000000000 -2.8965517241
v 0.4827586207 -2.0000000000 -2.7586206897
v 0.4827586207 -2.0000000000 -2.6206896552
v 0.4827586207 -2.0000000000 -2.4827586207
v 0.4827586207 -2.0000000000 -2.3448275862
v 0.4827586207 -2.0000000000 -2.2068965517
v 0.4827586207 -2.0000000000 -2.0689655172
v 0.4827586207 -2.0000000000 -1.9310344828
v 0.4827586207 -2.0000000000 -1.7931034483
v 0.4827586207 -2.0000000000 -1.6551724138
v 0.4827586207 -2.0000000000 -1.5172413793
v 0.4827586207 -2.0000000000 -1.3793103448
v 0.4827586207 -2.0000000000 -1.2413793103
v 0.4827586207 -2.0000000000 -1.1034482759
v 0.4827586207 -2.0000000000 -0.9655172414
v 0.4827586207 -2.0000000000 -0.8275862069
v 0.4827586207 -2.0000000000 -0.6896551724
v 0.4827586207 -2.0000000000 -0.5517241379
v 0.4827586207 -2.0000000000 -0.4137931034
v 0.4827586207 -2.0000000000 -0.2758620690
v 0.4827586207 -2.0000000000 -0.1379310345
v 0.4827586207 -2.0000000000 0.0000000000
v 0.6206896552 -2.0000000000 -4.0000000000
v 0.6206896552 -2.0000000000 -3.8620689655
v 0.6206896552 -2.0000000000 -3.7241379310
v 0.6206896552 -2.0000000000 -3.5862068966
v 0.6206896552 -2.0000000000 -3.4482758621
v 0.6206896552 -2.0000000000 -3.3103448276
v 0.6206896552 -2.0000000000 -3.1724137931
v 0.6206896552 -2.0000000000 -3.0344827586
v 0.6206896552 -2.0000000000 -2.8965517241
v 0.6206896552 -2.0000000000 -2.7586206897
v 0.6206896552 -2.0000000000 -2.6206896552
v 0.6206896552 -2.0000000000 -2.4827586207
v 0.6206896552 -2.0000000000 -2.3448275862
v 0.6206896552 -2.0000000000 -2.2068965517
v 0.6206896552 -2.0000000000 -2.0689655172
v 0.6206896552 -2.0000000000 -1.9310344828
v 0.6206896552 -2.0000000000 -1.7931034483
v 0.6206896552 -2.0000000000 -1.6551724138
v 0.6206896552 -2.0000000000 -1.5172413793
v 0.6206896552 -2.0000000000 -1.3793103448
v 0.6206896552 -2.0000000000 -1.2413793103
v 0.6206896552 -2.0000000000 -1.1034482759
v 0.6206896552 -2.0000000000 -0.9655172414
v 0.6206896552 -2.0000000000 -0.8275862069
v 0.6206896552 -2.0000000000 -0.6896551724
v 0.6206896552 -2.0000000000 -0.5517241379
v 0.6206896552 -2.0000000000 -0.4137931034
v 0.6206896552 -2.0000000000 -0.2758620690
v 0.6206896552 -2.0000000000 -0.1379310345
v 0.6206896552 -2.0000000000 0.0000000000
v 0.7586206897 -2.0000000000 -4.0000000000
v 0.7586206897 -2.0000000000 -3.8620689655
v 0.7586206897 -2.0000000000 -3.7241379310
v 0.7586206897 -2.0000000000 -3.5862068966
v 0.7586206897 -2.0000000000 -3.4482758621
v 0.7586206897 -2.0000000000 -3.3103448276
v 0.7586206897 -2.0000000000 -3.1724137931
v 0.7586206897 -2.0000000000 -3.0344827586
v 0.7586206897 -2.0000000000 -2.8965517241
v 0.7586206897 -2.0000000000 -2.7586206897
v 0.7586206897 -2.0000000000 -2.6206896552
v 0.7586206897 -2.0000000000 -2.4827586207
v 0.7586206897 -2.0000000000 -2.3448275862
v 0.7586206897 -2.0000000000 -2.2068965517
v 0.7586206897 -2.0000000000 -2.0689655172
v 0.7586206897 -2.0000000000 -1.9310344828
v 0.7586206897 -2.0000000000 -1.7931034483
v 0.7586206897 -2.0000000000 -1.6551724138
v 0.7586206897 -2.0000000000 -1.5172413793
v 0.7586206897 -2.0000000000 -1.3793103448
v 0.7586206897 -2.0000000000 -1.2413793103
v 0.7586206897 -2.0000000000 -1.1034482759
v 0.7586206897 -2.0000000000 -0.9655172414
v 0.7586206897 -2.0000000000 -0.8275862069
v 0.7586206897 -2.0000000000 -0.6896551724
v 0.7586206897 -2.0000000000 -0.5517241379
v 0.7586206897 -2.0000000000 -0.4137931034
v 0.7586206897 -2.0000000000 -0.2758620690
v 0.7586206897 -2.0000000000 -0.1379310345
v 0.7586206897 -2.0000000000 0.0000000000
v 0.8965517241 -2.0000000000 -4.0000000000
v 0.8965517241 -2.0000000000 -3.8620689655
v 0.8965517241 -2.0000000000 -3.7241379310
v 0.8965517241 -2.0000000000 -3.5862068966
v 0.8965517241 -2.0000000000 -3.4482758621
v 0.8965517241 -2.0000000000 -3.3103448276
v 0.8965517241 -2.0000000000 -3.1724137931
v 0.8965517241 -2.0000000000 -3.0344827586
v 0.8965517241 -2.0000000000 -2.8965517241
v 0.8965517241 -2.0000000000 -2.7586206897
v 0.8965517241 -2.0000000000 -2.6206896552
v 0.8965517241 -2.0000000000 -2.4827586207
v 0.8965517241 -2.0000000000 -2.3448275862
v 0.8965517241 -2.0000000000 -2.2068965517
v 0.8965517241 -2.0000000000 -2.0689655172
v 0.8965517241 -2.0000000000 -1.9310344828
v 0.8965517241 -2.0000000000 -1.7931034483
v 0.8965517241 -2.0000000000 -1.6551724138
v 0.8965517241 -2.0000000000 -1.5172413793
v 0.8965517241 -2.0000000000 -1.3793103448
v 0.8965517241 -2.0000000000 -1.2413793103
v 0.8965517241 -2.0000000000 -1.1034482759
v 0.8965517241 -2.0000000000 -0.9655172414
v 0.8965517241 -2.0000000000 -0.8275862069
v 0.8965517241 -2.0000000000 -0.6896551724
v 0.8965517241 -2.0000000000 -0.5517241379
v 0.8965517241 -2.0000000000 -0.4137931034
v 0.8965517241 -2.0000000000 -0.2758620690
v 0.8965517241 -2.0000000000 -0.1379310345
v 0.8965517241 -2.0000000000 0.0000000000
v 1.0344827586 -2.0000000000 -4.0000000000
v 1.0344827586 -2.0000000000 -3.8620689655
v 1.0344827586 -2.0000000000 -3.7241379310
v 1.0344827586 -2.0000000000 -3.5862068966
v 1.0344827586 -2.0000000000 -3.4482758621
v 1.0344827586 -2.0000000000 -3.3103448276
v 1.0344827586 -2.0000000000 -3.1724137931
v 1.0344827586 -2.0000000000 -3.0344827586
v 1.0344827586 -2.0000000000 -2.8965517241
v 1.0344827586 -2.0000000000 -2.7586206897
v 1.0344827586 -2.0000000000 -2.6206896552
v 1.0344827586 -2.0000000000 -2.4827586207
v 1.0344827586 -2.0000000000 -2.3448275862
v 1.0344827586 -2.0000000000 -2.2068965517
v 1.0344827586 -2.0000000000 -2.0689655172
v 1.0344827586 -2.0000000000 -1.9310344828
v 1.0344827586 -2.0000000000 -1.7931034483
v 1.0344827586 -2.0000000000 -1.6551724138
v 1.0344827586 -2.0000000000 -1.5172413793
v 1.0344827586 -2.0000000000 -1.3793103448
v 1.0344827586 -2.0000000000 -1.2413793103
v 1.0344827586 -2.0000000000 -1.1034482759
v 1.0344827586 -2.0000000000 -0.9655172414
v 1.0344827586 -2.0000000000 -0.8275862069
v 1.0344827586 -2.0000000000 -0.6896551724
v 1.0344827586 -2.0000000000 -0.5517241379
v 1.0344827586 -2.0000000000 -0.4137931034
v 1.0344827586 -2.0000000000 -0.2758620690
v 1.0344827586 -2.0000000000 -0.1379310345
v 1.0344827586 -2.0000000000 0.0000000000
v 1.1724137931 -2.0000000000 -4.0000000000
v 1.1724137931 -2.0000000000 -3.8620689655
v 1.1724137931 -2.0000000000 -3.7241379310
v 1.1724137931 -2.0000000000 -3.5862068966
v 1.1724137931 -2.0000000000 -3.4482758621
v 1.1724137931 -2.0000000000 -3.3103448276
v 1.1724137931 -2.0000000000 -3.1724137931
v 1.1724137931 -2.0000000000 -3.0344827586
v 1.1724137931 -2.0000000000 -2.8965517241
v 1.1724137931 -2.0000000000 -2.7586206897
v 1.1724137931 -2.0000000000 -2.6206896552
v 1.1724137931 -2.0000000000 -2.4827586207
v 1.1724137931 -2.0000000000 -2.3448275862
v 1.1724137931 -2.0000000000 -2.2068965517
v 1.1724137931 -2.0000000000 -2.0689655172
v 1.1724137931 -2.0000000000 -1.9310344828
v 1.1724137931 -2.0000000000 -1.7931034483
v 1.1724137931 -2.0000000000 -1.6551724138
v 1.1724137931 -2.0000000000 -1.5172413793
v 1.1724137931 -2.0000000000 -1.3793103448
v 1.1724137931 -2.0000000000 -1.2413793103
v 1.1724137931 -2.0000000000 -1.1034482759
v 1.1724137931 -2.0000000000 -0.9655172414
v 1.1724137931 -2.0000000000 -0.8275862069
v 1.1724137931 -2.0000000000 -0.6896551724
v 1.1724137931 -2.0000000000 -0.5517241379
v 1.1724137931 -2.0000000000 -0.4137931034
v 1.1724137931 -2.0000000000 -0.2758620690
v 1.1724137931 -2.0000000000 -0.1379310345
v 1.1724137931 -2.0000000000 0.0000000000
v 1.3103448276 -2.0000000000 -4.0000000000
v 1.3103448276 -2.0000000000 -3.8620689655
v 1.3103448276 -2.0000000000 -3.7241379310
v 1.3103448276 -2.0000000000 -3.5862068966
v 1.3103448276 -2.0000000000 -3.4482758621
v 1.3103448276 -2.0000000000 -3.3103448276
v 1.3103448276 -2.0000000000 -3.1724137931
v 1.3103448276 -2.0000000000 -3.0344827586
v 1.3103448276 -2.0000000000 -2.8965517241
v 1.3103448276 -2.0000000000 -2.7586206897
v 1.3103448276 -2.0000000000 -2.6206896552
v 1.3103448276 -2.0000000000 -2.4827586207
v 1.3103448276 -2.0000000000 -2.3448275862
v 1.3103448276 -2.0000000000 -2.2068965517
v 1.3103448276 -2.0000000000 -2.0689655172
v 1.3103448276 -2.0000000000 -1.9310344828
v 1.3103448276 -2.0000000000 -1.7931034483
v 1.3103448276 -2.0000000000 -1.6551724138
v 1.3103448276 -2.0000000000 -1.5172413793
v 1.3103448276 -2.0000000000 -1.3793103448
v 1.3103448276 -2.0000000000 -1.2413793103
v 1.3103448276 -2.0000000000 -1.1034482759
v 1.3103448276 -2.0000000000 -0.9655172414
v 1.3103448276 -2.0000000000 -0.8275862069
v 1.3103448276 -2.0000000000 -0.6896551724
v 1.3103448276 -2.0000000000 -0.5517241379
v 1.3103448276 -2.0000000000 -0.4137931034
v 1.3103448276 -2.0000000000 -0.2758620690
v 1.3103448276 -2.0000000000 -0.1379310345
v 1.3103448276 -2.0000000000 0.0000000000
v 1.4482758621 -2.0000000000 -4.0000000000
v 1.4482758621 -2.0000000000 -3.8620689655
v 1.4482758621 -2.0000000000 -3.7241379310
v 1.4482758621 -2.0000000000 -3.5862068966
v 1.4482758621 -2.0000000000 -3.4482758621
v 1.4482758621 -2.0000000000 -3.3103448276
v 1.4482758621 -2.0000000000 -3.1724137931
v 1.4482758621 -2.0000000000 -3.0344827586
v 1.4482758621 -2.0000000000 -2.8965517241
v 1.4482758621 -2.0000000000 -2.7586206897
v 1.4482758621 -2.0000000000 -2.6206896552
v 1.4482758621 -2.0000000000 -2.4827586207
v 1.4482758621 -2.0000000000 -2.3448275862
v 1.4482758621 -2.0000000000 -2.2068965517
v 1.4482758621 -2.0000000000 -2.0689655172
v 1.4482758621 -2.0000000000 -1.9310344828
v 1.4482758621 -2.0000000000 -1.7931034483
v 1.4482758621 -2.0000000000 -1.6551724138
v 1.4482758621 -2.0000000000 -1.5172413793
v 1.4482758621 -2.0000000000 -1.3793103448
v 1.4482758621 -2.0000000000 -1.2413793103
v 1.4482758621 -2.0000000000 -1.1034482759
v 1.4482758621 -2.0000000000 -0.9655172414
v 1.4482758621 -2.0000000000 -0.8275862069
v 1.4482758621 -2.0000000000 -0.6896551724
v 1.4482758621 -2.0000000000 -0.5517241379
v 1.4482758621 -2.0000000000 -0.4137931034
v 1.4482758621 -2.0000000000 -0.2758620690
v 1.4482758621 -2.0000000000 -0.1379310345
v 1.4482758621 -2.0000000000 0.0000000000
v 1.5862068966 -2.0000000000 -4.0000000000
v 1.5862068966 -2.0000000000 -3.8620689655
v 1.5862068966 -2.0000000000 -3.7241379310
v 1.5862068966 -2.0000000000 -3.5862068966
v 1.5862068966 -2.0000000000 -3.4482758621
v 1.5862068966 -2.0000000000 -3.3103448276
v 1.5862068966 -2.0000000000 -3.1724137931
v 1.5862068966 -2.0000000000 -3.0344827586
v 1.5862068966 -2.0000000000 -2.8965517241
v 1.5862068966 -2.0000000000 -2.7586206897
v 1.5862068966 -2.0000000000 -2.6206896552
v 1.5862068966 -2.0000000000 -2.4827586207
v 1.5862068966 -2.0000000000 -2.3448275862
v 1.5862068966 -2.0000000000 -2.2068965517
v 1.5862068966 -2.0000000000 -2.0689655172
v 1.5862068966 -2.0000000000 -1.9310344828
v 1.5862068966 -2.0000000000 -1.7931034483
v 1.5862068966 -2.0000000000 -1.6551724138
v 1.5862068966 -2.0000000000 -1.5172413793
v 1.5862068966 -2.0000000000 -1.3793103448
v 1.5862068966 -2.0000000000 -1.2413793103
v 1.5862068966 -2.0000000000 -1.1034482759
v 1.5862068966 -2.0000000000 -0.9655172414
v 1.5862068966 -2.0000000000 -0.8275862069
v 1.5862068966 -2.0000000000 -0.6896551724
v 1.5862068966 -2.0000000000 -0.5517241379
v 1.5862068966 -2.0000000000 -0.4137931034
v 1.5862068966 -2.0000000000 -0.2758620690
v 1.5862068966 -2.0000000000 -0.1379310345
v 1.5862068966 -2.0000000000 0.0000000000
v 1.7241379310 -2.0000000000 -4.0000000000
v 1.7241379310 -2.0000000000 -3.8620689655
v 1.7241379310 -2.0000000000 -3.7241379310
v 1.7241379310 -2.0000000000 -3.5862068966
v 1.7241379310 -2.0000000000 -3.4482758621
v 1.7241379310 -2.0000000000 -3.3103448276
v 1.7241379310 -2.0000000000 -3.1724137931
v 1.7241379310 -2.0000000000 -3.0344827586
v 1.7241379310 -2.0000000000 -2.8965517241
v 1.7241379310 -2.0000000000 -2.7586206897
v 1.7241379310 -2.0000000000 -2.6206896552
v 1.7241379310 -2.0000000000 -2.4827586207
v 1.7241379310 -2.0000000000 -2.3448275862
v 1.7241379310 -2.0000000000 -2.2068965517
v 1.7241379310 -2.0000000000 -2.0689655172
v 1.7241379310 -2.0000000000 -1.9310344828
v 1.7241379310 -2.0000000000 -1.7931034483
v 1.7241379310 -2.0000000000 -1.6551724138
v 1.7241379310 -2.0000000000 -1.5172413793
v 1.7241379310 -2.0000000000 -1.3793103448
v 1.7241379310 -2.0000000000 -1.2413793103
v 1.7241379310 -2.0000000000 -1.1034482759
v 1.7241379310 -2.0000000000 -0.9655172414
v 1.7241379310 -2.0000000000 -0.8275862069
v 1.7241379310 -2.0000000000 -0.6896551724
v 1.7241379310 -2.0000000000 -0.5517241379
v 1.7241379310 -2.0000000000 -0.4137931034
v 1.7241379310 -2.0000000000 -0.2758620690
v 1.7241379310 -2.0000000000 -0.1379310345
v 1.7241379310 -2.0000000000 0.0000000000
v 1.8620689655 -2.0000000000 -4.0000000000
v 1.8620689655 -2.0000000000 -3.8620689655
v 1.8620689655 -2.0000000000 -3.7241379310
v 1.8620689655 -2.0000000000 -3.5862068966
v 1.8620689655 -2.0000000000 -3.4482758621
v 1.8620689655 -2.0000000000 -3.3103448276
v 1.8620689655 -2.0000000000 -3.1724137931
v 1.8620689655 -2.0000000000 -3.0344827586
v 1.8620689655 -2.0000000000 -2.8965517241
v 1.8620689655 -2.0000000000 -2.7586206897
v 1.8620689655 -2.0000000000 -2.6206896552
v 1.8620689655 -2.0000000000 -2.4827586207
v 1.8620689655 -2.0000000000 -2.3448275862
v 1.8620689655 -2.0000000000 -2.2068965517
v 1.8620689655 -2.0000000000 -2.0689655172
v 1.8620689655 -2.0000000000 -1.9310344828
v 1.8620689655 -2.0000000000 -1.7931034483
v 1.8620689655 -2.0000000000 -1.6551724138
v 1.8620689655 -2.0000000000 -1.5172413793
v 1.8620689655 -2.0000000000 -1.3793103448
v 1.8620689655 -2.0000000000 -1.2413793103
v 1.8620689655 -2.0000000000 -1.1034482759
v 1.8620689655 -2.0000000000 -0.9655172414
v 1.8620689655 -2.0000000000 -0.8275862069
v 1.8620689655 -2.0000000000 -0.6896551724
v 1.8620689655 -2.0000000000 -0.5517241379
v 1.8620689655 -2.0000000000 -0.4137931034
v 1.8620689655 -2.0000000000 -0.2758620690
v 1.8620689655 -2.0000000000 -0.1379310345
v 1.8620689655 -2.0000000000 0.0000000000
v 2.0000000000 -2.0000000000 -4.0000000000
v 2.0000000000 -2.0000000000 -3.8620689655
v 2.0000000000 -2.0000000000 -3.7241379310
v 2.0000000000 -2.0000000000 -3.5862068966
v 2.0000000000 -2.0000000000 -3.4482758621
v 2.0000000000 -2.0000000000 -3.3103448276
v 2.0000000000 -2.0000000000 -3.1724137931
v 2.0000000000 -2.0000000000 -3.0344827586
v 2.0000000000 -2.0000000000 -2.8965517241
v 2.0000000000 -2.0000000000 -2.7586206897
v 2.0000000000 -2.0000000000 -2.6206896552
v 2.0000000000 -2.0000000000 -2.4827586207
v 2.0000000000 -2.0000000000 -2.3448275862
v 2.0000000000 -2.0000000000 -2.2068965517
v 2.0000000000 -2.0000000000 -2.0689655172
v 2.0000000000 -2.0000000000 -1.9310344828
v 2.0000000000 -2.0000000000 -1.7931034483
v 2.0000000000 -2.0000000000 -1.6551724138
v 2.0000000000 -2.0000000000 -1.5172413793
v 2.0000000000 -2.0000000000 -1.3793103448
v 2.0000000000 -2.0000000000 -1.2413793103
v 2.0000000000 -2.0000000000 -1.1034482759
v 2.0000000000 -2.0000000000 -0.9655172414
v 2.0000000000 -2.0000000000 -0.8275862069
v 2.0000000000 -2.0000000000 -0.6896551724
v 2.0000000000 -2.0000000000 -0.5517241379
v 2.0000000000 -2.0000000000 -0.4137931034
v 2.0000000000 -2.0000000000 -0.2758620690
v 2.0000000000 -2.0000000000 -0.1379310345
v 2.0000000000 -2.0000000000 0.0000000000
v -2.0000000000 2.0000000000 -4.0000000000
v -2.0000000000 2.0000000000 -3.8620689655
v -2.0000000000 2.0000000000 -3.7241379310
v -2.0000000000 2.0000000000 -3.5862068966
v -2.0000000000 2.0000000000 -3.4482758621
v -2.0000000000 2.0000000000 -3.3103448276
v -2.0000000000 2.0000000000 -3.1724137931
v -2.0000000000 2.0000000000 -3.0344827586
v -2.0000000000 2.0000000000 -2.8965517241
v -2.0000000000 2.0000000000 -2.7586206897
v -2.0000000000 2.0000000000 -2.6206896552
v -2.0000000000 2.0000000000 -2.4827586207
v -2.0000000000 2.0000000000 -2.3448275862
v -2.0000000000 2.0000000000 -2.2068965517
v -2.0000000000 2.0000000000 -2.0689655172
v -2.0000000000 2.0000000000 -1.9310344828
v -2.0000000000 2.0000000000 -1.7931034483
v -2.0000000000 2.0000000000 -1.6551724138
v -2.0000000000 2.0000000000 -1.5172413793
v -2.0000000000 2.0000000000 -1.3793103448
v -2.0000000000 2.0000000000 -1.2413793103
v -2.0000000000 2.0000000000 -1.1034482759
v -2.0000000000 2.0000000000 -0.9655172414
v -2.0000000000 2.0000000000 -0.8275862069
v -2.0000000000 2.0000000000 -0.6896551724
v -2.0000000000 2.0000000000 -0.5517241379
v -2.0000000000 2.0000000000 -0.4137931034
v -2.0000000000 2.0000000000 -0.2758620690
v -2.0000000000 2.0000000000 -0.1379310345
v -2.0000000000 2.0000000000 0.0000000000
v -1.8620689655 2.0000000000 -4.0000000000
v -1.8620689655 2.0000000000 -3.8620689655
v -1.8620689655 2.0000000000 -3.7241379310
v -1.8620689655 2.0000000000 -3.5862068966
v -1.8620689655 2.0000000000 -3.4482758621
v -1.8620689655 2.0000000000 -3.3103448276
v -1.8620689655 2.0000000000 -3.1724137931
v -1.8620689655 2.0000000000 -3.0344827586
v -1.8620689655 2.0000000000 -2.8965517241
v -1.8620689655 2.0000000000 -2.7586206897
v -1.8620689655 2.0000000000 -2.6206896552
v -1.8620689655 2.0000000000 -2.4827586207
v -1.8620689655 2.0000000000 -2.3448275862
v -1.8620689655 2.0000000000 -2.2068965517
v -1.8620689655 2.0000000000 -2.0689655172
v -1.8620689655 2.0000000000 -1.9310344828
v -1.8620689655 2.0000000000 -1.7931034483
v -1.8620689655 2.0000000000 -1.6551724138
v -1.8620689655 2.0000000000 -1.5172413793
v -1.8620689655 2.0000000000 -1.3793103448
v -1.8620689655 2.0000000000 -1.2413793103
v -1.8620689655 2.0000000000 -1.1034482759
v -1.8620689655 2.0000000000 -0.9655172414
v -1.8620689655 2.0000000000 -0.8275862069
v -1.8620689655 2.0000000000 -0.6896551724
v -1.8620689655 2.0000000000 -0.5517241379
v -1.8620689655 2.0000000000 -0.4137931034
v -1.8620689655 2.0000000000 -0.2758620690
v -1.8620689655 2.0000000000 -0.1379310345
v -1.8620689655 2.0000000000 0.0000000000
v -1.7241379310 2.0000000000 -4.0000000000
v -1.7241379310 2.0000000000 -3.8620689655
v -1.7241379310 2.0000000000 -3.7241379310
v -1.7241379310 2.0000000000 -3.5862068966
v -1.7241379310 2.0000000000 -3.4482758621
v -1.7241379310 2.0000000000 -3.3103448276
v -1.7241379310 2.0000000000 -3.1724137931
v -1.7241379310 2.0000000000 -3.0344827586
v -1.7241379310 2.0000000000 -2.8965517241
v -1.7241379310 2.0000000000 -2.7586206897
v -1.7241379310 2.0000000000 -2.6206896552
v -1.7241379310 2.0000000000 -2.4827586207
v -1.7241379310 2.0000000000 -2.3448275862
v -1.7241379310 2.0000000000 -2.2068965517
v -1.7241379310 2.0000000000 -2.0689655172
v -1.7241379310 2.0000000000 -1.9310344828
v -1.7241379310 2.0000000000 -1.7931034483
v -1.7241379310 2.0000000000 -1.6551724138
v -1.7241379310 2.0000000000 -1.5172413793
v -1.7241379310 2.0000000000 -1.3793103448
v -1.7241379310 2.0000000000 -1.2413793103
v -1.7241379310 2.0000000000 -1.1034482759
v -1.7241379310 2.0000000000 -0.9655172414
v -1.7241379310 2.0000000000 -0.8275862069
v -1.7241379310 2.0000000000 -0.6896551724
v -1.7241379310 2.0000000000 -0.5517241379
v -1.7241379310 2.0000000000 -0.4137931034
v -1.7241379310 2.0000000000 -0.2758620690
v -1.7241379310 2.0000000000 -0.1379310345
v -1.7241379310 2.0000000000 0.0000000000
v -1.5862068966 2.0000000000 -4.0000000000
v -1.5862068966 2.0000000000 -3.8620689655
v -1.5862068966 2.0000000000 -3.7241379310
v -1.5862068966 2.0000000000 -3.5862068966
v -1.5862068966 2.0000000000 -3.4482758621
v -1.5862068966 2.0000000000 -3.3103448276
v -1.5862068966 2.0000000000 -3.1724137931
v -1.5862068966 2.0000000000 -3.0344827586
v -1.5862068966 2.0000000000 -2.8965517241
v -1.5862068966 2.0000000000 -2.7586206897
v -1.5862068966 2.0000000000 -2.6206896552
v -1.5862068966 2.0000000000 -2.4827586207
v -1.5862068966 2.0000000000 -2.3448275862
v -1.5862068966 2.0000000000 -2.2068965517
v -1.5862068966 2.0000000000 -2.0689655172
v -1.5862068966 2.0000000000 -1.9310344828
v -1.5862068966 2.0000000000 -1.7931034483
v -1.5862068966 2.0000000000 -1.6551724138
v -1.5862068966 2.0000000000 -1.5172413793
v -1.5862068966 2.0000000000 -1.3793103448
v -1.5862068966 2.0000000000 -1.2413793103
v -1.5862068966 2.0000000000 -1.1034482759
v -1.5862068966 2.0000000000 -0.9655172414
v -1.5862068966 2.0000000000 -0.8275862069
v -1.5862068966 2.0000000000 -0.6896551724
v -1.5862068966 2.0000000000 -0.5517241379
v -1.5862068966 2.0000000000 -0.4137931034
v -1.5862068966 2.0000000000 -0.2758620690
v -1.5862068966 2.0000000000 -0.1379310345
v -1.5862068966 2.0000000000 0.0000000000
v -1.4482758621 2.0000000000 -4.0000000000
v -1.4482758621 2.0000000000 -3.8620689655
v -1.4482758621 2.0000000000 -3.7241379310
v -1.4482758621 2.0000000000 -3.5862068966
v -1.4482758621 2.0000000000 -3.4482758621
v -1.4482758621 2.0000000000 -3.3103448276
v -1.4482758621 2.0000000000 -3.1724137931
v -1.4482758621 2.0000000000 -3.0344827586
v -1.4482758621 2.0000000000 -2.8965517241
v -1.4482758621 2.0000000000 -2.7586206897
v -1.4482758621 2.0000000000 -2.6206896552
v -1.4482758621 2.0000000000 -2.4827586207
v -1.4482758621 2.0000000000 -2.3448275862
v -1.4482758621 2.0000000000 -2.2068965517
v -1.4482758621 2.0000000000 -2.0689655172
v -1.4482758621 2.0000000000 -1.9310344828
v -1.4482758621 2.0000000000 -1.7931034483
v -1.4482758621 2.0000000000 -1.6551724138
v -1.4482758621 2.0000000000 -1.5172413793
v -1.4482758621 2.0000000000 -1.3793103448
v -1.4482758621 2.0000000000 -1.2413793103
v -1.4482758621 2.0000000000 -1.1034482759
v -1.4482758621 2.0000000000 -0.9655172414
v -1.4482758621 2.0000000000 -0.8275862069
v -1.4482758621 2.0000000000 -0.6896551724
v -1.4482758621 2.0000000000 -0.5517241379
v -1.4482758621 2.0000000000 -0.4137931034
v -1.4482758621 2.0000000000 -0.2758620690
v -1.4482758621 2.0000000000 -0.1379310345
v -1.4482758621 2.0000000000 0.0000000000
v -1.3103448276 2.0000000000 -4.0000000000
v -1.3103448276 2.0000000000 -3.8620689655
v -1.3103448276 2.0000000000 -3.7241379310
v -1.3103448276 2.0000000000 -3.5862068966
v -1.3103448276 2.0000000000 -3.4482758621
v -1.3103448276 2.0000000000 -3.3103448276
v -1.3103448276 2.0000000000 -3.1724137931
v -1.3103448276 2.0000000000 -3.0344827586
v -1.3103448276 2.0000000000 -2.8965517241
v -1.3103448276 2.0000000000 -2.7586206897
v -1.3103448276 2.0000000000 -2.6206896552
v -1.3103448276 2.0000000000 -2.4827586207
v -1.3103448276 2.0000000000 -2.3448275862
v -1.3103448276 2.0000000000 -2.2068965517
v -1.3103448276 2.0000000000 -2.0689655172
v -1.3103448276 2.0000000000 -1.9310344828
v -1.3103448276 2.0000000000 -1.7931034483
v -1.3103448276 2.0000000000 -1.6551724138
v -1.3103448276 2.0000000000 -1.5172413793
v -1.3103448276 2.0000000000 -1.3793103448
v -1.3103448276 2.0000000000 -1.2413793103
v -1.3103448276 2.0000000000 -1.1034482759
v -1.3103448276 2.0000000000 -0.9655172414
v -1.3103448276 2.0000000000 -0.8275862069
v -1.3103448276 2.0000000000 -0.6896551724
v -1.3103448276 2.0000000000 -0.5517241379
v -1.3103448276 2.0000000000 -0.4137931034
v -1.3103448276 2.0000000000 -0.2758620690
v -1.3103448276 2.0000000000 -0.1379310345
v -1.3103448276 2.0000000000 0.0000000000
v -1.1724137931 2.0000000000 -4.0000000000
v -1.1724137931 2.0000000000 -3.8620689655
v -1.1724137931 2.0000000000 -3.7241379310
v -1.1724137931 2.0000000000 -3.5862068966
v -1.1724137931 2.0000000000 -3.4482758621
v -1.1724137931 2.0000000000 -3.3103448276
v -1.1724137931 2.0000000000 -3.1724137931
v -1.1724137931 2.0000000000 -3.0344827586
v -1.1724137931 2.0000000000 -2.8965517241
v -1.1724137931 2.0000000000 -2.7586206897
v -1.1724137931 2.0000000000 -2.6206896552
v -1.1724137931 2.0000000000 -2.4827586207
v -1.1724137931 2.0000000000 -2.3448275862
v -1.1724137931 2.0000000000 -2.2068965517
v -1.1724137931 2.0000000000 -2.0689655172
v -1.1724137931 2.0000000000 -1.9310344828
v -1.1724137931 2.0000000000 -1.7931034483
v -1.1724137931 2.0000000000 -1.6551724138
v -1.1724137931 2.0000000000 -1.5172413793
v -1.1724137931 2.0000000000 -1.3793103448
v -1.1724137931 2.0000000000 -1.2413793103
v -1.1724137931 2.0000000000 -1.1034482759
v -1.1724137931 2.0000000000 -0.9655172414
v -1.1724137931 2.0000000000 -0.8275862069
v -1.1724137931 2.0000000000 -0.6896551724
v -1.1724137931 2.0000000000 -0.5517241379
v -1.1724137931 2.0000000000 -0.4137931034
v -1.1724137931 2.0000000000 -0.2758620690
v -1.1724137931 2.0000000000 -0.1379310345
v -1.1724137931 2.0000000000 0.0000000000
v -1.0344827586 2.0000000000 -4.0000000000
v -1.0344827586 2.0000000000 -3.8620689655
v -1.0344827586 2.0000000000 -3.7241379310
v -1.0344827586 2.0000000000 -3.5862068966
v -1.0344827586 2.0000000000 -3.4482758621
v -1.0344827586 2.0000000000 -3.3103448276
v -1.0344827586 2.0000000000 -3.1724137931
v -1.0344827586 2.0000000000 -3.0344827586
v -1.0344827586 2.0000000000 -2.8965517241
v -1.0344827586 2.0000000000 -2.7586206897
v -1.0344827586 2.0000000000 -2.6206896552
v -1.0344827586 2.0000000000 -2.4827586207
v -1.0344827586 2.0000000000 -2.3448275862
v -1.0344827586 2.0000000000 -2.2068965517
v -1.0344827586 2.0000000000 -2.0689655172
v -1.0344827586 2.0000000000 -1.9310344828
v -1.0344827586 2.0000000000 -1.7931034483
v -1.0344827586 2.0000000000 -1.6551724138
v -1.0344827586 2.0000000000 -1.5172413793
v -1.0344827586 2.0000000000 -1.3793103448
v -1.0344827586 2.0000000000 -1.2413793103
v -1.0344827586 2.0000000000 -1.1034482759
v -1.0344827586 2.0000000000 -0.9655172414
v -1.0344827586 2.0000000000 -0.8275862069
v -1.0344827586 2.0000000000 -0.6896551724
v -1.0344827586 2.0000000000 -0.5517241379
v -1.0344827586 2.0000000000 -0.4137931034
v -1.0344827586 2.0000000000 -0.2758620690
v -1.0344827586 2.0000000000 -0.1379310345
v -1.0344827586 2.0000000000 0.0000000000
v -0.8965517241 2.0000000000 -4.0000000000
v -0.8965517241 2.0000000000 -3.8620689655
v -0.8965517241 2.0000000000 -3.7241379310
v -0.8965517241 2.0000000000 -3.5862068966
v -0.8965517241 2.0000000000 -3.4482758621
v -0.8965517241 2.0000000000 -3.3103448276
v -0.8965517241 2.0000000000 -3.1724137931
v -0.8965517241 2.0000000000 -3.0344827586
v -0.8965517241 2.0000000000 -2.8965517241
v -0.8965517241 2.0000000000 -2.7586206897
v -0.8965517241 2.0000000000 -2.6206896552
v -0.8965517241 2.0000000000 -2.4827586207
v -0.8965517241 2.0000000000 -2.3448275862
v -0.8965517241 2.0000000000 -2.2068965517
v -0.8965517241 2.0000000000 -2.0689655172
v -0.8965517241 2.0000000000 -1.9310344828
v -0.8965517241 2.0000000000 -1.7931034483
v -0.8965517241 2.0000000000 -1.6551724138
v -0.8965517241 2.0000000000 -1.5172413793
v -0.8965517241 2.0000000000 -1.3793103448
v -0.8965517241 2.0000000000 -1.2413793103
v -0.8965517241 2.0000000000 -1.1034482759
v -0.8965517241 2.0000000000 -0.9655172414
v -0.8965517241 2.0000000000 -0.8275862069
v -0.8965517241 2.0000000000 -0.6896551724
v -0.8965517241 2.0000000000 -0.5517241379
v -0.8965517241 2.0000000000 -0.4137931034
v -0.8965517241 2.0000000000 -0.2758620690
v -0.8965517241 2.0000000000 -0.1379310345
v -0.8965517241 2.0000000000 0.0000000000
v -0.7586206897 2.0000000000 -4.0000000000
v -0.7586206897 2.0000000000 -3.8620689655
v -0.7586206897 2.0000000000 -3.7241379310
v -0.7586206897 2.0000000000 -3.5862068966
v -0.7586206897 2.0000000000 -3.4482758621
v -0.7586206897 2.0000000000 -3.3103448276
v -0.7586206897 2.0000000000 -3.1724137931
v -0.7586206897 2.0000000000 -3.0344827586
v -0.7586206897 2.0000000000 -2.8965517241
v -0.7586206897 2.0000000000 -2.7586206897
v -0.7586206897 2.0000000000 -2.6206896552
v -0.7586206897 2.0000000000 -2.4827586207
v -0.7586206897 2.0000000000 -2.3448275862
v -0.7586206897 2.0000000000 -2.2068965517
v -0.7586206897 2.0000000000 -2.0689655172
v -0.7586206897 2.0000000000 -1.9310344828
v -0.7586206897 2.0000000000 -1.7931034483
v -0.7586206897 2.0000000000 -1.6551724138
v -0.7586206897 2.0000000000 -1.5172413793
v -0.7586206897 2.0000000000 -1.3793103448
v -0.7586206897 2.0000000000 -1.2413793103
v -0.7586206897 2.0000000000 -1.1034482759
v -0.7586206897 2.0000000000 -0.9655172414
v -0.7586206897 2.0000000000 -0.8275862069
v -0.7586206897 2.0000000000 -0.6896551724
v -0.7586206897 2.0000000000 -0.5517241379
v -0.7586206897 2.0000000000 -0.4137931034
v -0.7586206897 2.0000000000 -0.2758620690
v -0.7586206897 2.0000000000 -0.1379310345
v -0.7586206897 2.0000000000 0.0000000000
v -0.6206896552 2.0000000000 -4.0000000000
v -0.6206896552 2.0000000000 -3.8620689655
v -0.6206896552 2.0000000000 -3.7241379310
v -0.6206896552 2.0000000000 -3.5862068966
v -0.6206896552 2.0000000000 -3.4482758621
v -0.6206896552 2.0000000000 -3.3103448276
v -0.6206896552 2.0000000000 -3.1724137931
v -0.6206896552 2.0000000000 -3.0344827586
v -0.6206896552 2.0000000000 -2.8965517241
v -0.6206896552 2.0000000000 -2.7586206897
v -0.6206896552 2.0000000000 -2.6206896552
v -0.6206896552 2.0000000000 -2.4827586207
v -0.6206896552 2.0000000000 -2.3448275862
v -0.6206896552 2.0000000000 -2.2068965517
v -0.6206896552 2.0000000000 -2.0689655172
v -0.6206896552 2.0000000000 -1.9310344828
v -0.6206896552 2.0000000000 -1.7931034483
v -0.6206896552 2.0000000000 -1.6551724138
v -0.6206896552 2.0000000000 -1.5172413793
v -0.6206896552 2.0000000000 -1.3793103448
v -0.6206896552 2.0000000000 -1.2413793103
v -0.6206896552 2.0000000000 -1.1034482759
v -0.6206896552 2.0000000000 -0.9655172414
v -0.6206896552 2.0000000000 -0.8275862069
v -0.6206896552 2.0000000000 -0.6896551724
v -0.6206896552 2.0000000000 -0.5517241379
v -0.6206896552 2.0000000000 -0.4137931034
v -0.6206896552 2.0000000000 -0.2758620690
v -0.6206896552 2.0000000000 -0.1379310345
v -0.6206896552 2.0000000000 0.0000000000
v -0.4827586207 2.0000000000 -4.0000000000
v -0.4827586207 2.0000000000 -3.8620689655
v -0.4827586207 2.0000000000 -3.7241379310
v -0.4827586207 2.0000000000 -3.5862068966
v -0.4827586207 2.0000000000 -3.4482758621
v -0.4827586207 2.0000000000 -3.3103448276
v -0.4827586207 2.0000000000 -3.1724137931
v -0.4827586207 2.0000000000 -3.0344827586
v -0.4827586207 2.0000000000 -2.8965517241
v -0.4827586207 2.0000000000 -2.7586206897
v -0.4827586207 2.0000000000 -2.6206896552
v -0.4827586207 2.0000000000 -2.4827586207
v -0.4827586207 2.0000000000 -2.3448275862
v -0.4827586207 2.0000000000 -2.2068965517
v -0.4827586207 2.0000000000 -2.0689655172
v -0.4827586207 2.0000000000 -1.9310344828
v -0.4827586207 2.0000000000 -1.7931034483
v -0.4827586207 2.0000000000 -1.6551724138
v -0.4827586207 2.0000000000 -1.5172413793
v -0.4827586207 2.0000000000 -1.3793103448
v -0.4827586207 2.0000000000 -1.2413793103
v -0.4827586207 2.0000000000 -1.1034482759
v -0.4827586207 2.0000000000 -0.9655172414
v -0.4827586207 2.0000000000 -0.8275862069
v -0.4827586207 2.0000000000 -0.6896551724
v -0.4827586207 2.0000000000 -0.5517241379
v -0.4827586207 2.0000000000 -0.4137931034
v -0.4827586207 2.0000000000 -0.2758620690
v -0.4827586207 2.0000000000 -0.1379310345
v -0.4827586207 2.0000000000 0.0000000000
v -0.3448275862 2.0000000000 -4.0000000000
v -0.3448275862 2.0000000000 -3.8620689655
v -0.3448275862 2.0000000000 -3.7241379310
v -0.3448275862 2.0000000000 -3.5862068966
v -0.3448275862 2.0000000000 -3.4482758621
v -0.3448275862 2.0000000000 -3.3103448276
v -0.3448275862 2.0000000000 -3.1724137931
v -0.3448275862 2.0000000000 -3.0344827586
v -0.3448275862 2.0000000000 -2.8965517241
v -0.3448275862 2.0000000000 -2.7586206897
v -0.3448275862 2.0000000000 -2.6206896552
v -0.3448275862 2.0000000000 -2.4827586207
v -0.3448275862 2.0000000000 -2.3448275862
v -0.3448275862 2.0000000000 -2.2068965517
v -0.3448275862 2.0000000000 -2.0689655172
v -0.3448275862 2.0000000000 -1.9310344828
v -0.3448275862 2.0000000000 -1.7931034483
v -0.3448275862 2.0000000000 -1.6551724138
v -0.3448275862 2.0000000000 -1.5172413793
v -0.3448275862 2.0000000000 -1.3793103448
v -0.3448275862 2.0000000000 -1.2413793103
v -0.3448275862 2.0000000000 -1.1034482759
v -0.3448275862 2.0000000000 -0.9655172414
v -0.3448275862 2.0000000000 -0.8275862069
v -0.3448275862 2.0000000000 -0.6896551724
v -0.3448275862 2.0000000000 -0.5517241379
v -0.3448275862 2.0000000000 -0.4137931034
v -0.3448275862 2.0000000000 -0.2758620690
v -0.3448275862 2.0000000000 -0.1379310345
v -0.3448275862 2.0000000000 0.0000000000
v -0.2068965517 2.0000000000 -4.0000000000
v -0.2068965517 2.0000000000 -3.8620689655
v -0.2068965517 2.0000000000 -3.7241379310
v -0.2068965517 2.0000000000 -3.5862068966
v -0.2068965517 2.0000000000 -3.4482758621
v -0.2068965517 2.0000000000 -3.3103448276
v -0.2068965517 2.0000000000 -3.1724137931
v -0.2068965517 2.0000000000 -3.0344827586
v -0.2068965517 2.0000000000 -2.8965517241
v -0.2068965517 2.0000000000 -2.7586206897
v -0.2068965517 2.0000000000 -2.6206896552
v -0.2068965517 2.0000000000 -2.4827586207
v -0.2068965517 2.0000000000 -2.3448275862
v -0.2068965517 2.0000000000 -2.2068965517
v -0.2068965517 2.0000000000 -2.0689655172
v -0.2068965517 2.0000000000 -1.9310344828
v -0.2068965517 2.0000000000 -1.7931034483
v -0.2068965517 2.0000000000 -1.6551724138
v -0.2068965517 2.0000000000 -1.5172413793
v -0.2068965517 2.0000000000 -1.3793103448
v -0.2068965517 2.0000000000 -1.2413793103
v -0.2068965517 2.0000000000 -1.1034482759
v -0.2068965517 2.0000000000 -0.9655172414
v -0.2068965517 2.0000000000 -0.8275862069
v -0.2068965517 2.0000000000 -0.6896551724
v -0.2068965517 2.0000000000 -0.5517241379
v -0.2068965517 2.0000000000 -0.4137931034
v -0.2068965517 2.0000000000 -0.2758620690
v -0.2068965517 2.0000000000 -0.1379310345
v -0.2068965517 2.0000000000 0.0000000000
v -0.0689655172 2.0000000000 -4.0000000000
v -0.0689655172 2.0000000000 -3.8620689655
v -0.0689655172 2.0000000000 -3.7241379310
v -0.0689655172 2.0000000000 -3.5862068966
v -0.0689655172 2.0000000000 -3.4482758621
v -0.0689655172 2.0000000000 -3.3103448276
v -0.0689655172 2.0000000000 -3.1724137931
v -0.0689655172 2.0000000000 -3.0344827586
v -0.0689655172 2.0000000000 -2.8965517241
v -0.0689655172 2.0000000000 -2.7586206897
v -0.0689655172 2.0000000000 -2.6206896552
v -0.0689655172 2.0000000000 -2.4827586207
v -0.0689655172 2.0000000000 -2.3448275862
v -0.0689655172 2.0000000000 -2.2068965517
v -0.0689655172 2.0000000000 -2.0689655172
v -0.0689655172 2.0000000000 -1.9310344828
v -0.0689655172 2.0000000000 -1.7931034483
v -0.0689655172 2.0000000000 -1.6551724138
v -0.0689655172 2.0000000000 -1.5172413793
v -0.0689655172 2.0000000000 -1.3793103448
v -0.0689655172 2.0000000000 -1.2413793103
v -0.0689655172 2.0000000000 -1.1034482759
v -0.0689655172 2.0000000000 -0.9655172414
v -0.0689655172 2.0000000000 -0.8275862069
v -0.0689655172 2.0000000000 -0.6896551724
v -0.0689655172 2.0000000000 -0.5517241379
v -0.0689655172 2.0000000000 -0.4137931034
v -0.0689655172 2.0000000000 -0.2758620690
v -0.0689655172 2.0000000000 -0.1379310345
v -0.0689655172 2.0000000000 0.0000000000
v 0.0689655172 2.0000000000 -4.0000000000
v 0.0689655172 2.0000000000 -3.8620689655
v 0.0689655172 2.0000000000 -3.7241379310
v 0.0689655172 2.0000000000 -3.5862068966
v 0.0689655172 2.0000000000 -3.4482758621
v 0.0689655172 2.0000000000 -3.3103448276
v 0.0689655172 2.0000000000 -3.1724137931
v 0.0689655172 2.0000000000 -3.0344827586
v 0.0689655172 2.0000000000 -2.8965517241
v 0.0689655172 2.0000000000 -2.7586206897
v 0.0689655172 2.0000000000 -2.6206896552
v 0.0689655172 2.0000000000 -2.4827586207
v 0.0689655172 2.0000000000 -2.3448275862
v 0.0689655172 2.0000000000 -2.2068965517
v 0.0689655172 2.0000000000 -2.0689655172
v 0.0689655172 2.0000000000 -1.9310344828
v 0.0689655172 2.0000000000 -1.7931034483
v 0.0689655172 2.0000000000 -1.6551724138
v 0.0689655172 2.0000000000 -1.5172413793
v 0.0689655172 2.0000000000 -1.3793103448
v 0.0689655172 2.0000000000 -1.2413793103
v 0.0689655172 2.0000000000 -1.1034482759
v 0.0689655172 2.0000000000 -0.9655172414
v 0.0689655172 2.0000000000 -0.8275862069
v 0.0689655172 2.0000000000 -0.6896551724
v 0.0689655172 2.0000000000 -0.5517241379
v 0.0689655172 2.0000000000 -0.4137931034
v 0.0689655172 2.0000000000 -0.2758620690
v 0.0689655172 2.0000000000 -0.1379310345
v 0.0689655172 2.0000000000 0.0000000000
v 0.2068965517 2.0000000000 -4.0000000000
v 0.2068965517 2.0000000000 -3.8620689655
v 0.2068965517 2.0000000000 -3.7241379310
v 0.2068965517 2.0000000000 -3.5862068966
v 0.2068965517 2.0000000000 -3.4482758621
v 0.2068965517 2.0000000000 -3.3103448276
v 0.2068965517 2.0000000000 -3.1724137931
v 0.2068965517 2.0000000000 -3.0344827586
v 0.2068965517 2.0000000000 -2.8965517241
v 0.2068965517 2.0000000000 -2.7586206897
v 0.2068965517 2.0000000000 -2.6206896552
v 0.2068965517 2.0000000000 -2.4827586207
v 0.2068965517 2.0000000000 -2.3448275862
v 0.2068965517 2.0000000000 -2.2068965517
v 0.2068965517 2.0000000000 -2.0689655172
v 0.2068965517 2.0000000000 -1.9310344828
v 0.2068965517 2.0000000000 -1.7931034483
v 0.2068965517 2.0000000000 -1.6551724138
v 0.2068965517 2.0000000000 -1.5172413793
v 0.2068965517 2.0000000000 -1.3793103448
v 0.2068965517 2.0000000000 -1.2413793103
v 0.2068965517 2.0000000000 -1.1034482759
v 0.2068965517 2.0000000000 -0.9655172414
v 0.2068965517 2.0000000000 -0.8275862069
v 0.2068965517 2.0000000000 -0.6896551724
v 0.2068965517 2.0000000000 -0.5517241379
v 0.2068965517 2.0000000000 -0.4137931034
v 0.2068965517 2.0000000000 -0.2758620690
v 0.2068965517 2.0000000000 -0.1379310345
v 0.2068965517 2.0000000000 0.0000000000
v 0.3448275862 2.0000000000 -4.0000000000
v 0.3448275862 2.0000000000 -3.8620689655
v 0.3448275862 2.0000000000 -3.7241379310
v 0.3448275862 2.0000000000 -3.5862068966
v 0.3448275862 2.0000000000 -3.4482758621
v 0.3448275862 2.0000000000 -3.3103448276
v 0.3448275862 2.0000000000 -3.1724137931
v 0.3448275862 2.0000000000 -3.0344827586
v 0.3448275862 2.0000000000 -2.8965517241
v 0.3448275862 2.0000000000 -2.7586206897
v 0.3448275862 2.0000000000 -2.6206896552
v 0.3448275862 2.0000000000 -2.4827586207
v 0.3448275862 2.0000000000 -2.3448275862
v 0.3448275862 2.0000000000 -2.2068965517
v 0.3448275862 2.0000000000 -2.0689655172
v 0.3448275862 2.0000000000 -1.9310344828
v 0.3448275862 2.0000000000 -1.7931034483
v 0.3448275862 2.0000000000 -1.6551724138
v 0.3448275862 2.0000000000 -1.5172413793
v 0.3448275862 2.0000000000 -1.3793103448
v 0.3448275862 2.0000000000 -1.2413793103
v 0.3448275862 2.0000000000 -1.1034482759
v 0.3448275862 2.0000000000 -0.9655172414
v 0.3448275862 2.0000000000 -0.8275862069
v 0.3448275862 2.0000000000 -0.6896551724
v 0.3448275862 2.0000000000 -0.5517241379
v 0.3448275862 2.0000000000 -0.4137931034
v 0.3448275862 2.0000000000 -0.2758620690
v 0.3448275862 2.0000000000 -0.1379310345
v 0.3448275862 2.0000000000 0.0000000000
v 0.4827586207 2.0000000000 -4.0000000000
v 0.4827586207 2.0000000000 -3.8620689655
v 0.4827586207 2.0000000000 -3.7241379310
v 0.4827586207 2.0000000000 -3.5862068966
v 0.4827586207 2.0000000000 -3.4482758621
v 0.4827586207 2.0000000000 -3.3103448276
v 0.4827586207 2.0000000000 -3.1724137931
v 0.4827586207 2.0000000000 -3.0344827586
v 0.4827586207 2.0000000000 -2.8965517241
v 0.4827586207 2.0000000000 -2.7586206897
v 0.4827586207 2.0000000000 -2.6206896552
v 0.4827586207 2.0000000000 -2.4827586207
v 0.4827586207 2.0000000000 -2.3448275862
v 0.4827586207 2.0000000000 -2.2068965517
v 0.4827586207 2.0000000000 -2.0689655172
v 0.4827586207 2.0000000000 -1.9310344828
v 0.4827586207 2.0000000000 -1.7931034483
v 0.4827586207 2.0000000000 -1.6551724138
v 0.4827586207 2.0000000000 -1.5172413793
v 0.4827586207 2.0000000000 -1.3793103448
v 0.4827586207 2.0000000000 -1.2413793103
v 0.4827586207 2.0000000000 -1.1034482759
v 0.4827586207 2.0000000000 -0.9655172414
v 0.4827586207 2.0000000000 -0.8275862069
v 0.4827586207 2.0000000000 -0.6896551724
v 0.4827586207 2.0000000000 -0.5517241379
v 0.4827586207 2.0000000000 -0.4137931034
v 0.4827586207 2.0000000000 -0.2758620690
v 0.4827586207 2.0000000000 -0.1379310345
v 0.4827586207 2.0000000000 0.0000000000
v 0.6206896552 2.0000000000 -4.0000000000
v 0.6206896552 2.0000000000 -3.8620689655
v 0.6206896552 2.0000000000 -3.7241379310
v 0.6206896552 2.0000000000 -3.5862068966
v 0.6206896552 2.0000000000 -3.4482758621
v 0.6206896552 2.0000000000 -3.3103448276
v 0.6206896552 2.0000000000 -3.1724137931
v 0.6206896552 2.0000000000 -3.0344827586
v 0.6206896552 2.0000000000 -2.8965517241
v 0.6206896552 2.0000000000 -2.7586206897
v 0.6206896552 2.0000000000 -2.6206896552
v 0.6206896552 2.0000000000 -2.4827586207
v 0.6206896552 2.0000000000 -2.3448275862
v 0.6206896552 2.0000000000 -2.2068965517
v 0.6206896552 2.0000000000 -2.0689655172
v 0.6206896552 2.0000000000 -1.9310344828
v 0.6206896552 2.0000000000 -1.7931034483
v 0.6206896552 2.0000000000 -1.6551724138
v 0.6206896552 2.0000000000 -1.5172413793
v 0.6206896552 2.0000000000 -1.3793103448
v 0.6206896552 2.0000000000 -1.2413793103
v 0.6206896552 2.0000000000 -1.1034482759
v 0.6206896552 2.0000000000 -0.9655172414
v 0.6206896552 2.0000000000 -0.8275862069
v 0.6206896552 2.0000000000 -0.6896551724
v 0.6206896552 2.0000000000 -0.5517241379
v 0.6206896552 2.0000000000 -0.4137931034
v 0.6206896552 2.0000000000 -0.2758620690
v 0.6206896552 2.0000000000 -0.1379310345
v 0.6206896552 2.0000000000 0.0000000000
v 0.7586206897 2.0000000000 -4.0000000000
v 0.7586206897 2.0000000000 -3.8620689655
v 0.7586206897 2.0000000000 -3.7241379310
v 0.7586206897 2.0000000000 -3.5862068966
v 0.7586206897 2.0000000000 -3.4482758621
v 0.7586206897 2.0000000000 -3.3103448276
v 0.7586206897 2.0000000000 -3.1724137931
v 0.7586206897 2.0000000000 -3.0344827586
v 0.7586206897 2.0000000000 -2.8965517241
v 0.7586206897 2.0000000000 -2.7586206897
v 0.7586206897 2.0000000000 -2.6206896552
v 0.7586206897 2.0000000000 -2.4827586207
v 0.7586206897 2.0000000000 -2.3448275862
v 0.7586206897 2.0000000000 -2.2068965517
v 0.7586206897 2.0000000000 -2.0689655172
v 0.7586206897 2.0000000000 -1.9310344828
v 0.7586206897 2.0000000000 -1.7931034483
v 0.7586206897 2.0000000000 -1.6551724138
v 0.7586206897 2.0000000000 -1.5172413793
v 0.7586206897 2.0000000000 -1.3793103448
v 0.7586206897 2.0000000000 -1.2413793103
v 0.7586206897 2.0000000000 -1.1034482759
v 0.7586206897 2.0000000000 -0.9655172414
v 0.7586206897 2.0000000000 -0.8275862069
v 0.7586206897 2.0000000000 -0.6896551724
v 0.7586206897 2.0000000000 -0.5517241379
v 0.7586206897 2.0000000000 -0.4137931034
v 0.7586206897 2.0000000000 -0.2758620690
v 0.7586206897 2.0000000000 -0.1379310345
v 0.7586206897 2.0000000000 0.0000000000
v 0.8965517241 2.0000000000 -4.0000000000
v 0.8965517241 2.0000000000 -3.8620689655
v 0.8965517241 2.0000000000 -3.7241379310
v 0.8965517241 2.0000000000 -3.5862068966
v 0.8965517241 2.0000000000 -3.4482758621
v 0.8965517241 2.0000000000 -3.3103448276
v 0.8965517241 2.0000000000 -3.1724137931
v 0.8965517241 2.0000000000 -3.0344827586
v 0.8965517241 2.0000000000 -2.8965517241
v 0.8965517241 2.0000000000 -2.7586206897
v 0.8965517241 2.0000000000 -2.6206896552
v 0.8965517241 2.0000000000 -2.4827586207
v 0.8965517241 2.0000000000 -2.3448275862
v 0.8965517241 2.0000000000 -2.2068965517
v 0.8965517241 2.0000000000 -2.0689655172
v 0.8965517241 2.0000000000 -1.9310344828
v 0.8965517241 2.0000000000 -1.7931034483
v 0.8965517241 2.0000000000 -1.6551724138
v 0.8965517241 2.0000000000 -1.5172413793
v 0.8965517241 2.0000000000 -1.3793103448
v 0.8965517241 2.0000000000 -1.2413793103
v 0.8965517241 2.0000000000 -1.1034482759
v 0.8965517241 2.0000000000 -0.9655172414
v 0.8965517241 2.0000000000 -0.8275862069
v 0.8965517241 2.0000000000 -0.6896551724
v 0.8965517241 2.0000000000 -0.5517241379
v 0.8965517241 2.0000000000 -0.4137931034
v 0.8965517241 2.0000000000 -0.2758620690
v 0.8965517241 2.0000000000 -0.1379310345
v 0.8965517241 2.0000000000 0.0000000000
v 1.0344827586 2.0000000000 -4.0000000000
v 1.0344827586 2.0000000000 -3.8620689655
v 1.0344827586 2.0000000000 -3.7241379310
v 1.0344827586 2.0000000000 -3.5862068966
v 1.0344827586 2.0000000000 -3.4482758621
v 1.0344827586 2.0000000000 -3.3103448276
v 1.0344827586 2.0000000000 -3.1724137931
v 1.0344827586 2.0000000000 -3.0344827586
v 1.0344827586 2.0000000000 -2.8965517241
v 1.0344827586 2.0000000000 -2.7586206897
v 1.0344827586 2.0000000000 -2.6206896552
v 1.0344827586 2.0000000000 -2.4827586207
v 1.0344827586 2.0000000000 -2.3448275862
v 1.0344827586 2.0000000000 -2.2068965517
v 1.0344827586 2.0000000000 -2.0689655172
v 1.0344827586 2.0000000000 -1.9310344828
v 1.0344827586 2.0000000000 -1.7931034483
v 1.0344827586 2.0000000000 -1.6551724138
v 1.0344827586 2.0000000000 -1.5172413793
v 1.0344827586 2.0000000000 -1.3793103448
v 1.0344827586 2.0000000000 -1.2413793103
v 1.0344827586 2.0000000000 -1.1034482759
v 1.0344827586 2.0000000000 -0.9655172414
v 1.0344827586 2.0000000000 -0.8275862069
v 1.0344827586 2.0000000000 -0.6896551724
v 1.0344827586 2.0000000000 -0.5517241379
v 1.0344827586 2.0000000000 -0.4137931034
v 1.0344827586 2.0000000000 -0.2758620690
v 1.0344827586 2.0000000000 -0.1379310345
v 1.0344827586 2.0000000000 0.0000000000
v 1.1724137931 2.0000000000 -4.0000000000
v 1.1724137931 2.0000000000 -3.8620689655
v 1.1724137931 2.0000000000 -3.7241379310
v 1.1724137931 2.0000000000 -3.5862068966
v 1.1724137931 2.0000000000 -3.4482758621
v 1.1724137931 2.0000000000 -3.3103448276
v 1.1724137931 2.0000000000 -3.1724137931
v 1.1724137931 2.0000000000 -3.0344827586
v 1.1724137931 2.0000000000 -2.8965517241
v 1.1724137931 2.0000000000 -2.7586206897
v 1.1724137931 2.0000000000 -2.6206896552
v 1.1724137931 2.0000000000 -2.4827586207
v 1.1724137931 2.0000000000 -2.3448275862
v 1.1724137931 2.0000000000 -2.2068965517
v 1.1724137931 2.0000000000 -2.0689655172
v 1.1724137931 2.0000000000 -1.9310344828
v 1.1724137931 2.0000000000 -1.7931034483
v 1.1724137931 2.0000000000 -1.6551724138
v 1.1724137931 2.0000000000 -1.5172413793
v 1.1724137931 2.0000000000 -1.3793103448
v 1.1724137931 2.0000000000 -1.2413793103
v 1.1724137931 2.0000000000 -1.1034482759
v 1.1724137931 2.0000000000 -0.9655172414
v 1.1724137931 2.0000000000 -0.8275862069
v 1.1724137931 2.0000000000 -0.6896551724
v 1.1724137931 2.0000000000 -0.5517241379
v 1.1724137931 2.0000000000 -0.4137931034
v 1.1724137931 2.0000000000 -0.2758620690
v 1.1724137931 2.0000000000 -0.1379310345
v 1.1724137931 2.0000000000 0.0000000000
v 1.3103448276 2.0000000000 -4.0000000000
v 1.3103448276 2.0000000000 -3.8620689655
v 1.3103448276 2.0000000000 -3.7241379310
v 1.3103448276 2.0000000000 -3.5862068966
v 1.3103448276 2.0000000000 -3.4482758621
v 1.3103448276 2.0000000000 -3.3103448276
v 1.3103448276 2.0000000000 -3.1724137931
v 1.3103448276 2.0000000000 -3.0344827586
v 1.3103448276 2.0000000000 -2.8965517241
v 1.3103448276 2.0000000000 -2.7586206897
v 1.3103448276 2.0000000000 -2.6206896552
v 1.3103448276 2.0000000000 -2.4827586207
v 1.3103448276 2.0000000000 -2.3448275862
v 1.3103448276 2.0000000000 -2.2068965517
v 1.3103448276 2.0000000000 -2.0689655172
v 1.3103448276 2.0000000000 -1.9310344828
v 1.3103448276 2.0000000000 -1.7931034483
v 1.3103448276 2.0000000000 -1.6551724138
v 1.3103448276 2.0000000000 -1.5172413793
v 1.3103448276 2.0000000000 -1.3793103448
v 1.3103448276 2.0000000000 -1.2413793103
v 1.3103448276 2.0000000000 -1.1034482759
v 1.3103448276 2.0000000000 -0.9655172414
v 1.3103448276 2.0000000000 -0.8275862069
v 1.3103448276 2.0000000000 -0.6896551724
v 1.3103448276 2.0000000000 -0.5517241379
v 1.3103448276 2.0000000000 -0.4137931034
v 1.3103448276 2.0000000000 -0.2758620690
v 1.3103448276 2.0000000000 -0.1379310345
v 1.3103448276 2.0000000000 0.0000000000
v 1.4482758621 2.0000000000 -4.0000000000
v 1.4482758621 2.0000000000 -3.8620689655
v 1.4482758621 2.0000000000 -3.7241379310
v 1.4482758621 2.0000000000 -3.5862068966
v 1.4482758621 2.0000000000 -3.4482758621
v 1.4482758621 2.0000000000 -3.3103448276
v 1.4482758621 2.0000000000 -3.1724137931
v 1.4482758621 2.0000000000 -3.0344827586
v 1.4482758621 2.0000000000 -2.8965517241
v 1.4482758621 2.0000000000 -2.7586206897
v 1.4482758621 2.0000000000 -2.6206896552
v 1.4482758621 2.0000000000 -2.4827586207
v 1.4482758621 2.0000000000 -2.3448275862
v 1.4482758621 2.0000000000 -2.2068965517
v 1.4482758621 2.0000000000 -2.0689655172
v 1.4482758621 2.0000000000 -1.9310344828
v 1.4482758621 2.0000000000 -1.7931034483
v 1.4482758621 2.0000000000 -1.6551724138
v 1.4482758621 2.0000000000 -1.5172413793
v 1.4482758621 2.0000000000 -1.3793103448
v 1.4482758621 2.0000000000 -1.2413793103
v 1.4482758621 2.0000000000 -1.1034482759
v 1.4482758621 2.0000000000 -0.9655172414
v 1.4482758621 2.0000000000 -0.8275862069
v 1.4482758621 2.0000000000 -0.6896551724
v 1.4482758621 2.0000000000 -0.5517241379
v 1.4482758621 2.0000000000 -0.4137931034
v 1.4482758621 2.0000000000 -0.2758620690
v 1.4482758621 2.0000000000 -0.1379310345
v 1.4482758621 2.0000000000 0.0000000000
v 1.5862068966 2.0000000000 -4.0000000000
v 1.5862068966 2.0000000000 -3.8620689655
v 1.5862068966 2.0000000000 -3.7241379310
v 1.5862068966 2.0000000000 -3.5862068966
v 1.5862068966 2.0000000000 -3.4482758621
v 1.5862068966 2.0000000000 -3.3103448276
v 1.5862068966 2.0000000000 -3.1724137931
v 1.5862068966 2.0000000000 -3.0344827586
v 1.5862068966 2.0000000000 -2.8965517241
v 1.5862068966 2.0000000000 -2.7586206897
v 1.5862068966 2.0000000000 -2.6206896552
v 1.5862068966 2.0000000000 -2.4827586207
v 1.5862068966 2.0000000000 -2.3448275862
v 1.5862068966 2.0000000000 -2.2068965517
v 1.5862068966 2.0000000000 -2.0689655172
v 1.5862068966 2.0000000000 -1.9310344828
v 1.5862068966 2.0000000000 -1.7931034483
v 1.5862068966 2.0000000000 -1.6551724138
v 1.5862068966 2.0000000000 -1.5172413793
v 1.5862068966 2.0000000000 -1.3793103448
v 1.5862068966 2.0000000000 -1.2413793103
v 1.5862068966 2.0000000000 -1.1034482759
v 1.5862068966 2.0000000000 -0.9655172414
v 1.5862068966 2.0000000000 -0.8275862069
v 1.5862068966 2.0000000000 -0.6896551724
v 1.5862068966 2.0000000000 -0.5517241379
v 1.5862068966 2.0000000000 -0.4137931034
v 1.5862068966 2.0000000000 -0.2758620690
v 1.5862068966 2.0000000000 -0.1379310345
v 1.5862068966 2.0000000000 0.0000000000
v 1.7241379310 2.0000000000 -4.0000000000
v 1.7241379310 2.0000000000 -3.8620689655
v 1.7241379310 2.0000000000 -3.7241379310
v 1.7241379310 2.0000000000 -3.5862068966
v 1.7241379310 2.0000000000 -3.4482758621
v 1.7241379310 2.0000000000 -3.3103448276
v 1.7241379310 2.0000000000 -3.1724137931
v 1.7241379310 2.0000000000 -3.0344827586
v 1.7241379310 2.0000000000 -2.8965517241
v 1.7241379310 2.0000000000 -2.7586206897
v 1.7241379310 2.0000000000 -2.6206896552
v 1.7241379310 2.0000000000 -2.4827586207
v 1.7241379310 2.0000000000 -2.3448275862
v 1.7241379310 2.0000000000 -2.2068965517
v 1.7241379310 2.0000000000 -2.0689655172
v 1.7241379310 2.0000000000 -1.9310344828
v 1.7241379310 2.0000000000 -1.7931034483
v 1.7241379310 2.0000000000 -1.6551724138
v 1.7241379310 2.0000000000 -1.5172413793
v 1.7241379310 2.0000000000 -1.3793103448
v 1.7241379310 2.0000000000 -1.2413793103
v 1.7241379310 2.0000000000 -1.1034482759
v 1.7241379310 2.0000000000 -0.9655172414
v 1.7241379310 2.0000000000 -0.8275862069
v 1.7241379310 2.0000000000 -0.6896551724
v 1.7241379310 2.0000000000 -0.5517241379
v 1.7241379310 2.0000000000 -0.4137931034
v 1.7241379310 2.0000000000 -0.2758620690
v 1.7241379310 2.0000000000 -0.1379310345
v 1.7241379310 2.0000000000 0.0000000000
v 1.8620689655 2.0000000000 -4.0000000000
v 1.8620689655 2.0000000000 -3.8620689655
v 1.8620689655 2.0000000000 -3.7241379310
v 1.8620689655 2.0000000000 -3.5862068966
v 1.8620689655 2.0000000000 -3.4482758621
v 1.8620689655 2.0000000000 -3.3103448276
v 1.8620689655 2.0000000000 -3.1724137931
v 1.8620689655 2.0000000000 -3.0344827586
v 1.8620689655 2.0000000000 -2.8965517241
v 1.8620689655 2.0000000000 -2.7586206897
v 1.8620689655 2.0000000000 -2.6206896552
v 1.8620689655 2.0000000000 -2.4827586207
v 1.8620689655 2.0000000000 -2.3448275862
v 1.8620689655 2.0000000000 -2.2068965517
v 1.8620689655 2.0000000000 -2.0689655172
v 1.8620689655 2.0000000000 -1.9310344828
v 1.8620689655 2.0000000000 -1.7931034483
v 1.8620689655 2.0000000000 -1.6551724138
v 1.8620689655 2.0000000000 -1.5172413793
v 1.8620689655 2.0000000000 -1.3793103448
v 1.8620689655 2.0000000000 -1.2413793103
v 1.8620689655 2.0000000000 -1.1034482759
v 1.8620689655 2.0000000000 -0.9655172414
v 1.8620689655 2.0000000000 -0.8275862069
v 1.8620689655 2.0000000000 -0.6896551724
v 1.8620689655 2.0000000000 -0.5517241379
v 1.8620689655 2.0000000000 -0.4137931034
v 1.8620689655 2.0000000000 -0.2758620690
v 1.8620689655 2.0000000000 -0.1379310345
v 1.8620689655 2.0000000000 0.0000000000
v 2.0000000000 2.0000000000 -4.0000000000
v 2.0000000000 2.0000000000 -3.8620689655
v 2.0000000000 2.0000000000 -3.7241379310
v 2.0000000000 2.0000000000 -3.5862068966
v 2.0000000000 2.0000000000 -3.4482758621
v 2.0000000000 2.0000000000 -3.3103448276
v 2.0000000000 2.0000000000 -3.1724137931
v 2.0000000000 2.0000000000 -3.0344827586
v 2.0000000000 2.0000000000 -2.8965517241
v 2.0000000000 2.0000000000 -2.7586206897
v 2.0000000000 2.0000000000 -2.6206896552
v 2.0000000000 2.0000000000 -2.4827586207
v 2.0000000000 2.0000000000 -2.3448275862
v 2.0000000000 2.0000000000 -2.2068965517
v 2.0000000000 2.0000000000 -2.0689655172
v 2.0000000000 2.0000000000 -1.9310344828
v 2.0000000000 2.0000000000 -1.7931034483
v 2.0000000000 2.0000000000 -1.6551724138
v 2.0000000000 2.0000000000 -1.5172413793
v 2.0000000000 2.0000000000 -1.3793103448
v 2.0000000000 2.0000000000 -1.2413793103
v 2.0000000000 2.0000000000 -1.1034482759
v 2.0000000000 2.0000000000 -0.9655172414
v 2.0000000000 2.0000000000 -0.8275862069
v 2.0000000000 2.0000000000 -0.6896551724
v 2.0000000000 2.0000000000 -0.5517241379
v 2.0000000000 2.0000000000 -0.4137931034
v 2.0000000000 2.0000000000 -0.2758620690
v 2.0000000000 2.0000000000 -0.1379310345
v 2.0000000000 2.0000000000 0.0000000000
v -2.0000000000 -2.0000000000 -4.0000000000
v -2.0000000000 -1.8620689655 -4.0000000000
v -2.0000000000 -1.7241379310 -4.0000000000
v -2.0000000000 -1.5862068966 -4.0000000000
v -2.0000000000 -1.4482758621 -4.0000000000
v -2.0000000000 -1.3103448276 -4.0000000000
v -2.0000000000 -1.1724137931 -4.0000000000
v -2.0000000000 -1.0344827586 -4.0000000000
v -2.0000000000 -0.8965517241 -4.0000000000
v -2.0000000000 -0.7586206897 -4.0000000000
v -2.0000000000 -0.6206896552 -4.0000000000
v -2.0000000000 -0.4827586207 -4.0000000000
v -2.0000000000 -0.3448275862 -4.0000000000
v -2.0000000000 -0.2068965517 -4.0000000000
v -2.0000000000 -0.0689655172 -4.0000000000
v -2.0000000000 0.0689655172 -4.0000000000
v -2.0000000000 0.2068965517 -4.0000000000
v -2.0000000000 0.3448275862 -4.0000000000
v -2.0000000000 0.4827586207 -4.0000000000
v -2.0000000000 0.6206896552 -4.0000000000
v -2.0000000000 0.7586206897 -4.0000000000
v -2.0000000000 0.8965517241 -4.0000000000
v -2.0000000000 1.0344827586 -4.0000000000
v -2.0000000000 1.1724137931 -4.0000000000
v -2.0000000000 1.3103448276 -4.0000000000
v -2.0000000000 1.4482758621 -4.0000000000
v -2.0000000000 1.5862068966 -4.0000000000
v -2.0000000000 1.7241379310 -4.0000000000
v -2.0000000000 1.8620689655 -4.0000000000
v -2.0000000000 2.0000000000 -4.0000000000
v -1.8620689655 -2.0000000000 -4.0000000000
v -1.8620689655 -1.8620689655 -4.0000000000
v -1.8620689655 -1.7241379310 -4.0000000000
v -1.8620689655 -1.5862068966 -4.0000000000
v -1.8620689655 -1.4482758621 -4.0000000000
v -1.8620689655 -1.3103448276 -4.0000000000
v -1.8620689655 -1.1724137931 -4.0000000000
v -1.8620689655 -1.0344827586 -4.0000000000
v -1.8620689655 -0.8965517241 -4.0000000000
v -1.8620689655 -0.7586206897 -4.0000000000
v -1.8620689655 -0.6206896552 -4.0000000000
v -1.8620689655 -0.4827586207 -4.0000000000
v -1.8620689655 -0.3448275862 -4.0000000000
v -1.8620689655 -0.2068965517 -4.0000000000
v -1.8620689655 -0.0689655172 -4.0000000000
v -1.8620689655 0.0689655172 -4.0000000000
v -1.8620689655 0.2068965517 -4.0000000000
v -1.8620689655 0.3448275862 -4.0000000000
v -1.8620689655 0.4827586207 -4.0000000000
v -1.8620689655 0.6206896552 -4.0000000000
v -1.8620689655 0.7586206897 -4.0000000000
v -1.8620689655 0.8965517241 -4.0000000000
v -1.8620689655 1.0344827586 -4.0000000000
v -1.8620689655 1.1724137931 -4.0000000000
v -1.8620689655 1.3103448276 -4.0000000000
v -1.8620689655 1.4482758621 -4.0000000000
v -1.8620689655 1.5862068966 -4.0000000000
v -1.8620689655 1.7241379310 -4.0000000000
v -1.8620689655 1.8620689655 -4.0000000000
v -1.8620689655 2.0000000000 -4.0000000000
v -1.7241379310 -2.0000000000 -4.0000000000
v -1.7241379310 -1.8620689655 -4.0000000000
v -1.7241379310 -1.7241379310 -4.0000000000
v -1.7241379310 -1.5862068966 -4.0000000000
v -1.7241379310 -1.4482758621 -4.0000000000
v -1.7241379310 -1.3103448276 -4.0000000000
v -1.7241379310 -1.1724137931 -4.0000000000
v -1.7241379310 -1.0344827586 -4.0000000000
v -1.7241379310 -0.8965517241 -4.0000000000
v -1.7241379310 -0.7586206897 -4.0000000000
v -1.7241379310 -0.6206896552 -4.0000000000
v -1.7241379310 -0.4827586207 -4.0000000000
v -1.7241379310 -0.3448275862 -4.0000000000
v -1.7241379310 -0.2068965517 -4.0000000000
v -1.7241379310 -0.0689655172 -4.0000000000
v -1.7241379310 0.0689655172 -4.0000000000
v -1.7241379310 0.2068965517 -4.0000000000
v -1.7241379310 0.3448275862 -4.0000000000
v -1.7241379310 0.4827586207 -4.0000000000
v -1.7241379310 0.6206896552 -4.0000000000
v -1.7241379310 0.7586206897 -4.0000000000
v -1.7241379310 0.8965517241 -4.0000000000
v -1.7241379310 1.0344827586 -4.0000000000
v -1.7241379310 1.1724137931 -4.0000000000
v -1.7241379310 1.3103448276 -4.0000000000
v -1.7241379310 1.4482758621 -4.0000000000
v -1.7241379310 1.5862068966 -4.0000000000
v -1.7241379310 1.7241379310 -4.0000000000
v -1.7241379310 1.8620689655 -4.0000000000
v -1.7241379310 2.0000000000 -4.0000000000
v -1.5862068966 -2.0000000000 -4.0000000000
v -1.5862068966 -1.8620689655 -4.0000000000
v -1.5862068966 -1.7241379310 -4.0000000000
v -1.5862068966 -1.5862068966 -4.0000000000
v -1.5862068966 -1.4482758621 -4.0000000000
v -1.5862068966 -1.3103448276 -4.0000000000
v -1.5862068966 -1.1724137931 -4.0000000000
v -1.5862068966 -1.0344827586 -4.0000000000
v -1.5862068966 -0.8965517241 -4.0000000000
v -1.5862068966 -0.7586206897 -4.0000000000
v -1.5862068966 -0.6206896552 -4.0000000000
v -1.5862068966 -0.4827586207 -4.0000000000
v -1.5862068966 -0.3448275862 -4.0000000000
v -1.5862068966 -0.2068965517 -4.0000000000
v -1.5862068966 -0.0689655172 -4.0000000000
v -1.5862068966 0.0689655172 -4.0000000000
v -1.5862068966 0.2068965517 -4.0000000000
v -1.5862068966 0.3448275862 -4.0000000000
v -1.5862068966 0.4827586207 -4.0000000000
v -1.5862068966 0.6206896552 -4.0000000000
v -1.5862068966 0.7586206897 -4.0000000000
v -1.5862068966 0.8965517241 -4.0000000000
v -1.5862068966 1.0344827586 -4.0000000000
v -1.5862068966 1.1724137931 -4.0000000000
v -1.5862068966 1.3103448276 -4.0000000000
v -1.5862068966 1.4482758621 -4.0000000000
v -1.5862068966 1.5862068966 -4.0000000000
v -1.5862068966 1.7241379310 -4.0000000000
v -1.5862068966 1.8620689655 -4.0000000000
v -1.5862068966 2.0000000000 -4.0000000000
v -1.4482758621 -2.0000000000 -4.0000000000
v -1.4482758621 -1.8620689655 -4.0000000000
v -1.4482758621 -1.7241379310 -4.0000000000
v -1.4482758621 -1.5862068966 -4.0000000000
v -1.4482758621 -1.4482758621 -4.0000000000
v -1.4482758621 -1.3103448276 -4.0000000000
v -1.4482758621 -1.1724137931 -4.0000000000
v -1.4482758621 -1.0344827586 -4.0000000000
v -1.4482758621 -0.8965517241 -4.0000000000
v -1.4482758621 -0.7586206897 -4.0000000000
v -1.4482758621 -0.6206896552 -4.0000000000
v -1.4482758621 -0.4827586207 -4.0000000000
v -1.4482758621 -0.3448275862 -4.0000000000
v -1.4482758621 -0.2068965517 -4.0000000000
v -1.4482758621 -0.0689655172 -4.0000000000
v -1.4482758621 0.0689655172 -4.0000000000
v -1.4482758621 0.2068965517 -4.0000000000
v -1.4482758621 0.3448275862 -4.0000000000
v -1.4482758621 0.4827586207 -4.0000000000
v -1.4482758621 0.6206896552 -4.0000000000
v -1.4482758621 0.7586206897 -4.0000000000
v -1.4482758621 0.8965517241 -4.0000000000
v -1.4482758621 1.0344827586 -4.0000000000
v -1.4482758621 1.1724137931 -4.0000000000
v -1.4482758621 1.3103448276 -4.0000000000
v -1.4482758621 1.4482758621 -4.0000000000
v -1.4482758621 1.5862068966 -4.0000000000
v -1.4482758621 1.7241379310 -4.0000000000
v -1.4482758621 1.8620689655 -4.0000000000
v -1.4482758621 2.0000000000 -4.0000000000
v -1.3103448276 -2.0000000000 -4.0000000000
v -1.3103448276 -1.8620689655 -4.0000000000
v -1.3103448276 -1.7241379310 -4.0000000000
v -1.3103448276 -1.5862068966 -4.0000000000
v -1.3103448276 -1.4482758621 -4.0000000000
v -1.3103448276 -1.3103448276 -4.0000000000
v -1.3103448276 -1.1724137931 -4.0000000000
v -1.3103448276 -1.0344827586 -4.0000000000
v -1.3103448276 -0.8965517241 -4.0000000000
v -1.3103448276 -0.7586206897 -4.0000000000
v -1.3103448276 -0.6206896552 -4.0000000000
v -1.3103448276 -0.4827586207 -4.0000000000
v -1.3103448276 -0.3448275862 -4.0000000000
v -1.3103448276 -0.2068965517 -4.0000000000
v -1.3103448276 -0.0689655172 -4.0000000000
v -1.3103448276 0.0689655172 -4.0000000000
v -1.3103448276 0.2068965517 -4.0000000000
v -1.3103448276 0.3448275862 -4.0000000000
v -1.3103448276 0.4827586207 -4.0000000000
v -1.3103448276 0.6206896552 -4.0000000000
v -1.3103448276 0.7586206897 -4.0000000000
v -1.3103448276 0.8965517241 -4.0000000000
v -1.3103448276 1.0344827586 -4.0000000000
v -1.3103448276 1.1724137931 -4.0000000000
v -1.3103448276 1.3103448276 -4.0000000000
v -1.3103448276 1.4482758621 -4.0000000000
v -1.3103448276 1.5862068966 -4.0000000000
v -1.3103448276 1.7241379310 -4.0000000000
v -1.3103448276 1.8620689655 -4.0000000000
v -1.3103448276 2.0000000000 -4.0000000000
v -1.1724137931 -2.0000000000 -4.0000000000
v -1.1724137931 -1.8620689655 -4.0000000000
v -1.1724137931 -1.7241379310 -4.0000000000
v -1.1724137931 -1.5862068966 -4.0000000000
v -1.1724137931 -1.4482758621 -4.0000000000
v -1.1724137931 -1.3103448276 -4.0000000000
v -1.1724137931 -1.1724137931 -4.0000000000
v -1.1724137931 -1.0344827586 -4.0000000000
v -1.1724137931 -0.8965517241 -4.0000000000
v -1.1724137931 -0.7586206897 -4.0000000000
v -1.1724137931 -0.6206896552 -4.0000000000
v -1.1724137931 -0.4827586207 -4.0000000000
v -1.1724137931 -0.3448275862 -4.0000000000
v -1.1724137931 -0.2068965517 -4.0000000000
v -1.1724137931 -0.0689655172 -4.0000000000
v -1.1724137931 0.0689655172 -4.0000000000
v -1.1724137931 0.2068965517 -4.0000000000
v -1.1724137931 0.3448275862 -4.0000000000
v -1.1724137931 0.4827586207 -4.0000000000
v -1.1724137931 0.6206896552 -4.0000000000
v -1.1724137931 0.7586206897 -4.0000000000
v -1.1724137931 0.8965517241 -4.0000000000
v -1.1724137931 1.0344827586 -4.0000000000
v -1.1724137931 1.1724137931 -4.0000000000
v -1.1724137931 1.3103448276 -4.0000000000
v -1.1724137931 1.4482758621 -4.0000000000
v -1.1724137931 1.5862068966 -4.0000000000
v -1.1724137931 1.7241379310 -4.0000000000
v -1.1724137931 1.8620689655 -4.0000000000
v -1.1724137931 2.0000000000 -4.0000000000
v -1.0344827586 -2.0000000000 -4.0000000000
v -1.0344827586 -1.8620689655 -4.0000000000
v -1.0344827586 -1.7241379310 -4.0000000000
v -1.0344827586 -1.5862068966 -4.0000000000
v -1.0344827586 -1.4482758621 -4.0000000000
v -1.0344827586 -1.3103448276 -4.0000000000
v -1.0344827586 -1.1724137931 -4.0000000000
v -1.0344827586 -1.0344827586 -4.0000000000
v -1.0344827586 -0.8965517241 -4.0000000000
v -1.0344827586 -0.7586206897 -4.0000000000
v -1.0344827586 -0.6206896552 -4.0000000000
v -1.0344827586 -0.4827586207 -4.0000000000
v -1.0344827586 -0.3448275862 -4.0000000000
v -1.0344827586 -0.2068965517 -4.0000000000
v -1.0344827586 -0.0689655172 -4.0000000000
v -1.0344827586 0.0689655172 -4.0000000000
v -1.0344827586 0.2068965517 -4.0000000000
v -1.0344827586 0.3448275862 -4.0000000000
v -1.0344827586 0.4827586207 -4.0000000000
v -1.0344827586 0.6206896552 -4.0000000000
v -1.0344827586 0.7586206897 -4.0000000000
v -1.0344827586 0.8965517241 -4.0000000000
v -1.0344827586 1.0344827586 -4.0000000000
v -1.0344827586 1.1724137931 -4.0000000000
v -1.0344827586 1.3103448276 -4.0000000000
v -1.0344827586 1.4482758621 -4.0000000000
v -1.0344827586 1.5862068966 -4.0000000000
v -1.0344827586 1.7241379310 -4.0000000000
v -1.0344827586 1.8620689655 -4.0000000000
v -1.0344827586 2.0000000000 -4.0000000000
v -0.8965517241 -2.0000000000 -4.0000000000
v -0.8965517241 -1.8620689655 -4.0000000000
v -0.8965517241 -1.7241379310 -4.0000000000
v -0.8965517241 -1.5862068966 -4.0000000000
v -0.8965517241 -1.4482758621 -4.0000000000
v -0.8965517241 -1.3103448276 -4.0000000000
v -0.8965517241 -1.1724137931 -4.0000000000
v -0.8965517241 -1.0344827586 -4.0000000000
v -0.8965517241 -0.8965517241 -4.0000000000
v -0.8965517241 -0.7586206897 -4.0000000000
v -0.8965517241 -0.6206896552 -4.0000000000
v -0.8965517241 -0.4827586207 -4.0000000000
v -0.8965517241 -0.3448275862 -4.0000000000
v -0.8965517241 -0.2068965517 -4.0000000000
v -0.8965517241 -0.0689655172 -4.0000000000
v -0.8965517241 0.0689655172 -4.0000000000
v -0.8965517241 0.2068965517 -4.0000000000
v -0.8965517241 0.3448275862 -4.0000000000
v -0.8965517241 0.4827586207 -4.0000000000
v -0.8965517241 0.6206896552 -4.0000000000
v -0.8965517241 0.7586206897 -4.0000000000
v -0.8965517241 0.8965517241 -4.0000000000
v -0.8965517241 1.0344827586 -4.0000000000
v -0.8965517241 1.1724137931 -4.0000000000
v -0.8965517241 1.3103448276 -4.0000000000
v -0.8965517241 1.4482758621 -4.0000000000
v -0.8965517241 1.5862068966 -4.0000000000
v -0.8965517241 1.7241379310 -4.0000000000
v -0.8965517241 1.8620689655 -4.0000000000
v -0.8965517241 2.0000000000 -4.0000000000
v -0.7586206897 -2.0000000000 -4.0000000000
v -0.7586206897 -1.8620689655 -4.0000000000
v -0.7586206897 -1.7241379310 -4.0000000000
v -0.7586206897 -1.5862068966 -4.0000000000
v -0.7586206897 -1.4482758621 -4.0000000000
v -0.7586206897 -1.3103448276 -4.0000000000
v -0.7586206897 -1.1724137931 -4.0000000000
v -0.7586206897 -1.0344827586 -4.0000000000
v -0.7586206897 -0.8965517241 -4.0000000000
v -0.7586206897 -0.7586206897 -4.0000000000
v -0.7586206897 -0.6206896552 -4.0000000000
v -0.7586206897 -0.4827586207 -4.0000000000
v -0.7586206897 -0.3448275862 -4.0000000000
v -0.7586206897 -0.2068965517 -4.0000000000
v -0.7586206897 -0.0689655172 -4.0000000000
v -0.7586206897 0.0689655172 -4.0000000000
v -0.7586206897 0.2068965517 -4.0000000000
v -0.7586206897 0.3448275862 -4.0000000000
v -0.7586206897 0.4827586207 -4.0000000000
v -0.7586206897 0.6206896552 -4.0000000000
v -0.7586206897 0.7586206897 -4.0000000000
v -0.7586206897 0.8965517241 -4.0000000000
v -0.7586206897 1.0344827586 -4.0000000000
v -0.7586206897 1.1724137931 -4.0000000000
v -0.7586206897 1.3103448276 -4.0000000000
v -0.7586206897 1.4482758621 -4.0000000000
v -0.7586206897 1.5862068966 -4.0000000000
v -0.7586206897 1.7241379310 -4.0000000000
v -0.7586206897 1.8620689655 -4.0000000000
v -0.7586206897 2.0000000000 -4.0000000000
v -0.6206896552 -2.0000000000 -4.0000000000
v -0.6206896552 -1.8620689655 -4.0000000000
v -0.6206896552 -1.7241379310 -4.0000000000
v -0.6206896552 -1.5862068966 -4.0000000000
v -0.6206896552 -1.4482758621 -4.0000000000
v -0.6206896552 -1.3103448276 -4.0000000000
v -0.6206896552 -1.1724137931 -4.0000000000
v -0.6206896552 -1.0344827586 -4.0000000000
v -0.6206896552 -0.8965517241 -4.0000000000
v -0.6206896552 -0.7586206897 -4.0000000000
v -0.6206896552 -0.6206896552 -4.0000000000
v -0.6206896552 -0.4827586207 -4.0000000000
v -0.6206896552 -0.3448275862 -4.0000000000
v -0.6206896552 -0.2068965517 -4.0000000000
v -0.6206896552 -0.0689655172 -4.0000000000
v -0.6206896552 0.0689655172 -4.0000000000
v -0.6206896552 0.2068965517 -4.0000000000
v -0.6206896552 0.3448275862 -4.0000000000
v -0.6206896552 0.4827586207 -4.0000000000
v -0.6206896552 0.6206896552 -4.0000000000
v -0.6206896552 0.7586206897 -4.0000000000
v -0.6206896552 0.8965517241 -4.0000000000
v -0.6206896552 1.0344827586 -4.0000000000
v -0.6206896552 1.1724137931 -4.0000000000
v -0.6206896552 1.3103448276 -4.0000000000
v -0.6206896552 1.4482758621 -4.0000000000
v -0.6206896552 1.5862068966 -4.0000000000
v -0.6206896552 1.7241379310 -4.0000000000
v -0.6206896552 1.8620689655 -4.0000000000
v -0.6206896552 2.0000000000 -4.0000000000
v -0.4827586207 -2.0000000000 -4.0000000000
v -0.4827586207 -1.8620689655 -4.0000000000
v -0.4827586207 -1.7241379310 -4.0000000000
v -0.4827586207 -1.5862068966 -4.0000000000
v -0.4827586207 -1.4482758621 -4.0000000000
v -0.4827586207 -1.3103448276 -4.0000000000
v -0.4827586207 -1.1724137931 -4.0000000000
v -0.4827586207 -1.0344827586 -4.0000000000
v -0.4827586207 -0.8965517241 -4.0000000000
v -0.4827586207 -0.7586206897 -4.0000000000
v -0.4827586207 -0.6206896552 -4.0000000000
v -0.4827586207 -0.4827586207 -4.0000000000
v -0.4827586207 -0.3448275862 -4.0000000000
v -0.4827586207 -0.2068965517 -4.0000000000
v -0.4827586207 -0.0689655172 -4.0000000000
v -0.4827586207 0.0689655172 -4.0000000000
v -0.4827586207 0.2068965517 -4.0000000000
v -0.4827586207 0.3448275862 -4.0000000000
v -0.4827586207 0.4827586207 -4.0000000000
v -0.4827586207 0.6206896552 -4.0000000000
v -0.4827586207 0.7586206897 -4.0000000000
v -0.4827586207 0.8965517241 -4.0000000000
v -0.4827586207 1.0344827586 -4.0000000000
v -0.4827586207 1.1724137931 -4.0000000000
v -0.4827586207 1.3103448276 -4.0000000000
v -0.4827586207 1.4482758621 -4.0000000000
v -0.4827586207 1.5862068966 -4.0000000000
v -0.4827586207 1.7241379310 -4.0000000000
v -0.4827586207 1.8620689655 -4.0000000000
v -0.4827586207 2.0000000000 -4.0000000000
v -0.3448275862 -2.0000000000 -4.0000000000
v -0.3448275862 -1.8620689655 -4.0000000000
v -0.3448275862 -1.7241379310 -4.0000000000
v -0.3448275862 -1.5862068966 -4.0000000000
v -0.3448275862 -1.4482758621 -4.0000000000
v -0.3448275862 -1.3103448276 -4.0000000000
v -0.3448275862 -1.1724137931 -4.0000000000
v -0.3448275862 -1.0344827586 -4.0000000000
v -0.3448275862 -0.8965517241 -4.0000000000
v -0.3448275862 -0.7586206897 -4.0000000000
v -0.3448275862 -0.6206896552 -4.0000000000
v -0.3448275862 -0.4827586207 -4.0000000000
v -0.3448275862 -0.3448275862 -4.0000000000
v -0.3448275862 -0.2068965517 -4.0000000000
v -0.3448275862 -0.0689655172 -4.0000000000
v -0.3448275862 0.0689655172 -4.0000000000
v -0.3448275862 0.2068965517 -4.0000000000
v -0.3448275862 0.3448275862 -4.0000000000
v -0.3448275862 0.4827586207 -4.0000000000
v -0.3448275862 0.6206896552 -4.0000000000
v -0.3448275862 0.7586206897 -4.0000000000
v -0.3448275862 0.8965517241 -4.0000000000
v -0.3448275862 1.0344827586 -4.0000000000
v -0.3448275862 1.1724137931 -4.0000000000
v -0.3448275862 1.3103448276 -4.0000000000
v -0.3448275862 1.4482758621 -4.0000000000
v -0.3448275862 1.5862068966 -4.0000000000
v -0.3448275862 1.7241379310 -4.0000000000
v -0.3448275862 1.8620689655 -4.0000000000
v -0.3448275862 2.0000000000 -4.0000000000
v -0.2068965517 -2.0000000000 -4.0000000000
v -0.2068965517 -1.8620689655 -4.0000000000
v -0.2068965517 -1.7241379310 -4.0000000000
v -0.2068965517 -1.5862068966 -4.0000000000
v -0.2068965517 -1.4482758621 -4.0000000000
v -0.2068965517 -1.3103448276 -4.0000000000
v -0.2068965517 -1.1724137931 -4.0000000000
v -0.2068965517 -1.0344827586 -4.0000000000
v -0.2068965517 -0.8965517241 -4.0000000000
v -0.2068965517 -0.7586206897 -4.0000000000
v -0.2068965517 -0.6206896552 -4.0000000000
v -0.2068965517 -0.4827586207 -4.0000000000
v -0.2068965517 -0.3448275862 -4.0000000000
v -0.2068965517 -0.2068965517 -4.0000000000
v -0.2068965517 -0.0689655172 -4.0000000000
v -0.2068965517 0.0689655172 -4.0000000000
v -0.2068965517 0.2068965517 -4.0000000000
v -0.2068965517 0.3448275862 -4.0000000000
v -0.2068965517 0.4827586207 -4.0000000000
v -0.2068965517 0.6206896552 -4.0000000000
v -0.2068965517 0.7586206897 -4.0000000000
v -0.2068965517 0.8965517241 -4.0000000000
v -0.2068965517 1.0344827586 -4.0000000000
v -0.2068965517 1.1724137931 -4.0000000000
v -0.2068965517 1.3103448276 -4.0000000000
v -0.2068965517 1.4482758621 -4.0000000000
v -0.2068965517 1.5862068966 -4.0000000000
v -0.2068965517 1.7241379310 -4.0000000000
v -0.2068965517 1.8620689655 -4.0000000000
v -0.2068965517 2.0000000000 -4.0000000000
v -0.0689655172 -2.0000000000 -4.0000000000
v -0.0689655172 -1.8620689655 -4.0000000000
v -0.0689655172 -1.7241379310 -4.0000000000
v -0.0689655172 -1.5862068966 -4.0000000000
v -0.0689655172 -1.4482758621 -4.0000000000
v -0.0689655172 -1.3103448276 -4.0000000000
v -0.0689655172 -1.1724137931 -4.0000000000
v -0.0689655172 -1.0344827586 -4.0000000000
v -0.0689655172 -0.8965517241 -4.0000000000
v -0.0689655172 -0.7586206897 -4.0000000000
v -0.0689655172 -0.6206896552 -4.0000000000
v -0.0689655172 -0.4827586207 -4.0000000000
v -0.0689655172 -0.3448275862 -4.0000000000
v -0.0689655172 -0.2068965517 -4.0000000000
v -0.0689655172 -0.0689655172 -4.0000000000
v -0.0689655172 0.0689655172 -4.0000000000
v -0.0689655172 0.2068965517 -4.0000000000
v -0.0689655172 0.3448275862 -4.0000000000
v -0.0689655172 0.4827586207 -4.0000000000
v -0.0689655172 0.6206896552 -4.0000000000
v -0.0689655172 0.7586206897 -4.0000000000
v -0.0689655172 0.8965517241 -4.0000000000
v -0.0689655172 1.0344827586 -4.0000000000
v -0.0689655172 1.1724137931 -4.0000000000
v -0.0689655172 1.3103448276 -4.0000000000
v -0.0689655172 1.4482758621 -4.0000000000
v -0.0689655172 1.5862068966 -4.0000000000
v -0.0689655172 1.7241379310 -4.0000000000
v -0.0689655172 1.8620689655 -4.0000000000
v -0.0689655172 2.0000000000 -4.0000000000
v 0.0689655172 -2.0000000000 -4.0000000000
v 0.0689655172 -1.8620689655 -4.0000000000
v 0.0689655172 -1.7241379310 -4.0000000000
v 0.0689655172 -1.5862068966 -4.0000000000
v 0.0689655172 -1.4482758621 -4.0000000000
v 0.0689655172 -1.3103448276 -4.0000000000
v 0.0689655172 -1.1724137931 -4.0000000000
v 0.0689655172 -1.0344827586 -4.0000000000
v 0.0689655172 -0.8965517241 -4.0000000000
v 0.0689655172 -0.7586206897 -4.0000000000
v 0.0689655172 -0.6206896552 -4.0000000000
v 0.0689655172 -0.4827586207 -4.0000000000
v 0.0689655172 -0.3448275862 -4.0000000000
v 0.0689655172 -0.2068965517 -4.0000000000
v 0.0689655172 -0.0689655172 -4.0000000000
v 0.0689655172 0.0689655172 -4.0000000000
v 0.0689655172 0.2068965517 -4.0000000000
v 0.0689655172 0.3448275862 -4.0000000000
v 0.0689655172 0.4827586207 -4.0000000000
v 0.0689655172 0.6206896552 -4.0000000000
v 0.0689655172 0.7586206897 -4.0000000000
v 0.0689655172 0.8965517241 -4.0000000000
v 0.0689655172 1.0344827586 -4.0000000000
v 0.0689655172 1.1724137931 -4.0000000000
v 0.0689655172 1.3103448276 -4.0000000000
v 0.0689655172 1.4482758621 -4.0000000000
v 0.0689655172 1.5862068966 -4.0000000000
v 0.0689655172 1.7241379310 -4.0000000000
v 0.0689655172 1.8620689655 -4.0000000000
v 0.0689655172 2.0000000000 -4.0000000000
v 0.2068965517 -2.0000000000 -4.0000000000
v 0.2068965517 -1.8620689655 -4.0000000000
v 0.2068965517 -1.7241379310 -4.0000000000
v 0.2068965517 -1.5862068966 -4.0000000000
v 0.2068965517 -1.4482758621 -4.0000000000
v 0.2068965517 -1.3103448276 -4.0000000000
v 0.2068965517 -1.1724137931 -4.0000000000
v 0.2068965517 -1.0344827586 -4.0000000000
v 0.2068965517 -0.8965517241 -4.0000000000
v 0.2068965517 -0.7586206897 -4.0000000000
v 0.2068965517 -0.6206896552 -4.0000000000
v 0.2068965517 -0.4827586207 -4.0000000000
v 0.2068965517 -0.3448275862 -4.0000000000
v 0.2068965517 -0.2068965517 -4.0000000000
v 0.2068965517 -0.0689655172 -4.0000000000
v 0.2068965517 0.0689655172 -4.0000000000
v 0.2068965517 0.2068965517 -4.0000000000
v 0.2068965517 0.3448275862 -4.0000000000
v 0.2068965517 0.4827586207 -4.0000000000
v 0.2068965517 0.6206896552 -4.0000000000
v 0.2068965517 0.7586206897 -4.0000000000
v 0.2068965517 0.8965517241 -4.0000000000
v 0.2068965517 1.0344827586 -4.0000000000
v 0.2068965517 1.1724137931 -4.0000000000
v 0.2068965517 1.3103448276 -4.0000000000
v 0.2068965517 1.4482758621 -4.0000000000
v 0.2068965517 1.5862068966 -4.0000000000
v 0.2068965517 1.7241379310 -4.0000000000
v 0.2068965517 1.8620689655 -4.0000000000
v 0.2068965517 2.0000000000 -4.0000000000
v 0.3448275862 -2.0000000000 -4.0000000000
v 0.3448275862 -1.8620689655 -4.0000000000
v 0.3448275862 -1.7241379310 -4.0000000000
v 0.3448275862 -1.5862068966 -4.0000000000
v 0.3448275862 -1.4482758621 -4.0000000000
v 0.3448275862 -1.3103448276 -4.0000000000
v 0.3448275862 -1.1724137931 -4.0000000000
v 0.3448275862 -1.0344827586 -4.0000000000
v 0.3448275862 -0.8965517241 -4.0000000000
v 0.3448275862 -0.7586206897 -4.0000000000
v 0.3448275862 -0.6206896552 -4.0000000000
v 0.3448275862 -0.4827586207 -4.0000000000
v 0.3448275862 -0.3448275862 -4.0000000000
v 0.3448275862 -0.2068965517 -4.0000000000
v 0.3448275862 -0.0689655172 -4.0000000000
v 0.3448275862 0.0689655172 -4.0000000000
v 0.3448275862 0.2068965517 -4.0000000000
v 0.3448275862 0.3448275862 -4.0000000000
v 0.3448275862 0.4827586207 -4.0000000000
v 0.3448275862 0.6206896552 -4.0000000000
v 0.3448275862 0.7586206897 -4.0000000000
v 0.3448275862 0.8965517241 -4.0000000000
v 0.3448275862 1.0344827586 -4.0000000000
v 0.3448275862 1.1724137931 -4.0000000000
v 0.3448275862 1.3103448276 -4.0000000000
v 0.3448275862 1.4482758621 -4.0000000000
v 0.3448275862 1.5862068966 -4.0000000000
v 0.3448275862 1.7241379310 -4.0000000000
v 0.3448275862 1.8620689655 -4.0000000000
v 0.3448275862 2.0000000000 -4.0000000000
v 0.4827586207 -2.0000000000 -4.0000000000
v 0.4827586207 -1.8620689655 -4.0000000000
v 0.4827586207 -1.7241379310 -4.0000000000
v 0.4827586207 -1.5862068966 -4.0000000000
v 0.4827586207 -1.4482758621 -4.0000000000
v 0.4827586207 -1.3103448276 -4.0000000000
v 0.4827586207 -1.1724137931 -4.0000000000
v 0.4827586207 -1.0344827586 -4.0000000000
v 0.4827586207 -0.8965517241 -4.0000000000
v 0.4827586207 -0.7586206897 -4.0000000000
v 0.4827586207 -0.6206896552 -4.0000000000
v 0.4827586207 -0.4827586207 -4.0000000000
v 0.4827586207 -0.3448275862 -4.0000000000
v 0.4827586207 -0.2068965517 -4.0000000000
v 0.4827586207 -0.0689655172 -4.0000000000
v 0.4827586207 0.0689655172 -4.0000000000
v 0.4827586207 0.2068965517 -4.0000000000
v 0.4827586207 0.3448275862 -4.0000000000
v 0.4827586207 0.4827586207 -4.0000000000
v 0.4827586207 0.6206896552 -4.0000000000
v 0.4827586207 0.7586206897 -4.0000000000
v 0.4827586207 0.8965517241 -4.0000000000
v 0.4827586207 1.0344827586 -4.0000000000
v 0.4827586207 1.1724137931 -4.0000000000
v 0.4827586207 1.3103448276 -4.0000000000
v 0.4827586207 1.4482758621 -4.0000000000
v 0.4827586207 1.5862068966 -4.0000000000
v 0.4827586207 1.7241379310 -4.0000000000
v 0.4827586207 1.8620689655 -4.0000000000
v 0.4827586207 2.0000000000 -4.0000000000
v 0.6206896552 -2.0000000000 -4.0000000000
v 0.6206896552 -1.8620689655 -4.0000000000
v 0.6206896552 -1.7241379310 -4.0000000000
v 0.6206896552 -1.5862068966 -4.0000000000
v 0.6206896552 -1.4482758621 -4.0000000000
v 0.6206896552 -1.3103448276 -4.0000000000
v 0.6206896552 -1.1724137931 -4.0000000000
v 0.6206896552 -1.0344827586 -4.0000000000
v 0.6206896552 -0.8965517241 -4.0000000000
v 0.6206896552 -0.7586206897 -4.0000000000
v 0.6206896552 -0.6206896552 -4.0000000000
v 0.6206896552 -0.4827586207 -4.0000000000
v 0.6206896552 -0.3448275862 -4.0000000000
v 0.6206896552 -0.2068965517 -4.0000000000
v 0.6206896552 -0.0689655172 -4.0000000000
v 0.6206896552 0.0689655172 -4.0000000000
v 0.6206896552 0.2068965517 -4.0000000000
v 0.6206896552 0.3448275862 -4.0000000000
v 0.6206896552 0.4827586207 -4.0000000000
v 0.6206896552 0.6206896552 -4.0000000000
v 0.6206896552 0.7586206897 -4.0000000000
v 0.6206896552 0.8965517241 -4.0000000000
v 0.6206896552 1.0344827586 -4.0000000000
v 0.6206896552 1.1724137931 -4.0000000000
v 0.6206896552 1.3103448276 -4.0000000000
v 0.6206896552 1.4482758621 -4.0000000000
v 0.6206896552 1.5862068966 -4.0000000000
v 0.6206896552 1.7241379310 -4.0000000000
v 0.6206896552 1.8620689655 -4.0000000000
v 0.6206896552 2.0000000000 -4.0000000000
v 0.7586206897 -2.0000000000 -4.0000000000
v 0.7586206897 -1.8620689655 -4.0000000000
v 0.7586206897 -1.7241379310 -4.0000000000
v 0.7586206897 -1.5862068966 -4.0000000000
v 0.7586206897 -1.4482758621 -4.0000000000
v 0.7586206897 -1.3103448276 -4.0000000000
v 0.7586206897 -1.1724137931 -4.0000000000
v 0.7586206897 -1.0344827586 -4.0000000000
v 0.7586206897 -0.8965517241 -4.0000000000
v 0.7586206897 -0.7586206897 -4.0000000000
v 0.7586206897 -0.6206896552 -4.0000000000
v 0.7586206897 -0.4827586207 -4.0000000000
v 0.7586206897 -0.3448275862 -4.0000000000
v 0.7586206897 -0.2068965517 -4.0000000000
v 0.7586206897 -0.0689655172 -4.0000000000
v 0.7586206897 0.0689655172 -4.0000000000
v 0.7586206897 0.2068965517 -4.0000000000
v 0.7586206897 0.3448275862 -4.0000000000
v 0.7586206897 0.4827586207 -4.0000000000
v 0.7586206897 0.6206896552 -4.0000000000
v 0.7586206897 0.7586206897 -4.0000000000
v 0.7586206897 0.8965517241 -4.0000000000
v 0.7586206897 1.0344827586 -4.0000000000
v 0.7586206897 1.1724137931 -4.0000000000
v 0.7586206897 1.3103448276 -4.0000000000
v 0.7586206897 1.4482758621 -4.0000000000
v 0.7586206897 1.5862068966 -4.0000000000
v 0.7586206897 1.7241379310 -4.0000000000
v 0.7586206897 1.8620689655 -4.0000000000
v 0.7586206897 2.0000000000 -4.0000000000
v 0.8965517241 -2.0000000000 -4.0000000000
v 0.8965517241 -1.8620689655 -4.0000000000
v 0.8965517241 -1.7241379310 -4.0000000000
v 0.8965517241 -1.5862068966 -4.0000000000
v 0.8965517241 -1.4482758621 -4.0000000000
v 0.8965517241 -1.3103448276 -4.0000000000
v 0.8965517241 -1.1724137931 -4.0000000000
v 0.8965517241 -1.0344827586 -4.0000000000
v 0.8965517241 -0.8965517241 -4.0000000000
v 0.8965517241 -0.7586206897 -4.0000000000
v 0.8965517241 -0.6206896552 -4.0000000000
v 0.8965517241 -0.4827586207 -4.0000000000
v 0.8965517241 -0.3448275862 -4.0000000000
v 0.8965517241 -0.2068965517 -4.0000000000
v 0.8965517241 -0.0689655172 -4.0000000000
v 0.8965517241 0.0689655172 -4.0000000000
v 0.8965517241 0.2068965517 -4.0000000000
v 0.8965517241 0.3448275862 -4.0000000000
v 0.8965517241 0.4827586207 -4.0000000000
v 0.8965517241 0.6206896552 -4.0000000000
v 0.8965517241 0.7586206897 -4.0000000000
v 0.8965517241 0.8965517241 -4.0000000000
v 0.8965517241 1.0344827586 -4.0000000000
v 0.8965517241 1.1724137931 -4.0000000000
v 0.8965517241 1.3103448276 -4.0000000000
v 0.8965517241 1.4482758621 -4.0000000000
v 0.8965517241 1.5862068966 -4.0000000000
v 0.8965517241 1.7241379310 -4.0000000000
v 0.8965517241 1.8620689655 -4.0000000000
v 0.8965517241 2.0000000000 -4.0000000000
v 1.0344827586 -2.0000000000 -4.0000000000
v 1.0344827586 -1.8620689655 -4.0000000000
v 1.0344827586 -1.7241379310 -4.0000000000
v 1.0344827586 -1.5862068966 -4.0000000000
v 1.0344827586 -1.4482758621 -4.0000000000
v 1.0344827586 -1.3103448276 -4.0000000000
v 1.0344827586 -1.1724137931 -4.0000000000
v 1.0344827586 -1.0344827586 -4.0000000000
v 1.0344827586 -0.8965517241 -4.0000000000
v 1.0344827586 -0.7586206897 -4.0000000000
v 1.0344827586 -0.6206896552 -4.0000000000
v 1.0344827586 -0.4827586207 -4.0000000000
v 1.0344827586 -0.3448275862 -4.0000000000
v 1.0344827586 -0.2068965517 -4.0000000000
v 1.0344827586 -0.0689655172 -4.0000000000
v 1.0344827586 0.0689655172 -4.0000000000
v 1.0344827586 0.2068965517 -4.0000000000
v 1.0344827586 0.3448275862 -4.0000000000
v 1.0344827586 0.4827586207 -4.0000000000
v 1.0344827586 0.6206896552 -4.0000000000
v 1.0344827586 0.7586206897 -4.0000000000
v 1.0344827586 0.8965517241 -4.0000000000
v 1.0344827586 1.0344827586 -4.0000000000
v 1.0344827586 1.1724137931 -4.0000000000
v 1.0344827586 1.3103448276 -4.0000000000
v 1.0344827586 1.4482758621 -4.0000000000
v 1.0344827586 1.5862068966 -4.0000000000
v 1.0344827586 1.7241379310 -4.0000000000
v 1.0344827586 1.8620689655 -4.0000000000
v 1.0344827586 2.0000000000 -4.0000000000
v 1.1724137931 -2.0000000000 -4.0000000000
v 1.1724137931 -1.8620689655 -4.0000000000
v 1.1724137931 -1.7241379310 -4.0000000000
v 1.1724137931 -1.5862068966 -4.0000000000
v 1.1724137931 -1.4482758621 -4.0000000000
v 1.1724137931 -1.3103448276 -4.0000000000
v 1.1724137931 -1.1724137931 -4.0000000000
v 1.1724137931 -1.0344827586 -4.0000000000
v 1.1724137931 -0.8965517241 -4.0000000000
v 1.1724137931 -0.7586206897 -4.0000000000
v 1.1724137931 -0.6206896552 -4.0000000000
v 1.1724137931 -0.4827586207 -4.0000000000
v 1.1724137931 -0.3448275862 -4.0000000000
v 1.1724137931 -0.2068965517 -4.0000000000
v 1.1724137931 -0.0689655172 -4.0000000000
v 1.1724137931 0.0689655172 -4.0000000000
v 1.1724137931 0.2068965517 -4.0000000000
v 1.1724137931 0.3448275862 -4.0000000000
v 1.1724137931 0.4827586207 -4.0000000000
v 1.1724137931 0.6206896552 -4.0000000000
v 1.1724137931 0.7586206897 -4.0000000000
v 1.1724137931 0.8965517241 -4.0000000000
v 1.1724137931 1.0344827586 -4.0000000000
v 1.1724137931 1.1724137931 -4.0000000000
v 1.1724137931 1.3103448276 -4.0000000000
v 1.1724137931 1.4482758621 -4.0000000000
v 1.1724137931 1.5862068966 -4.0000000000
v 1.1724137931 1.7241379310 -4.0000000000
v 1.1724137931 1.8620689655 -4.0000000000
v 1.1724137931 2.0000000000 -4.0000000000
v 1.3103448276 -2.0000000000 -4.0000000000
v 1.3103448276 -1.8620689655 -4.0000000000
v 1.3103448276 -1.7241379310 -4.0000000000
v 1.3103448276 -1.5862068966 -4.0000000000
v 1.3103448276 -1.4482758621 -4.0000000000
v 1.3103448276 -1.3103448276 -4.0000000000
v 1.3103448276 -1.1724137931 -4.0000000000
v 1.3103448276 -1.0344827586 -4.0000000000
v 1.3103448276 -0.8965517241 -4.0000000000
v 1.3103448276 -0.7586206897 -4.0000000000
v 1.3103448276 -0.6206896552 -4.0000000000
v 1.3103448276 -0.4827586207 -4.0000000000
v 1.3103448276 -0.3448275862 -4.0000000000
v 1.3103448276 -0.2068965517 -4.0000000000
v 1.3103448276 -0.0689655172 -4.0000000000
v 1.3103448276 0.0689655172 -4.0000000000
v 1.3103448276 0.2068965517 -4.0000000000
v 1.3103448276 0.3448275862 -4.0000000000
v 1.3103448276 0.4827586207 -4.0000000000
v 1.3103448276 0.6206896552 -4.0000000000
v 1.3103448276 0.7586206897 -4.0000000000
v 1.3103448276 0.8965517241 -4.0000000000
v 1.3103448276 1.0344827586 -4.0000000000
v 1.3103448276 1.1724137931 -4.0000000000
v 1.3103448276 1.3103448276 -4.0000000000
v 1.3103448276 1.4482758621 -4.0000000000
v 1.3103448276 1.5862068966 -4.0000000000
v 1.3103448276 1.7241379310 -4.0000000000
v 1.3103448276 1.8620689655 -4.0000000000
v 1.3103448276 2.0000000000 -4.0000000000
v 1.4482758621 -2.0000000000 -4.0000000000
v 1.4482758621 -1.8620689655 -4.0000000000
v 1.4482758621 -1.7241379310 -4.0000000000
v 1.4482758621 -1.5862068966 -4.0000000000
v 1.4482758621 -1.4482758621 -4.0000000000
v 1.4482758621 -1.3103448276 -4.0000000000
v 1.4482758621 -1.1724137931 -4.0000000000
v 1.4482758621 -1.0344827586 -4.0000000000
v 1.4482758621 -0.8965517241 -4.0000000000
v 1.4482758621 -0.7586206897 -4.0000000000
v 1.4482758621 -0.6206896552 -4.0000000000
v 1.4482758621 -0.4827586207 -4.0000000000
v 1.4482758621 -0.3448275862 -4.0000000000
v 1.4482758621 -0.2068965517 -4.0000000000
v 1.4482758621 -0.0689655172 -4.0000000000
v 1.4482758621 0.0689655172 -4.0000000000
v 1.4482758621 0.2068965517 -4.0000000000
v 1.4482758621 0.3448275862 -4.0000000000
v 1.4482758621 0.4827586207 -4.0000000000
v 1.4482758621 0.6206896552 -4.0000000000
v 1.4482758621 0.7586206897 -4.0000000000
v 1.4482758621 0.8965517241 -4.0000000000
v 1.4482758621 1.0344827586 -4.0000000000
v 1.4482758621 1.1724137931 -4.0000000000
v 1.4482758621 1.3103448276 -4.0000000000
v 1.4482758621 1.4482758621 -4.0000000000
v 1.4482758621 1.5862068966 -4.0000000000
v 1.4482758621 1.7241379310 -4.0000000000
v 1.4482758621 1.8620689655 -4.0000000000
v 1.4482758621 2.0000000000 -4.0000000000
v 1.5862068966 -2.0000000000 -4.0000000000
v 1.5862068966 -1.8620689655 -4.0000000000
v 1.5862068966 -1.7241379310 -4.0000000000
v 1.5862068966 -1.5862068966 -4.0000000000
v 1.5862068966 -1.4482758621 -4.0000000000
v 1.5862068966 -1.3103448276 -4.0000000000
v 1.5862068966 -1.1724137931 -4.0000000000
v 1.5862068966 -1.0344827586 -4.0000000000
v 1.5862068966 -0.8965517241 -4.0000000000
v 1.5862068966 -0.7586206897 -4.0000000000
v 1.5862068966 -0.6206896552 -4.0000000000
v 1.5862068966 -0.4827586207 -4.0000000000
v 1.5862068966 -0.3448275862 -4.0000000000
v 1.5862068966 -0.2068965517 -4.0000000000
v 1.5862068966 -0.0689655172 -4.0000000000
v 1.5862068966 0.0689655172 -4.0000000000
v 1.5862068966 0.2068965517 -4.0000000000
v 1.5862068966 0.3448275862 -4.0000000000
v 1.5862068966 0.4827586207 -4.0000000000
v 1.5862068966 0.6206896552 -4.0000000000
v 1.5862068966 0.7586206897 -4.0000000000
v 1.5862068966 0.8965517241 -4.0000000000
v 1.5862068966 1.0344827586 -4.0000000000
v 1.5862068966 1.1724137931 -4.0000000000
v 1.5862068966 1.3103448276 -4.0000000000
v 1.5862068966 1.4482758621 -4.0000000000
v 1.5862068966 1.5862068966 -4.0000000000
v 1.5862068966 1.7241379310 -4.0000000000
v 1.5862068966 1.8620689655 -4.0000000000
v 1.5862068966 2.0000000000 -4.0000000000
v 1.7241379310 -2.0000000000 -4.0000000000
v 1.7241379310 -1.8620689655 -4.0000000000
v 1.7241379310 -1.7241379310 -4.0000000000
v 1.7241379310 -1.5862068966 -4.0000000000
v 1.7241379310 -1.4482758621 -4.0000000000
v 1.7241379310 -1.3103448276 -4.0000000000
v 1.7241379310 -1.1724137931 -4.0000000000
v 1.7241379310 -1.0344827586 -4.0000000000
v 1.7241379310 -0.8965517241 -4.0000000000
v 1.7241379310 -0.7586206897 -4.0000000000
v 1.7241379310 -0.6206896552 -4.0000000000
v 1.7241379310 -0.4827586207 -4.0000000000
v 1.7241379310 -0.3448275862 -4.0000000000
v 1.7241379310 -0.2068965517 -4.0000000000
v 1.7241379310 -0.0689655172 -4.0000000000
v 1.7241379310 0.0689655172 -4.0000000000
v 1.7241379310 0.2068965517 -4.0000000000
v 1.7241379310 0.3448275862 -4.0000000000
v 1.7241379310 0.4827586207 -4.0000000000
v 1.7241379310 0.6206896552 -4.0000000000
v 1.7241379310 0.7586206897 -4.0000000000
v 1.7241379310 0.8965517241 -4.0000000000
v 1.7241379310 1.0344827586 -4.0000000000
v 1.7241379310 1.1724137931 -4.0000000000
v 1.7241379310 1.3103448276 -4.0000000000
v 1.7241379310 1.4482758621 -4.0000000000
v 1.7241379310 1.5862068966 -4.0000000000
v 1.7241379310 1.7241379310 -4.0000000000
v 1.7241379310 1.8620689655 -4.0000000000
v 1.7241379310 2.0000000000 -4.0000000000
v 1.8620689655 -2.0000000000 -4.0000000000
v 1.8620689655 -1.8620689655 -4.0000000000
v 1.8620689655 -1.7241379310 -4.0000000000
v 1.8620689655 -1.5862068966 -4.0000000000
v 1.8620689655 -1.4482758621 -4.0000000000
v 1.8620689655 -1.3103448276 -4.0000000000
v 1.8620689655 -1.1724137931 -4.0000000000
v 1.8620689655 -1.0344827586 -4.0000000000
v 1.8620689655 -0.8965517241 -4.0000000000
v 1.8620689655 -0.7586206897 -4.0000000000
v 1.8620689655 -0.6206896552 -4.0000000000
v 1.8620689655 -0.4827586207 -4.0000000000
v 1.8620689655 -0.3448275862 -4.0000000000
v 1.8620689655 -0.2068965517 -4.0000000000
v 1.8620689655 -0.0689655172 -4.0000000000
v 1.8620689655 0.0689655172 -4.0000000000
v 1.8620689655 0.2068965517 -4.0000000000
v 1.8620689655 0.3448275862 -4.0000000000
v 1.8620689655 0.4827586207 -4.0000000000
v 1.8620689655 0.6206896552 -4.0000000000
v 1.8620689655 0.7586206897 -4.0000000000
v 1.8620689655 0.8965517241 -4.0000000000
v 1.8620689655 1.0344827586 -4.0000000000
v 1.8620689655 1.1724137931 -4.0000000000
v 1.8620689655 1.3103448276 -4.0000000000
v 1.8620689655 1.4482758621 -4.0000000000
v 1.8620689655 1.5862068966 -4.0000000000
v 1.8620689655 1.7241379310 -4.0000000000
v 1.8620689655 1.8620689655 -4.0000000000
v 1.8620689655 2.0000000000 -4.0000000000
v 2.0000000000 -2.0000000000 -4.0000000000
v 2.0000000000 -1.8620689655 -4.0000000000
v 2.0000000000 -1.7241379310 -4.0000000000
v 2.0000000000 -1.5862068966 -4.0000000000
v 2.0000000000 -1.4482758621 -4.0000000000
v 2.0000000000 -1.3103448276 -4.0000000000
v 2.0000000000 -1.1724137931 -4.0000000000
v 2.0000000000 -1.0344827586 -4.0000000000
v 2.0000000000 -0.8965517241 -4.0000000000
v 2.0000000000 -0.7586206897 -4.0000000000
v 2.0000000000 -0.6206896552 -4.0000000000
v 2.0000000000 -0.4827586207 -4.0000000000
v 2.0000000000 -0.3448275862 -4.0000000000
v 2.0000000000 -0.2068965517 -4.0000000000
v 2.0000000000 -0.0689655172 -4.0000000000
v 2.0000000000 0.0689655172 -4.0000000000
v 2.0000000000 0.2068965517 -4.0000000000
v 2.0000000000 0.3448275862 -4.0000000000
v 2.0000000000 0.4827586207 -4.0000000000
v 2.0000000000 0.6206896552 -4.0000000000
v 2.0000000000 0.7586206897 -4.0000000000
v 2.0000000000 0.8965517241 -4.0000000000
v 2.0000000000 1.0344827586 -4.0000000000
v 2.0000000000 1.1724137931 -4.0000000000
v 2.0000000000 1.3103448276 -4.0000000000
v 2.0000000000 1.4482758621 -4.0000000000
v 2.0000000000 1.5862068966 -4.0000000000
v 2.0000000000 1.7241379310 -4.0000000000
v 2.0000000000 1.8620689655 -4.0000000000
v 2.0000000000 2.0000000000 -4.0000000000
v -2.0000000000 -2.0000000000 0.0000000000
v -2.0000000000 -1.8620689655 0.0000000000
v -2.0000000000 -1.7241379310 0.0000000000
v -2.0000000000 -1.5862068966 0.0000000000
v -2.0000000000 -1.4482758621 0.0000000000
v -2.0000000000 -1.3103448276 0.0000000000
v -2.0000000000 -1.1724137931 0.0000000000
v -2.0000000000 -1.0344827586 0.0000000000
v -2.0000000000 -0.8965517241 0.0000000000
v -2.0000000000 -0.7586206897 0.0000000000
v -2.0000000000 -0.6206896552 0.0000000000
v -2.0000000000 -0.4827586207 0.0000000000
v -2.0000000000 -0.3448275862 0.0000000000
v -2.0000000000 -0.2068965517 0.0000000000
v -2.0000000000 -0.0689655172 0.0000000000
v -2.0000000000 0.0689655172 0.0000000000
v -2.0000000000 0.2068965517 0.0000000000
v -2.0000000000 0.3448275862 0.0000000000
v -2.0000000000 0.4827586207 0.0000000000
v -2.0000000000 0.6206896552 0.0000000000
v -2.0000000000 0.7586206897 0.0000000000
v -2.0000000000 0.8965517241 0.0000000000
v -2.0000000000 1.0344827586 0.0000000000
v -2.0000000000 1.1724137931 0.0000000000
v -2.0000000000 1.3103448276 0.0000000000
v -2.0000000000 1.4482758621 0.0000000000
v -2.0000000000 1.5862068966 0.0000000000
v -2.0000000000 1.7241379310 0.0000000000
v -2.0000000000 1.8620689655 0.0000000000
v -2.0000000000 2.0000000000 0.0000000000
v -1.8620689655 -2.0000000000 0.0000000000
v -1.8620689655 -1.8620689655 0.0000000000
v -1.8620689655 -1.7241379310 0.0000000000
v -1.8620689655 -1.5862068966 0.0000000000
v -1.8620689655 -1.4482758621 0.0000000000
v -1.8620689655 -1.3103448276 0.0000000000
v -1.8620689655 -1.1724137931 0.0000000000
v -1.8620689655 -1.0344827586 0.0000000000
v -1.8620689655 -0.8965517241 0.0000000000
v -1.8620689655 -0.7586206897 0.0000000000
v -1.8620689655 -0.6206896552 0.0000000000
v -1.8620689655 -0.4827586207 0.0000000000
v -1.8620689655 -0.3448275862 0.0000000000
v -1.8620689655 -0.2068965517 0.0000000000
v -1.8620689655 -0.0689655172 0.0000000000
v -1.8620689655 0.0689655172 0.0000000000
v -1.8620689655 0.2068965517 0.0000000000
v -1.8620689655 0.3448275862 0.0000000000
v -1.8620689655 0.4827586207 0.0000000000
v -1.8620689655 0.6206896552 0.0000000000
v -1.8620689655 0.7586206897 0.0000000000
v -1.8620689655 0.8965517241 0.0000000000
v -1.8620689655 1.0344827586 0.0000000000
v -1.8620689655 1.1724137931 0.0000000000
v -1.8620689655 1.3103448276 0.0000000000
v -1.8620689655 1.4482758621 0.0000000000
v -1.8620689655 1.5862068966 0.0000000000
v -1.8620689655 1.7241379310 0.0000000000
v -1.8620689655 1.8620689655 0.0000000000
v -1.8620689655 2.0000000000 0.0000000000
v -1.7241379310 -2.0000000000 0.0000000000
v -1.7241379310 -1.8620689655 0.0000000000
v -1.7241379310 -1.7241379310 0.0000000000
v -1.7241379310 -1.5862068966 0.0000000000
v -1.7241379310 -1.4482758621 0.0000000000
v -1.7241379310 -1.3103448276 0.0000000000
v -1.7241379310 -1.1724137931 0.0000000000
v -1.7241379310 -1.0344827586 0.0000000000
v -1.7241379310 -0.8965517241 0.0000000000
v -1.7241379310 -0.7586206897 0.0000000000
v -1.7241379310 -0.6206896552 0.0000000000
v -1.7241379310 -0.4827586207 0.0000000000
v -1.7241379310 -0.3448275862 0.0000000000
v -1.7241379310 -0.2068965517 0.0000000000
v -1.7241379310 -0.0689655172 0.0000000000
v -1.7241379310 0.0689655172 0.0000000000
v -1.7241379310 0.2068965517 0.0000000000
v -1.7241379310 0.3448275862 0.0000000000
v -1.7241379310 0.4827586207 0.0000000000
v -1.7241379310 0.6206896552 0.0000000000
v -1.7241379310 0.7586206897 0.0000000000
v -1.7241379310 0.8965517241 0.0000000000
v -1.7241379310 1.0344827586 0.0000000000
v -1.7241379310 1.1724137931 0.0000000000
v -1.7241379310 1.3103448276 0.0000000000
v -1.7241379310 1.4482758621 0.0000000000
v -1.7241379310 1.5862068966 0.0000000000
v -1.7241379310 1.7241379310 0.0000000000
v -1.7241379310 1.8620689655 0.0000000000
v -1.7241379310 2.0000000000 0.0000000000
v -1.5862068966 -2.0000000000 0.0000000000
v -1.5862068966 -1.8620689655 0.0000000000
v -1.5862068966 -1.7241379310 0.0000000000
v -1.5862068966 -1.5862068966 0.0000000000
v -1.5862068966 -1.4482758621 0.0000000000
v -1.5862068966 -1.3103448276 0.0000000000
v -1.5862068966 -1.1724137931 0.0000000000
v -1.5862068966 -1.0344827586 0.0000000000
v -1.5862068966 -0.8965517241 0.0000000000
v -1.5862068966 -0.7586206897 0.0000000000
v -1.5862068966 -0.6206896552 0.0000000000
v -1.5862068966 -0.4827586207 0.0000000000
v -1.5862068966 -0.3448275862 0.0000000000
v -1.5862068966 -0.2068965517 0.0000000000
v -1.5862068966 -0.0689655172 0.0000000000
v -1.5862068966 0.0689655172 0.0000000000
v -1.5862068966 0.2068965517 0.0000000000
v -1.5862068966 0.3448275862 0.0000000000
v -1.5862068966 0.4827586207 0.0000000000
v -1.5862068966 0.6206896552 0.0000000000
v -1.5862068966 0.7586206897 0.0000000000
v -1.5862068966 0.8965517241 0.0000000000
v -1.5862068966 1.0344827586 0.0000000000
v -1.5862068966 1.1724137931 0.0000000000
v -1.5862068966 1.3103448276 0.0000000000
v -1.5862068966 1.4482758621 0.0000000000
v -1.5862068966 1.5862068966 0.0000000000
v -1.5862068966 1.7241379310 0.0000000000
v -1.5862068966 1.8620689655 0.0000000000
v -1.5862068966 2.0000000000 0.0000000000
v -1.4482758621 -2.0000000000 0.0000000000
v -1.4482758621 -1.8620689655 0.0000000000
v -1.4482758621 -1.7241379310 0.0000000000
v -1.4482758621 -1.5862068966 0.0000000000
v -1.4482758621 -1.4482758621 0.0000000000
v -1.4482758621 -1.3103448276 0.0000000000
v -1.4482758621 -1.1724137931 0.0000000000
v -1.4482758621 -1.0344827586 0.0000000000
v -1.4482758621 -0.8965517241 0.0000000000
v -1.4482758621 -0.7586206897 0.0000000000
v -1.4482758621 -0.6206896552 0.0000000000
v -1.4482758621 -0.4827586207 0.0000000000
v -1.4482758621 -0.3448275862 0.0000000000
v -1.4482758621 -0.2068965517 0.0000000000
v -1.4482758621 -0.0689655172 0.0000000000
v -1.4482758621 0.0689655172 0.0000000000
v -1.4482758621 0.2068965517 0.0000000000
v -1.4482758621 0.3448275862 0.0000000000
v -1.4482758621 0.4827586207 0.0000000000
v -1.4482758621 0.6206896552 0.0000000000
v -1.4482758621 0.7586206897 0.0000000000
v -1.4482758621 0.8965517241 0.0000000000
v -1.4482758621 1.0344827586 0.0000000000
v -1.4482758621 1.1724137931 0.0000000000
v -1.4482758621 1.3103448276 0.0000000000
v -1.4482758621 1.4482758621 0.0000000000
v -1.4482758621 1.5862068966 0.0000000000
v -1.4482758621 1.7241379310 0.0000000000
v -1.4482758621 1.8620689655 0.0000000000
v -1.4482758621 2.0000000000 0.0000000000
v -1.3103448276 -2.0000000000 0.0000000000
v -1.3103448276 -1.8620689655 0.0000000000
v -1.3103448276 -1.7241379310 0.0000000000
v -1.3103448276 -1.5862068966 0.0000000000
v -1.3103448276 -1.4482758621 0.0000000000
v -1.3103448276 -1.3103448276 0.0000000000
v -1.3103448276 -1.1724137931 0.0000000000
v -1.3103448276 -1.0344827586 0.0000000000
v -1.3103448276 -0.8965517241 0.0000000000
v -1.3103448276 -0.7586206897 0.0000000000
v -1.3103448276 -0.6206896552 0.0000000000
v -1.3103448276 -0.4827586207 0.0000000000
v -1.3103448276 -0.3448275862 0.0000000000
v -1.3103448276 -0.2068965517 0.0000000000
v -1.3103448276 -0.0689655172 0.0000000000
v -1.3103448276 0.0689655172 0.0000000000
v -1.3103448276 0.2068965517 0.0000000000
v -1.3103448276 0.3448275862 0.0000000000
v -1.3103448276 0.4827586207 0.0000000000
v -1.3103448276 0.6206896552 0.0000000000
v -1.3103448276 0.7586206897 0.0000000000
v -1.3103448276 0.8965517241 0.0000000000
v -1.3103448276 1.0344827586 0.0000000000
v -1.3103448276 1.1724137931 0.0000000000
v -1.3103448276 1.3103448276 0.0000000000
v -1.3103448276 1.4482758621 0.0000000000
v -1.3103448276 1.5862068966 0.0000000000
v -1.3103448276 1.7241379310 0.0000000000
v -1.3103448276 1.8620689655 0.0000000000
v -1.3103448276 2.0000000000 0.0000000000
v -1.1724137931 -2.0000000000 0.0000000000
v -1.1724137931 -1.8620689655 0.0000000000
v -1.1724137931 -1.7241379310 0.0000000000
v -1.1724137931 -1.5862068966 0.0000000000
v -1.1724137931 -1.4482758621 0.0000000000
v -1.1724137931 -1.3103448276 0.0000000000
v -1.1724137931 -1.1724137931 0.0000000000
v -1.1724137931 -1.0344827586 0.0000000000
v -1.1724137931 -0.8965517241 0.0000000000
v -1.1724137931 -0.7586206897 0.0000000000
v -1.1724137931 -0.6206896552 0.0000000000
v -1.1724137931 -0.4827586207 0.0000000000
v -1.1724137931 -0.3448275862 0.0000000000
v -1.1724137931 -0.2068965517 0.0000000000
v -1.1724137931 -0.0689655172 0.0000000000
v -1.1724137931 0.0689655172 0.0000000000
v -1.1724137931 0.2068965517 0.0000000000
v -1.1724137931 0.3448275862 0.0000000000
v -1.1724137931 0.4827586207 0.0000000000
v -1.1724137931 0.6206896552 0.0000000000
v -1.1724137931 0.7586206897 0.0000000000
v -1.1724137931 0.8965517241 0.0000000000
v -1.1724137931 1.0344827586 0.0000000000
v -1.1724137931 1.1724137931 0.0000000000
v -1.1724137931 1.3103448276 0.0000000000
v -1.1724137931 1.4482758621 0.0000000000
v -1.1724137931 1.5862068966 0.0000000000
v -1.1724137931 1.7241379310 0.0000000000
v -1.1724137931 1.8620689655 0.0000000000
v -1.1724137931 2.0000000000 0.0000000000
v -1.0344827586 -2.0000000000 0.0000000000
v -1.0344827586 -1.8620689655 0.0000000000
v -1.0344827586 -1.7241379310 0.0000000000
v -1.0344827586 -1.5862068966 0.0000000000
v -1.0344827586 -1.4482758621 0.0000000000
v -1.0344827586 -1.3103448276 0.0000000000
v -1.0344827586 -1.1724137931 0.0000000000
v -1.0344827586 -1.0344827586 0.0000000000
v -1.0344827586 -0.8965517241 0.0000000000
v -1.0344827586 -0.7586206897 0.0000000000
v -1.0344827586 -0.6206896552 0.0000000000
v -1.0344827586 -0.4827586207 0.0000000000
v -1.0344827586 -0.3448275862 0.0000000000
v -1.0344827586 -0.2068965517 0.0000000000
v -1.0344827586 -0.0689655172 0.0000000000
v -1.0344827586 0.0689655172 0.0000000000
v -1.0344827586 0.2068965517 0.0000000000
v -1.0344827586 0.3448275862 0.0000000000
v -1.0344827586 0.4827586207 0.0000000000
v -1.0344827586 0.6206896552 0.0000000000
v -1.0344827586 0.7586206897 0.0000000000
v -1.0344827586 0.8965517241 0.0000000000
v -1.0344827586 1.0344827586 0.0000000000
v -1.0344827586 1.1724137931 0.0000000000
v -1.0344827586 1.3103448276 0.0000000000
v -1.0344827586 1.4482758621 0.0000000000
v -1.0344827586 1.5862068966 0.0000000000
v -1.0344827586 1.7241379310 0.0000000000
v -1.0344827586 1.8620689655 0.0000000000
v -1.0344827586 2.0000000000 0.0000000000
v -0.8965517241 -2.0000000000 0.0000000000
v -0.8965517241 -1.8620689655 0.0000000000
v -0.8965517241 -1.7241379310 0.0000000000
v -0.8965517241 -1.5862068966 0.0000000000
v -0.8965517241 -1.4482758621 0.0000000000
v -0.8965517241 -1.3103448276 0.0000000000
v -0.8965517241 -1.1724137931 0.0000000000
v -0.8965517241 -1.0344827586 0.0000000000
v -0.8965517241 -0.8965517241 0.0000000000
v -0.8965517241 -0.7586206897 0.0000000000
v -0.8965517241 -0.6206896552 0.0000000000
v -0.8965517241 -0.4827586207 0.0000000000
v -0.8965517241 -0.3448275862 0.0000000000
v -0.8965517241 -0.2068965517 0.0000000000
v -0.8965517241 -0.0689655172 0.0000000000
v -0.8965517241 0.0689655172 0.0000000000
v -0.8965517241 0.2068965517 0.0000000000
v -0.8965517241 0.3448275862 0.0000000000
v -0.8965517241 0.4827586207 0.0000000000
v -0.8965517241 0.6206896552 0.0000000000
v -0.8965517241 0.7586206897 0.0000000000
v -0.8965517241 0.8965517241 0.0000000000
v -0.8965517241 1.0344827586 0.0000000000
v -0.8965517241 1.1724137931 0.0000000000
v -0.8965517241 1.3103448276 0.0000000000
v -0.8965517241 1.4482758621 0.0000000000
v -0.8965517241 1.5862068966 0.0000000000
v -0.8965517241 1.7241379310 0.0000000000
v -0.8965517241 1.8620689655 0.0000000000
v -0.8965517241 2.0000000000 0.0000000000
v -0.7586206897 -2.0000000000 0.0000000000
v -0.7586206897 -1.8620689655 0.0000000000
v -0.7586206897 -1.7241379310 0.0000000000
v -0.7586206897 -1.5862068966 0.0000000000
v -0.7586206897 -1.4482758621 0.0000000000
v -0.7586206897 -1.3103448276 0.0000000000
v -0.7586206897 -1.1724137931 0.0000000000
v -0.7586206897 -1.0344827586 0.0000000000
v -0.7586206897 -0.8965517241 0.0000000000
v -0.7586206897 -0.7586206897 0.0000000000
v -0.7586206897 -0.6206896552 0.0000000000
v -0.7586206897 -0.4827586207 0.0000000000
v -0.7586206897 -0.3448275862 0.0000000000
v -0.7586206897 -0.2068965517 0.0000000000
v -0.7586206897 -0.0689655172 0.0000000000
v -0.7586206897 0.0689655172 0.0000000000
v -0.7586206897 0.2068965517 0.0000000000
v -0.7586206897 0.3448275862 0.0000000000
v -0.7586206897 0.4827586207 0.0000000000
v -0.7586206897 0.6206896552 0.0000000000
v -0.7586206897 0.7586206897 0.0000000000
v -0.7586206897 0.8965517241 0.0000000000
v -0.7586206897 1.0344827586 0.0000000000
v -0.7586206897 1.1724137931 0.0000000000
v -0.7586206897 1.3103448276 0.0000000000
v -0.7586206897 1.4482758621 0.0000000000
v -0.7586206897 1.5862068966 0.0000000000
v -0.7586206897 1.7241379310 0.0000000000
v -0.7586206897 1.8620689655 0.0000000000
v -0.7586206897 2.0000000000 0.0000000000
v -0.6206896552 -2.0000000000 0.0000000000
v -0.6206896552 -1.8620689655 0.0000000000
v -0.6206896552 -1.7241379310 0.0000000000
v -0.6206896552 -1.5862068966 0.0000000000
v -0.6206896552 -1.4482758621 0.0000000000
v -0.6206896552 -1.3103448276 0.0000000000
v -0.6206896552 -1.1724137931 0.0000000000
v -0.6206896552 -1.0344827586 0.0000000000
v -0.6206896552 -0.8965517241 0.0000000000
v -0.6206896552 -0.7586206897 0.0000000000
v -0.6206896552 -0.6206896552 0.0000000000
v -0.6206896552 -0.4827586207 0.0000000000
v -0.6206896552 -0.3448275862 0.0000000000
v -0.6206896552 -0.2068965517 0.0000000000
v -0.6206896552 -0.0689655172 0.0000000000
v -0.6206896552 0.0689655172 0.0000000000
v -0.6206896552 0.2068965517 0.0000000000
v -0.6206896552 0.3448275862 0.0000000000
v -0.6206896552 0.4827586207 0.0000000000
v -0.6206896552 0.6206896552 0.0000000000
v -0.6206896552 0.7586206897 0.0000000000
v -0.6206896552 0.8965517241 0.0000000000
v -0.6206896552 1.0344827586 0.0000000000
v -0.6206896552 1.1724137931 0.0000000000
v -0.6206896552 1.3103448276 0.0000000000
v -0.6206896552 1.4482758621 0.0000000000
v -0.6206896552 1.5862068966 0.0000000000
v -0.6206896552 1.7241379310 0.0000000000
v -0.6206896552 1.8620689655 0.0000000000
v -0.6206896552 2.0000000000 0.0000000000
v -0.4827586207 -2.0000000000 0.0000000000
v -0.4827586207 -1.8620689655 0.0000000000
v -0.4827586207 -1.7241379310 0.0000000000
v -0.4827586207 -1.5862068966 0.0000000000
v -0.4827586207 -1.4482758621 0.0000000000
v -0.4827586207 -1.3103448276 0.0000000000
v -0.4827586207 -1.1724137931 0.0000000000
v -0.4827586207 -1.0344827586 0.0000000000
v -0.4827586207 -0.8965517241 0.0000000000
v -0.4827586207 -0.7586206897 0.0000000000
v -0.4827586207 -0.6206896552 0.0000000000
v -0.4827586207 -0.4827586207 0.0000000000
v -0.4827586207 -0.3448275862 0.0000000000
v -0.4827586207 -0.2068965517 0.0000000000
v -0.4827586207 -0.0689655172 0.0000000000
v -0.4827586207 0.0689655172 0.0000000000
v -0.4827586207 0.2068965517 0.0000000000
v -0.4827586207 0.3448275862 0.0000000000
v -0.4827586207 0.4827586207 0.0000000000
v -0.4827586207 0.6206896552 0.0000000000
v -0.4827586207 0.7586206897 0.0000000000
v -0.4827586207 0.8965517241 0.0000000000
v -0.4827586207 1.0344827586 0.0000000000
v -0.4827586207 1.1724137931 0.0000000000
v -0.4827586207 1.3103448276 0.0000000000
v -0.4827586207 1.4482758621 0.0000000000
v -0.4827586207 1.5862068966 0.0000000000
v -0.4827586207 1.7241379310 0.0000000000
v -0.4827586207 1.8620689655 0.0000000000
v -0.4827586207 2.0000000000 0.0000000000
v -0.3448275862 -2.0000000000 0.0000000000
v -0.3448275862 -1.8620689655 0.0000000000
v -0.3448275862 -1.7241379310 0.0000000000
v -0.3448275862 -1.5862068966 0.0000000000
v -0.3448275862 -1.4482758621 0.0000000000
v -0.3448275862 -1.3103448276 0.0000000000
v -0.3448275862 -1.1724137931 0.0000000000
v -0.3448275862 -1.0344827586 0.0000000000
v -0.3448275862 -0.8965517241 0.0000000000
v -0.3448275862 -0.7586206897 0.0000000000
v -0.3448275862 -0.6206896552 0.0000000000
v -0.3448275862 -0.4827586207 0.0000000000
v -0.3448275862 -0.3448275862 0.0000000000
v -0.3448275862 -0.2068965517 0.0000000000
v -0.3448275862 -0.0689655172 0.0000000000
v -0.3448275862 0.0689655172 0.0000000000
v -0.3448275862 0.2068965517 0.0000000000
v -0.3448275862 0.3448275862 0.0000000000
v -0.3448275862 0.4827586207 0.0000000000
v -0.3448275862 0.6206896552 0.0000000000
v -0.3448275862 0.7586206897 0.0000000000
v -0.3448275862 0.8965517241 0.0000000000
v -0.3448275862 1.0344827586 0.0000000000
v -0.3448275862 1.1724137931 0.0000000000
v -0.3448275862 1.3103448276 0.0000000000
v -0.3448275862 1.4482758621 0.0000000000
v -0.3448275862 1.5862068966 0.0000000000
v -0.3448275862 1.7241379310 0.0000000000
v -0.3448275862 1.8620689655 0.0000000000
v -0.3448275862 2.0000000000 0.0000000000
v -0.2068965517 -2.0000000000 0.0000000000
v -0.2068965517 -1.8620689655 0.0000000000
v -0.2068965517 -1.7241379310 0.0000000000
v -0.2068965517 -1.5862068966 0.0000000000
v -0.2068965517 -1.4482758621 0.0000000000
v -0.2068965517 -1.3103448276 0.0000000000
v -0.2068965517 -1.1724137931 0.0000000000
v -0.2068965517 -1.0344827586 0.0000000000
v -0.2068965517 -0.8965517241 0.0000000000
v -0.2068965517 -0.7586206897 0.0000000000
v -0.2068965517 -0.6206896552 0.0000000000
v -0.2068965517 -0.4827586207 0.0000000000
v -0.2068965517 -0.3448275862 0.0000000000
v -0.2068965517 -0.2068965517 0.0000000000
v -0.2068965517 -0.0689655172 0.0000000000
v -0.2068965517 0.0689655172 0.0000000000
v -0.2068965517 0.2068965517 0.0000000000
v -0.2068965517 0.3448275862 0.0000000000
v -0.2068965517 0.4827586207 0.0000000000
v -0.2068965517 0.6206896552 0.0000000000
v -0.2068965517 0.7586206897 0.0000000000
v -0.2068965517 0.8965517241 0.0000000000
v -0.2068965517 1.0344827586 0.0000000000
v -0.2068965517 1.1724137931 0.0000000000
v -0.2068965517 1.3103448276 0.0000000000
v -0.2068965517 1.4482758621 0.0000000000
v -0.2068965517 1.5862068966 0.0000000000
v -0.2068965517 1.7241379310 0.0000000000
v -0.2068965517 1.8620689655 0.0000000000
v -0.2068965517 2.0000000000 0.0000000000
v -0.0689655172 -2.0000000000 0.0000000000
v -0.0689655172 -1.8620689655 0.0000000000
v -0.0689655172 -1.7241379310 0.0000000000
v -0.0689655172 -1.5862068966 0.0000000000
v -0.0689655172 -1.4482758621 0.0000000000
v -0.0689655172 -1.3103448276 0.0000000000
v -0.0689655172 -1.1724137931 0.0000000000
v -0.0689655172 -1.0344827586 0.0000000000
v -0.0689655172 -0.8965517241 0.0000000000
v -0.0689655172 -0.7586206897 0.0000000000
v -0.0689655172 -0.6206896552 0.0000000000
v -0.0689655172 -0.4827586207 0.0000000000
v -0.0689655172 -0.3448275862 0.0000000000
v -0.0689655172 -0.2068965517 0.0000000000
v -0.0689655172 -0.0689655172 0.0000000000
v -0.0689655172 0.0689655172 0.0000000000
v -0.0689655172 0.2068965517 0.0000000000
v -0.0689655172 0.3448275862 0.0000000000
v -0.0689655172 0.4827586207 0.0000000000
v -0.0689655172 0.6206896552 0.0000000000
v -0.0689655172 0.7586206897 0.0000000000
v -0.0689655172 0.8965517241 0.0000000000
v -0.0689655172 1.0344827586 0.0000000000
v -0.0689655172 1.1724137931 0.0000000000
v -0.0689655172 1.3103448276 0.0000000000
v -0.0689655172 1.4482758621 0.0000000000
v -0.0689655172 1.5862068966 0.0000000000
v -0.0689655172 1.7241379310 0.0000000000
v -0.0689655172 1.8620689655 0.0000000000
v -0.0689655172 2.0000000000 0.0000000000
v 0.0689655172 -2.0000000000 0.0000000000
v 0.0689655172 -1.8620689655 0.0000000000
v 0.0689655172 -1.7241379310 0.0000000000
v 0.0689655172 -1.5862068966 0.0000000000
v 0.0689655172 -1.4482758621 0.0000000000
v 0.0689655172 -1.3103448276 0.0000000000
v 0.0689655172 -1.1724137931 0.0000000000
v 0.0689655172 -1.0344827586 0.0000000000
v 0.0689655172 -0.8965517241 0.0000000000
v 0.0689655172 -0.7586206897 0.0000000000
v 0.0689655172 -0.6206896552 0.0000000000
v 0.0689655172 -0.4827586207 0.0000000000
v 0.0689655172 -0.3448275862 0.0000000000
v 0.0689655172 -0.2068965517 0.0000000000
v 0.0689655172 -0.0689655172 0.0000000000
v 0.0689655172 0.0689655172 0.0000000000
v 0.0689655172 0.2068965517 0.0000000000
v 0.0689655172 0.3448275862 0.0000000000
v 0.0689655172 0.4827586207 0.0000000000
v 0.0689655172 0.6206896552 0.0000000000
v 0.0689655172 0.7586206897 0.0000000000
v 0.0689655172 0.8965517241 0.0000000000
v 0.0689655172 1.0344827586 0.0000000000
v 0.0689655172 1.1724137931 0.0000000000
v 0.0689655172 1.3103448276 0.0000000000
v 0.0689655172 1.4482758621 0.0000000000
v 0.0689655172 1.5862068966 0.0000000000
v 0.0689655172 1.7241379310 0.0000000000
v 0.0689655172 1.8620689655 0.0000000000
v 0.0689655172 2.0000000000 0.0000000000
v 0.2068965517 -2.0000000000 0.0000000000
v 0.2068965517 -1.8620689655 0.0000000000
v 0.2068965517 -1.7241379310 0.0000000000
v 0.2068965517 -1.5862068966 0.0000000000
v 0.2068965517 -1.4482758621 0.0000000000
v 0.2068965517 -1.3103448276 0.0000000000
v 0.2068965517 -1.1724137931 0.0000000000
v 0.2068965517 -1.0344827586 0.0000000000
v 0.2068965517 -0.8965517241 0.0000000000
v 0.2068965517 -0.7586206897 0.0000000000
v 0.2068965517 -0.6206896552 0.0000000000
v 0.2068965517 -0.4827586207 0.0000000000
v 0.2068965517 -0.3448275862 0.0000000000
v 0.2068965517 -0.2068965517 0.0000000000
v 0.2068965517 -0.0689655172 0.0000000000
v 0.2068965517 0.0689655172 0.0000000000
v 0.2068965517 0.2068965517 0.0000000000
v 0.2068965517 0.3448275862 0.0000000000
v 0.2068965517 0.4827586207 0.0000000000
v 0.2068965517 0.6206896552 0.0000000000
v 0.2068965517 0.7586206897 0.0000000000
v 0.2068965517 0.8965517241 0.0000000000
v 0.2068965517 1.0344827586 0.0000000000
v 0.2068965517 1.1724137931 0.0000000000
v 0.2068965517 1.3103448276 0.0000000000
v 0.2068965517 1.4482758621 0.0000000000
v 0.2068965517 1.5862068966 0.0000000000
v 0.2068965517 1.7241379310 0.0000000000
v 0.2068965517 1.8620689655 0.0000000000
v 0.2068965517 2.0000000000 0.0000000000
v 0.3448275862 -2.0000000000 0.0000000000
v 0.3448275862 -1.8620689655 0.0000000000
v 0.3448275862 -1.7241379310 0.0000000000
v 0.3448275862 -1.5862068966 0.0000000000
v 0.3448275862 -1.4482758621 0.0000000000
v 0.3448275862 -1.3103448276 0.0000000000
v 0.3448275862 -1.1724137931 0.0000000000
v 0.3448275862 -1.0344827586 0.0000000000
v 0.3448275862 -0.8965517241 0.0000000000
v 0.3448275862 -0.7586206897 0.0000000000
v 0.3448275862 -0.6206896552 0.0000000000
v 0.3448275862 -0.4827586207 0.0000000000
v 0.3448275862 -0.3448275862 0.0000000000
v 0.3448275862 -0.2068965517 0.0000000000
v 0.3448275862 -0.0689655172 0.0000000000
v 0.3448275862 0.0689655172 0.0000000000
v 0.3448275862 0.2068965517 0.0000000000
v 0.3448275862 0.3448275862 0.0000000000
v 0.3448275862 0.4827586207 0.0000000000
v 0.3448275862 0.6206896552 0.0000000000
v 0.3448275862 0.7586206897 0.0000000000
v 0.3448275862 0.8965517241 0.0000000000
v 0.3448275862 1.0344827586 0.0000000000
v 0.3448275862 1.1724137931 0.0000000000
v 0.3448275862 1.3103448276 0.0000000000
v 0.3448275862 1.4482758621 0.0000000000
v 0.3448275862 1.5862068966 0.0000000000
v 0.3448275862 1.7241379310 0.0000000000
v 0.3448275862 1.8620689655 0.0000000000
v 0.3448275862 2.0000000000 0.0000000000
v 0.4827586207 -2.0000000000 0.0000000000
v 0.4827586207 -1.8620689655 0.0000000000
v 0.4827586207 -1.7241379310 0.0000000000
v 0.4827586207 -1.5862068966 0.0000000000
v 0.4827586207 -1.4482758621 0.0000000000
v 0.4827586207 -1.3103448276 0.0000000000
v 0.4827586207 -1.1724137931 0.0000000000
v 0.4827586207 -1.0344827586 0.0000000000
v 0.4827586207 -0.8965517241 0.0000000000
v 0.4827586207 -0.7586206897 0.0000000000
v 0.4827586207 -0.6206896552 0.0000000000
v 0.4827586207 -0.4827586207 0.0000000000
v 0.4827586207 -0.3448275862 0.0000000000
v 0.4827586207 -0.2068965517 0.0000000000
v 0.4827586207 -0.0689655172 0.0000000000
v 0.4827586207 0.0689655172 0.0000000000
v 0.4827586207 0.2068965517 0.0000000000
v 0.4827586207 0.3448275862 0.0000000000
v 0.4827586207 0.4827586207 0.0000000000
v 0.4827586207 0.6206896552 0.0000000000
v 0.4827586207 0.7586206897 0.0000000000
v 0.4827586207 0.8965517241 0.0000000000
v 0.4827586207 1.0344827586 0.0000000000
v 0.4827586207 1.1724137931 0.0000000000
v 0.4827586207 1.3103448276 0.0000000000
v 0.4827586207 1.4482758621 0.0000000000
v 0.4827586207 1.5862068966 0.0000000000
v 0.4827586207 1.7241379310 0.0000000000
v 0.4827586207 1.8620689655 0.0000000000
v 0.4827586207 2.0000000000 0.0000000000
v 0.6206896552 -2.0000000000 0.0000000000
v 0.6206896552 -1.8620689655 0.0000000000
v 0.6206896552 -1.7241379310 0.0000000000
v 0.6206896552 -1.5862068966 0.0000000000
v 0.6206896552 -1.4482758621 0.0000000000
v 0.6206896552 -1.3103448276 0.0000000000
v 0.6206896552 -1.1724137931 0.0000000000
v 0.6206896552 -1.0344827586 0.0000000000
v 0.6206896552 -0.8965517241 0.0000000000
v 0.6206896552 -0.7586206897 0.0000000000
v 0.6206896552 -0.6206896552 0.0000000000
v 0.6206896552 -0.4827586207 0.0000000000
v 0.6206896552 -0.3448275862 0.0000000000
v 0.6206896552 -0.2068965517 0.0000000000
v 0.6206896552 -0.0689655172 0.0000000000
v 0.6206896552 0.0689655172 0.0000000000
v 0.6206896552 0.2068965517 0.0000000000
v 0.6206896552 0.3448275862 0.0000000000
v 0.6206896552 0.4827586207 0.0000000000
v 0.6206896552 0.6206896552 0.0000000000
v 0.6206896552 0.7586206897 0.0000000000
v 0.6206896552 0.8965517241 0.0000000000
v 0.6206896552 1.0344827586 0.0000000000
v 0.6206896552 1.1724137931 0.0000000000
v 0.6206896552 1.3103448276 0.0000000000
v 0.6206896552 1.4482758621 0.0000000000
v 0.6206896552 1.5862068966 0.0000000000
v 0.6206896552 1.7241379310 0.0000000000
v 0.6206896552 1.8620689655 0.0000000000
v 0.6206896552 2.0000000000 0.0000000000
v 0.7586206897 -2.0000000000 0.0000000000
v 0.7586206897 -1.8620689655 0.0000000000
v 0.7586206897 -1.7241379310 0.0000000000
v 0.7586206897 -1.5862068966 0.0000000000
v 0.7586206897 -1.4482758621 0.0000000000
v 0.7586206897 -1.3103448276 0.0000000000
v 0.7586206897 -1.1724137931 0.0000000000
v 0.7586206897 -1.0344827586 0.0000000000
v 0.7586206897 -0.8965517241 0.0000000000
v 0.7586206897 -0.7586206897 0.0000000000
v 0.7586206897 -0.6206896552 0.0000000000
v 0.7586206897 -0.4827586207 0.0000000000
v 0.7586206897 -0.3448275862 0.0000000000
v 0.7586206897 -0.2068965517 0.0000000000
v 0.7586206897 -0.0689655172 0.0000000000
v 0.7586206897 0.0689655172 0.0000000000
v 0.7586206897 0.2068965517 0.0000000000
v 0.7586206897 0.3448275862 0.0000000000
v 0.7586206897 0.4827586207 0.0000000000
v 0.7586206897 0.6206896552 0.0000000000
v 0.7586206897 0.7586206897 0.0000000000
v 0.7586206897 0.8965517241 0.0000000000
v 0.7586206897 1.0344827586 0.0000000000
v 0.7586206897 1.1724137931 0.0000000000
v 0.7586206897 1.3103448276 0.0000000000
v 0.7586206897 1.4482758621 0.0000000000
v 0.7586206897 1.5862068966 0.0000000000
v 0.7586206897 1.7241379310 0.0000000000
v 0.7586206897 1.8620689655 0.0000000000
v 0.7586206897 2.0000000000 0.0000000000
v 0.8965517241 -2.0000000000 0.0000000000
v 0.8965517241 -1.8620689655 0.0000000000
v 0.8965517241 -1.7241379310 0.0000000000
v 0.8965517241 -1.5862068966 0.0000000000
v 0.8965517241 -1.4482758621 0.0000000000
v 0.8965517241 -1.3103448276 0.0000000000
v 0.8965517241 -1.1724137931 0.0000000000
v 0.8965517241 -1.0344827586 0.0000000000
v 0.8965517241 -0.8965517241 0.0000000000
v 0.8965517241 -0.7586206897 0.0000000000
v 0.8965517241 -0.6206896552 0.0000000000
v 0.8965517241 -0.4827586207 0.0000000000
v 0.8965517241 -0.3448275862 0.0000000000
v 0.8965517241 -0.2068965517 0.0000000000
v 0.8965517241 -0.0689655172 0.0000000000
v 0.8965517241 0.0689655172 0.0000000000
v 0.8965517241 0.2068965517 0.0000000000
v 0.8965517241 0.3448275862 0.0000000000
v 0.8965517241 0.4827586207 0.0000000000
v 0.8965517241 0.6206896552 0.0000000000
v 0.8965517241 0.7586206897 0.0000000000
v 0.8965517241 0.8965517241 0.0000000000
v 0.8965517241 1.0344827586 0.0000000000
v 0.8965517241 1.1724137931 0.0000000000
v 0.8965517241 1.3103448276 0.0000000000
v 0.8965517241 1.4482758621 0.0000000000
v 0.8965517241 1.5862068966 0.0000000000
v 0.8965517241 1.7241379310 0.0000000000
v 0.8965517241 1.8620689655 0.0000000000
v 0.8965517241 2.0000000000 0.0000000000
v 1.0344827586 -2.0000000000 0.0000000000
v 1.0344827586 -1.8620689655 0.0000000000
v 1.0344827586 -1.7241379310 0.0000000000
v 1.0344827586 -1.5862068966 0.0000000000
v 1.0344827586 -1.4482758621 0.0000000000
v 1.0344827586 -1.3103448276 0.0000000000
v 1.0344827586 -1.1724137931 0.0000000000
v 1.0344827586 -1.0344827586 0.0000000000
v 1.0344827586 -0.8965517241 0.0000000000
v 1.0344827586 -0.7586206897 0.0000000000
v 1.0344827586 -0.6206896552 0.0000000000
v 1.0344827586 -0.4827586207 0.0000000000
v 1.0344827586 -0.3448275862 0.0000000000
v 1.0344827586 -0.2068965517 0.0000000000
v 1.0344827586 -0.0689655172 0.0000000000
v 1.0344827586 0.0689655172 0.0000000000
v 1.0344827586 0.2068965517 0.0000000000
v 1.0344827586 0.3448275862 0.0000000000
v 1.0344827586 0.4827586207 0.0000000000
v 1.0344827586 0.6206896552 0.0000000000
v 1.0344827586 0.7586206897 0.0000000000
v 1.0344827586 0.8965517241 0.0000000000
v 1.0344827586 1.0344827586 0.0000000000
v 1.0344827586 1.1724137931 0.0000000000
v 1.0344827586 1.3103448276 0.0000000000
v 1.0344827586 1.4482758621 0.0000000000
v 1.0344827586 1.5862068966 0.0000000000
v 1.0344827586 1.7241379310 0.0000000000
v 1.0344827586 1.8620689655 0.0000000000
v 1.0344827586 2.0000000000 0.0000000000
v 1.1724137931 -2.0000000000 0.0000000000
v 1.1724137931 -1.8620689655 0.0000000000
v 1.1724137931 -1.7241379310 0.0000000000
v 1.1724137931 -1.5862068966 0.0000000000
v 1.1724137931 -1.4482758621 0.0000000000
v 1.1724137931 -1.3103448276 0.0000000000
v 1.1724137931 -1.1724137931 0.0000000000
v 1.1724137931 -1.0344827586 0.0000000000
v 1.1724137931 -0.8965517241 0.0000000000
v 1.1724137931 -0.7586206897 0.0000000000
v 1.1724137931 -0.6206896552 0.0000000000
v 1.1724137931 -0.4827586207 0.0000000000
v 1.1724137931 -0.3448275862 0.0000000000
v 1.1724137931 -0.2068965517 0.0000000000
v 1.1724137931 -0.0689655172 0.0000000000
v 1.1724137931 0.0689655172 0.0000000000
v 1.1724137931 0.2068965517 0.0000000000
v 1.1724137931 0.3448275862 0.0000000000
v 1.1724137931 0.4827586207 0.0000000000
v 1.1724137931 0.6206896552 0.0000000000
v 1.1724137931 0.7586206897 0.0000000000
v 1.1724137931 0.8965517241 0.0000000000
v 1.1724137931 1.0344827586 0.0000000000
v 1.1724137931 1.1724137931 0.0000000000
v 1.1724137931 1.3103448276 0.0000000000
v 1.1724137931 1.4482758621 0.0000000000
v 1.1724137931 1.5862068966 0.0000000000
v 1.1724137931 1.7241379310 0.0000000000
v 1.1724137931 1.8620689655 0.0000000000
v 1.1724137931 2.0000000000 0.0000000000
v 1.3103448276 -2.0000000000 0.0000000000
v 1.3103448276 -1.8620689655 0.0000000000
v 1.3103448276 -1.7241379310 0.0000000000
v 1.3103448276 -1.5862068966 0.0000000000
v 1.3103448276 -1.4482758621 0.0000000000
v 1.3103448276 -1.3103448276 0.0000000000
v 1.3103448276 -1.1724137931 0.0000000000
v 1.3103448276 -1.0344827586 0.0000000000
v 1.3103448276 -0.8965517241 0.0000000000
v 1.3103448276 -0.7586206897 0.0000000000
v 1.3103448276 -0.6206896552 0.0000000000
v 1.3103448276 -0.4827586207 0.0000000000
v 1.3103448276 -0.3448275862 0.0000000000
v 1.3103448276 -0.2068965517 0.0000000000
v 1.3103448276 -0.0689655172 0.0000000000
v 1.3103448276 0.0689655172 0.0000000000
v 1.3103448276 0.2068965517 0.0000000000
v 1.3103448276 0.3448275862 0.0000000000
v 1.3103448276 0.4827586207 0.0000000000
v 1.3103448276 0.6206896552 0.0000000000
v 1.3103448276 0.7586206897 0.0000000000
v 1.3103448276 0.8965517241 0.0000000000
v 1.3103448276 1.0344827586 0.0000000000
v 1.3103448276 1.1724137931 0.0000000000
v 1.3103448276 1.3103448276 0.0000000000
v 1.3103448276 1.4482758621 0.0000000000
v 1.3103448276 1.5862068966 0.0000000000
v 1.3103448276 1.7241379310 0.0000000000
v 1.3103448276 1.8620689655 0.0000000000
v 1.3103448276 2.0000000000 0.0000000000
v 1.4482758621 -2.0000000000 0.0000000000
v 1.4482758621 -1.8620689655 0.0000000000
v 1.4482758621 -1.7241379310 0.0000000000
v 1.4482758621 -1.5862068966 0.0000000000
v 1.4482758621 -1.4482758621 0.0000000000
v 1.4482758621 -1.3103448276 0.0000000000
v 1.4482758621 -1.1724137931 0.0000000000
v 1.4482758621 -1.0344827586 0.0000000000
v 1.4482758621 -0.8965517241 0.0000000000
v 1.4482758621 -0.7586206897 0.0000000000
v 1.4482758621 -0.6206896552 0.0000000000
v 1.4482758621 -0.4827586207 0.0000000000
v 1.4482758621 -0.3448275862 0.0000000000
v 1.4482758621 -0.2068965517 0.0000000000
v 1.4482758621 -0.0689655172 0.0000000000
v 1.4482758621 0.0689655172 0.0000000000
v 1.4482758621 0.2068965517 0.0000000000
v 1.4482758621 0.3448275862 0.0000000000
v 1.4482758621 0.4827586207 0.0000000000
v 1.4482758621 0.6206896552 0.0000000000
v 1.4482758621 0.7586206897 0.0000000000
v 1.4482758621 0.8965517241 0.0000000000
v 1.4482758621 1.0344827586 0.0000000000
v 1.4482758621 1.1724137931 0.0000000000
v 1.4482758621 1.3103448276 0.0000000000
v 1.4482758621 1.4482758621 0.0000000000
v 1.4482758621 1.5862068966 0.0000000000
v 1.4482758621 1.7241379310 0.0000000000
v 1.4482758621 1.8620689655 0.0000000000
v 1.4482758621 2.0000000000 0.0000000000
v 1.5862068966 -2.0000000000 0.0000000000
v 1.5862068966 -1.8620689655 0.0000000000
v 1.5862068966 -1.7241379310 0.0000000000
v 1.5862068966 -1.5862068966 0.0000000000
v 1.5862068966 -1.4482758621 0.0000000000
v 1.5862068966 -1.3103448276 0.0000000000
v 1.5862068966 -1.1724137931 0.0000000000
v 1.5862068966 -1.0344827586 0.0000000000
v 1.5862068966 -0.8965517241 0.0000000000
v 1.5862068966 -0.7586206897 0.0000000000
v 1.5862068966 -0.6206896552 0.0000000000
v 1.5862068966 -0.4827586207 0.0000000000
v 1.5862068966 -0.3448275862 0.0000000000
v 1.5862068966 -0.2068965517 0.0000000000
v 1.5862068966 -0.0689655172 0.0000000000
v 1.5862068966 0.0689655172 0.0000000000
v 1.5862068966 0.2068965517 0.0000000000
v 1.5862068966 0.3448275862 0.0000000000
v 1.5862068966 0.4827586207 0.0000000000
v 1.5862068966 0.6206896552 0.0000000000
v 1.5862068966 0.7586206897 0.0000000000
v 1.5862068966 0.8965517241 0.0000000000
v 1.5862068966 1.0344827586 0.0000000000
v 1.5862068966 1.1724137931 0.0000000000
v 1.5862068966 1.3103448276 0.0000000000
v 1.5862068966 1.4482758621 0.0000000000
v 1.5862068966 1.5862068966 0.0000000000
v 1.5862068966 1.7241379310 0.0000000000
v 1.5862068966 1.8620689655 0.0000000000
v 1.5862068966 2.0000000000 0.0000000000
v 1.7241379310 -2.0000000000 0.0000000000
v 1.7241379310 -1.8620689655 0.0000000000
v 1.7241379310 -1.7241379310 0.0000000000
v 1.7241379310 -1.5862068966 0.0000000000
v 1.7241379310 -1.4482758621 0.0000000000
v 1.7241379310 -1.3103448276 0.0000000000
v 1.7241379310 -1.1724137931 0.0000000000
v 1.7241379310 -1.0344827586 0.0000000000
v 1.7241379310 -0.8965517241 0.0000000000
v 1.7241379310 -0.7586206897 0.0000000000
v 1.7241379310 -0.6206896552 0.0000000000
v 1.7241379310 -0.4827586207 0.0000000000
v 1.7241379310 -0.3448275862 0.0000000000
v 1.7241379310 -0.2068965517 0.0000000000
v 1.7241379310 -0.0689655172 0.0000000000
v 1.7241379310 0.0689655172 0.0000000000
v 1.7241379310 0.2068965517 0.0000000000
v 1.7241379310 0.3448275862 0.0000000000
v 1.7241379310 0.4827586207 0.0000000000
v 1.7241379310 0.6206896552 0.0000000000
v 1.7241379310 0.7586206897 0.0000000000
v 1.7241379310 0.8965517241 0.0000000000
v 1.7241379310 1.0344827586 0.0000000000
v 1.7241379310 1.1724137931 0.0000000000
v 1.7241379310 1.3103448276 0.0000000000
v 1.7241379310 1.4482758621 0.0000000000
v 1.7241379310 1.5862068966 0.0000000000
v 1.7241379310 1.7241379310 0.0000000000
v 1.7241379310 1.8620689655 0.0000000000
v 1.7241379310 2.0000000000 0.0000000000
v 1.8620689655 -2.0000000000 0.0000000000
v 1.8620689655 -1.8620689655 0.0000000000
v 1.8620689655 -1.7241379310 0.0000000000
v 1.8620689655 -1.5862068966 0.0000000000
v 1.8620689655 -1.4482758621 0.0000000000
v 1.8620689655 -1.3103448276 0.0000000000
v 1.8620689655 -1.1724137931 0.0000000000
v 1.8620689655 -1.0344827586 0.0000000000
v 1.8620689655 -0.8965517241 0.0000000000
v 1.8620689655 -0.7586206897 0.0000000000
v 1.8620689655 -0.6206896552 0.0000000000
v 1.8620689655 -0.4827586207 0.0000000000
v 1.8620689655 -0.3448275862 0.0000000000
v 1.8620689655 -0.2068965517 0.0000000000
v 1.8620689655 -0.0689655172 0.0000000000
v 1.8620689655 0.0689655172 0.0000000000
v 1.8620689655 0.2068965517 0.0000000000
v 1.8620689655 0.3448275862 0.0000000000
v 1.8620689655 0.4827586207 0.0000000000
v 1.8620689655 0.6206896552 0.0000000000
v 1.8620689655 0.7586206897 0.0000000000
v 1.8620689655 0.8965517241 0.0000000000
v 1.8620689655 1.0344827586 0.0000000000
v 1.8620689655 1.1724137931 0.0000000000
v 1.8620689655 1.3103448276 0.0000000000
v 1.8620689655 1.4482758621 0.0000000000
v 1.8620689655 1.5862068966 0.0000000000
v 1.8620689655 1.7241379310 0.0000000000
v 1.8620689655 1.8620689655 0.0000000000
v 1.8620689655 2.0000000000 0.0000000000
v 2.0000000000 -2.0000000000 0.0000000000
v 2.0000000000 -1.8620689655 0.0000000000
v 2.0000000000 -1.7241379310 0.0000000000
v 2.0000000000 -1.5862068966 0.0000000000
v 2.0000000000 -1.4482758621 0.0000000000
v 2.0000000000 -1.3103448276 0.0000000000
v 2.0000000000 -1.1724137931 0.0000000000
v 2.0000000000 -1.0344827586 0.0000000000
v 2.0000000000 -0.8965517241 0.0000000000
v 2.0000000000 -0.7586206897 0.0000000000
v 2.0000000000 -0.6206896552 0.0000000000
v 2.0000000000 -0.4827586207 0.0000000000
v 2.0000000000 -0.3448275862 0.0000000000
v 2.0000000000 -0.2068965517 0.0000000000
v 2.0000000000 -0.0689655172 0.0000000000
v 2.0000000000 0.0689655172 0.0000000000
v 2.0000000000 0.2068965517 0.0000000000
v 2.0000000000 0.3448275862 0.0000000000
v 2.0000000000 0.4827586207 0.0000000000
v 2.0000000000 0.6206896552 0.0000000000
v 2.0000000000 0.7586206897 0.0000000000
v 2.0000000000 0.8965517241 0.0000000000
v 2.0000000000 1.0344827586 0.0000000000
v 2.0000000000 1.1724137931 0.0000000000
v 2.0000000000 1.3103448276 0.0000000000
v 2.0000000000 1.4482758621 0.0000000000
v 2.0000000000 1.5862068966 0.0000000000
v 2.0000000000 1.7241379310 0.0000000000
v 2.0000000000 1.8620689655 0.0000000000
v 2.0000000000 2.0000000000 0.0000000000
f 1 2 31
f 2 32 31
f 2 3 32
f 3 33 32
f 3 4 33
f 4 34 33
f 4 5 34
f 5 35 34
f 5 6 35
f 6 36 35
f 6 7 36
f 7 37 36
f 7 8 37
f 8 38 37
f 8 9 38
f 9 39 38
f 9 10 39
f 10 40 39
f 10 11 40
f 11 41 40
f 11 12 41
f 12 42 41
f 12 13 42
f 13 43 42
f 13 14 43
f 14 44 43
f 14 15 44
f 15 45 44
f 15 16 45
f 16 46 45
f 16 17 46
f 17 47 46
f 17 18 47
f 18 48 47
f 18 19 48
f 19 49 48
f 19 20 49
f 20 50 49
f 20 21 50
f 21 51 50
f 21 22 51
f 22 52 51
f 22 23 52
f 23 53 52
f 23 24 53
f 24 54 53
f 24 25 54
f 25 55 54
f 25 26 55
f 26 56 55
f 26 27 56
f 27 57 56
f 27 28 57
f 28 58 57
f 28 29 58
f 29 59 58
f 29 30 59
f 30 60 59
f 31 32 61
f 32 62 61
f 32 33 62
f 33 63 62
f 33 34 63
f 34 64 63
f 34 35 64
f 35 65 64
f 35 36 65
f 36 66 65
f 36 37 66
f 37 67 66
f 37 38 67
f 38 68 67
f 38 39 68
f 39 69 68
f 39 40 69
f 40 70 69
f 40 41 70
f 41 71 70
f 41 42 71
f 42 72 71
f 42 43 72
f 43 73 72
f 43 44 73
f 44 74 73
f 44 45 74
f 45 75 74
f 45 46 75
f 46 76 75
f 46 47 76
f 47 77 76
f 47 48 77
f 48 78 77
f 48 49 78
f 49 79 78
f 49 50 79
f 50 80 79
f 50 51 80
f 51 81 80
f 51 52 81
f 52 82 81
f 52 53 82
f 53 83 82
f 53 54 83
f 54 84 83
f 54 55 84
f 55 85 84
f 55 56 85
f 56 86 85
f 56 57 86
f 57 87 86
f 57 58 87
f 58 88 87
f 58 59 88
f 59 89 88
f 59 60 89
f 60 90 89
f 61 62 91
f 62 92 91
f 62 63 92
f 63 93 92
f 63 64 93
f 64 94 93
f 64 65 94
f 65 95 94
f 65 66 95
f 66 96 95
f 66 67 96
f 67 97 96
f 67 68 97
f 68 98 97
f 68 69 98
f 69 99 98
f 69 70 99
f 70 100 99
f 70 71 100
f 71 101 100
f 71 72 101
f 72 102 101
f 72 73 102
f 73 103 102
f 73 74 103
f 74 104 103
f 74 75 104
f 75 105 104
f 75 76 105
f 76 106 105
f 76 77 106
f 77 107 106
f 77 78 107
f 78 108 107
f 78 79 108
f 79 109 108
f 79 80 109
f 80 110 109
f 80 81 110
f 81 111 110
f 81 82 111
f 82 112 111
f 82 83 112
f 83 113 112
f 83 84 113
f 84 114 113
f 84 85 114
f 85 115 114
f 85 86 115
f 86 116 115
f 86 87 116
f 87 117 116
f 87 88 117
f 88 118 117
f 88 89 118
f 89 119 118
f 89 90 119
f 90 120 119
f 91 92 121
f 92 122 121
f 92 93 122
f 93 123 122
f 93 94 123
f 94 124 123
f 94 95 124
f 95 125 124
f 95 96 125
f 96 126 125
f 96 97 126
f 97 127 126
f 97 98 127
f 98 128 127
f 98 99 128
f 99 129 128
f 99 100 129
f 100 130 129
f 100 101 130
f 101 131 130
f 101 102 131
f 102 132 131
f 102 103 132
f 103 133 132
f 103 104 133
f 104 134 133
f 104 105 134
f 105 135 134
f 105 106 135
f 106 136 135
f 106 107 136
f 107 137 136
f 107 108 137
f 108 138 137
f 108 109 138
f 109 139 138
f 109 110 139
f 110 140 139
f 110 111 140
f 111 141 140
f 111 112 141
f 112 142 141
f 112 113 142
f 113 143 142
f 113 114 143
f 114 144 143
f 114 115 144
f 115 145 144
f 115 116 145
f 116 146 145
f 116 117 146
f 117 147 146
f 117 118 147
f 118 148 147
f 118 119 148
f 119 149 148
f 119 120 149
f 120 150 149
f 121 122 151
f 122 152 151
f 122 123 152
f 123 153 152
f 123 124 153
f 124 154 153
f 124 125 154
f 125 155 154
f 125 126 155
f 126 156 155
f 126 127 156
f 127 157 156
f 127 128 157
f 128 158 157
f 128 129 158
f 129 159 158
f 129 130 159
f 130 160 159
f 130 131 160
f 131 161 160
f 131 132 161
f 132 162 161
f 132 133 162
f 133 163 162
f 133 134 163
f 134 164 163
f 134 135 164
f 135 165 164
f 135 136 165
f 136 166 165
f 136 137 166
f 137 167 166
f 137 138 167
f 138 168 167
f 138 139 168
f 139 169 168
f 139 140 169
f 140 170 169
f 140 141 170
f 141 171 170
f 141 142 171
f 142 172 171
f 142 143 172
f 143 173 172
f 143 144 173
f 144 174 173
f 144 145 174
f 145 175 174
f 145 146 175
f 146 176 175
f 146 147 176
f 147 177 176
f 147 148 177
f 148 178 177
f 148 149 178
f 149 179 178
f 149 150 179
f 150 180 179
f 151 152 181
f 152 182 181
f 152 153 182
f 153 183 182
f 153 154 183
f 154 184 183
f 154 155 184
f 155 185 184
f 155 156 185
f 156 186 185
f 156 157 186
f 157 187 186
f 157 158 187
f 158 188 187
f 158 159 188
f 159 189 188
f 159 160 189
f 160 190 189
f 160 161 190
f 161 191 190
f 161 162 191
f 162 192 191
f 162 163 192
f 163 193 192
f 163 164 193
f 164 194 193
f 164 165 194
f 165 195 194
f 165 166 195
f 166 196 195
f 166 167 196
f 167 197 196
f 167 168 197
f 168 198 197
f 168 169 198
f 169 199 198
f 169 170 199
f 170 200 199
f 170 171 200
f 171 201 200
f 171 172 201
f 172 202 201
f 172 173 202
f 173 203 202
f 173 174 203
f 174 204 203
f 174 175 204
f 175 205 204
f 175 176 205
f 176 206 205
f 176 177 206
f 177 207 206
f 177 178 207
f 178 208 207
f 178 179 208
f 179 209 208
f 179 180 209
f 180 210 209
f 181 182 211
f 182 212 211
f 182 183 212
f 183 213 212
f 183 184 213
f 184 214 213
f 184 185 214
f 185 215 214
f 185 186 215
f 186 216 215
f 186 187 216
f 187 217 216
f 187 188 217
f 188 218 217
f 188 189 218
f 189 219 218
f 189 190 219
f 190 220 219
f 190 191 220
f 191 221 220
f 191 192 221
f 192 222 221
f 192 193 222
f 193 223 222
f 193 194 223
f 194 224 223
f 194 195 224
f 195 225 224
f 195 196 225
f 196 226 225
f 196 197 226
f 197 227 226
f 197 198 227
f 198 228 227
f 198 199 228
f 199 229 228
f 199 200 229
f 200 230 229
f 200 201 230
f 201 231 230
f 201 202 231
f 202 232 231
f 202 203 232
f 203 233 232
f 203 204 233
f 204 234 233
f 204 205 234
f 205 235 234
f 205 206 235
f 206 236 235
f 206 207 236
f 207 237 236
f 207 208 237
f 208 238 237
f 208 209 238
f 209 239 238
f 209 210 239
f 210 240 239
f 211 212 241
f 212 242 241
f 212 213 242
f 213 243 242
f 213 214 243
f 214 244 243
f 214 215 244
f 215 245 244
f 215 216 245
f 216 246 245
f 216 217 246
f 217 247 246
f 217 218 247
f 218 248 247
f 218 219 248
f 219 249 248
f 219 220 249
f 220 250 249
f 220 221 250
f 221 251 250
f 221 222 251
f 222 252 251
f 222 223 252
f 223 253 252
f 223 224 253
f 224 254 253
f 224 225 254
f 225 255 254
f 225 226 255
f 226 256 255
f 226 227 256
f 227 257 256
f 227 228 257
f 228 258 257
f 228 229 258
f 229 259 258
f 229 230 259
f 230 260 259
f 230 231 260
f 231 261 260
f 231 232 261
f 232 262 261
f 232 233 262
f 233 263 262
f 233 234 263
f 234 264 263
f 234 235 264
f 235 265 264
f 235 236 265
f 236 266 265
f 236 237 266
f 237 267 266
f 237 238 267
f 238 268 267
f 238 239 268
f 239 269 268
f 239 240 269
f 240 270 269
f 241 242 271
f 242 272 271
f 242 243 272
f 243 273 272
f 243 244 273
f 244 274 273
f 244 245 274
f 245 275 274
f 245 246 275
f 246 276 275
f 246 247 276
f 247 277 276
f 247 248 277
f 248 278 277
f 248 249 278
f 249 279 278
f 249 250 279
f 250 280 279
f 250 251 280
f 251 281 280
f 251 252 281
f 252 282 281
f 252 253 282
f 253 283 282
f 253 254 283
f 254 284 283
f 254 255 284
f 255 285 284
f 255 256 285
f 256 286 285
f 256 257 286
f 257 287 286
f 257 258 287
f 258 288 287
f 258 259 288
f 259 289 288
f 259 260 289
f 260 290 289
f 260 261 290
f 261 291 290
f 261 262 291
f 262 292 291
f 262 263 292
f 263 293 292
f 263 264 293
f 264 294 293
f 264 265 294
f 265 295 294
f 265 266 295
f 266 296 295
f 266 267 296
f 267 297 296
f 267 268 297
f 268 298 297
f 268 269 298
f 269 299 298
f 269 270 299
f 270 300 299
f 271 272 301
f 272 302 301
f 272 273 302
f 273 303 302
f 273 274 303
f 274 304 303
f 274 275 304
f 275 305 304
f 275 276 305
f 276 306 305
f 276 277 306
f 277 307 306
f 277 278 307
f 278 308 307
f 278 279 308
f 279 309 308
f 279 280 309
f 280 310 309
f 280 281 310
f 281 311 310
f 281 282 311
f 282 312 311
f 282 283 312
f 283 313 312
f 283 284 313
f 284 314 313
f 284 285 314
f 285 315 314
f 285 286 315
f 286 316 315
f 286 287 316
f 287 317 316
f 287 288 317
f 288 318 317
f 288 289 318
f 289 319 318
f 289 290 319
f 290 320 319
f 290 291 320
f 291 321 320
f 291 292 321
f 292 322 321
f 292 293 322
f 293 323 322
f 293 294 323
f 294 324 323
f 294 295 324
f 295 325 324
f 295 296 325
f 296 326 325
f 296 297 326
f 297 327 326
f 297 298 327
f 298 328 327
f 298 299 328
f 299 329 328
f 299 300 329
f 300 330 329
f 301 302 331
f 302 332 331
f 302 303 332
f 303 333 332
f 303 304 333
f 304 334 333
f 304 305 334
f 305 335 334
f 305 306 335
f 306 336 335
f 306 307 336
f 307 337 336
f 307 308 337
f 308 338 337
f 308 309 338
f 309 339 338
f 309 310 339
f 310 340 339
f 310 311 340
f 311 341 340
f 311 312 341
f 312 342 341
f 312 313 342
f 313 343 342
f 313 314 343
f 314 344 343
f 314 315 344
f 315 345 344
f 315 316 345
f 316 346 345
f 316 317 346
f 317 347 346
f 317 318 347
f 318 348 347
f 318 319 348
f 319 349 348
f 319 320 349
f 320 350 349
f 320 321 350
f 321 351 350
f 321 322 351
f 322 352 351
f 322 323 352
f 323 353 352
f 323 324 353
f 324 354 353
f 324 325 354
f 325 355 354
f 325 326 355
f 326 356 355
f 326 327 356
f 327 357 356
f 327 328 357
f 328 358 357
f 328 329 358
f 329 359 358
f 329 330 359
f 330 360 359
f 331 332 361
f 332 362 361
f 332 333 362
f 333 363 362
f 333 334 363
f 334 364 363
f 334 335 364
f 335 365 364
f 335 336 365
f 336 366 365
f 336 337 366
f 337 367 366
f 337 338 367
f 338 368 367
f 338 339 368
f 339 369 368
f 339 340 369
f 340 370 369
f 340 341 370
f 341 371 370
f 341 342 371
f 342 372 371
f 342 343 372
f 343 373 372
f 343 344 373
f 344 374 373
f 344 345 374
f 345 375 374
f 345 346 375
f 346 376 375
f 346 347 376
f 347 377 376
f 347 348 377
f 348 378 377
f 348 349 378
f 349 379 378
f 349 350 379
f 350 380 379
f 350 351 380
f 351 381 380
f 351 352 381
f 352 382 381
f 352 353 382
f 353 383 382
f 353 354 383
f 354 384 383
f 354 355 384
f 355 385 384
f 355 356 385
f 356 386 385
f 356 357 386
f 357 387 386
f 357 358 387
f 358 388 387
f 358 359 388
f 359 389 388
f 359 360 389
f 360 390 389
f 361 362 391
f 362 392 391
f 362 363 392
f 363 393 392
f 363 364 393
f 364 394 393
f 364 365 394
f 365 395 394
f 365 366 395
f 366 396 395
f 366 367 396
f 367 397 396
f 367 368 397
f 368 398 397
f 368 369 398
f 369 399 398
f 369 370 399
f 370 400 399
f 370 371 400
f 371 401 400
f 371 372 401
f 372 402 401
f 372 373 402
f 373 403 402
f 373 374 403
f 374 404 403
f 374 375 404
f 375 405 404
f 375 376 405
f 376 406 405
f 376 377 406
f 377 407 406
f 377 378 407
f 378 408 407
f 378 379 408
f 379 409 408
f 379 380 409
f 380 410 409
f 380 381 410
f 381 411 410
f 381 382 411
f 382 412 411
f 382 383 412
f 383 413 412
f 383 384 413
f 384 414 413
f 384 385 414
f 385 415 414
f 385 386 415
f 386 416 415
f 386 387 416
f 387 417 416
f 387 388 417
f 388 418 417
f 388 389 418
f 389 419 418
f 389 390 419
f 390 420 419
f 391 392 421
f 392 422 421
f 392 393 422
f 393 423 422
f 393 394 423
f 394 424 423
f 394 395 424
f 395 425 424
f 395 396 425
f 396 426 425
f 396 397 426
f 397 427 426
f 397 398 427
f 398 428 427
f 398 399 428
f 399 429 428
f 399 400 429
f 400 430 429
f 400 401 430
f 401 431 430
f 401 402 431
f 402 432 431
f 402 403 432
f 403 433 432
f 403 404 433
f 404 434 433
f 404 405 434
f 405 435 434
f 405 406 435
f 406 436 435
f 406 407 436
f 407 437 436
f 407 408 437
f 408 438 437
f 408 409 438
f 409 439 438
f 409 410 439
f 410 440 439
f 410 411 440
f 411 441 440
f 411 412 441
f 412 442 441
f 412 413 442
f 413 443 442
f 413 414 443
f 414 444 443
f 414 415 444
f 415 445 444
f 415 416 445
f 416 446 445
f 416 417 446
f 417 447 446
f 417 418 447
f 418 448 447
f 418 419 448
f 419 449 448
f 419 420 449
f 420 450 449
f 421 422 451
f 422 452 451
f 422 423 452
f 423 453 452
f 423 424 453
f 424 454 453
f 424 425 454
f 425 455 454
f 425 426 455
f 426 456 455
f 426 427 456
f 427 457 456
f 427 428 457
f 428 458 457
f 428 429 458
f 429 459 458
f 429 430 459
f 430 460 459
f 430 431 460
f 431 461 460
f 431 432 461
f 432 462 461
f 432 433 462
f 433 463 462
f 433 434 463
f 434 464 463
f 434 435 464
f 435 465 464
f 435 436 465
f 436 466 465
f 436 437 466
f 437 467 466
f 437 438 467
f 438 468 467
f 438 439 468
f 439 469 468
f 439 440 469
f 440 470 469
f 440 441 470
f 441 471 470
f 441 442 471
f 442 472 471
f 442 443 472
f 443 473 472
f 443 444 473
f 444 474 473
f 444 445 474
f 445 475 474
f 445 446 475
f 446 476 475
f 446 447 476
f 447 477 476
f 447 448 477
f 448 478 477
f 448 449 478
f 449 479 478
f 449 450 479
f 450 480 479
f 451 452 481
f 452 482 481
f 452 453 482
f 453 483 482
f 453 454 483
f 454 484 483
f 454 455 484
f 455 485 484
f 455 456 485
f 456 486 485
f 456 457 486
f 457 487 486
f 457 458 487
f 458 488 487
f 458 459 488
f 459 489 488
f 459 460 489
f 460 490 489
f 460 461 490
f 461 491 490
f 461 462 491
f 462 492 491
f 462 463 492
f 463 493 492
f 463 464 493
f 464 494 493
f 464 465 494
f 465 495 494
f 465 466 495
f 466 496 495
f 466 467 496
f 467 497 496
f 467 468 497
f 468 498 497
f 468 469 498
f 469 499 498
f 469 470 499
f 470 500 499
f 470 471 500
f 471 501 500
f 471 472 501
f 472 502 501
f 472 473 502
f 473 503 502
f 473 474 503
f 474 504 503
f 474 475 504
f 475 505 504
f 475 476 505
f 476 506 505
f 476 477 506
f 477 507 506
f 477 478 507
f 478 508 507
f 478 479 508
f 479 509 508
f 479 480 509
f 480 510 509
f 481 482 511
f 482 512 511
f 482 483 512
f 483 513 512
f 483 484 513
f 484 514 513
f 484 485 514
f 485 515 514
f 485 486 515
f 486 516 515
f 486 487 516
f 487 517 516
f 487 488 517
f 488 518 517
f 488 489 518
f 489 519 518
f 489 490 519
f 490 520 519
f 490 491 520
f 491 521 520
f 491 492 521
f 492 522 521
f 492 493 522
f 493 523 522
f 493 494 523
f 494 524 523
f 494 495 524
f 495 525 524
f 495 496 525
f 496 526 525
f 496 497 526
f 497 527 526
f 497 498 527
f 498 528 527
f 498 499 528
f 499 529 528
f 499 500 529
f 500 530 529
f 500 501 530
f 501 531 530
f 501 502 531
f 502 532 531
f 502 503 532
f 503 533 532
f 503 504 533
f 504 534 533
f 504 505 534
f 505 535 534
f 505 506 535
f 506 536 535
f 506 507 536
f 507 537 536
f 507 508 537
f 508 538 537
f 508 509 538
f 509 539 538
f 509 510 539
f 510 540 539
f 511 512 541
f 512 542 541
f 512 513 542
f 513 543 542
f 513 514 543
f 514 544 543
f 514 515 544
f 515 545 544
f 515 516 545
f 516 546 545
f 516 517 546
f 517 547 546
f 517 518 547
f 518 548 547
f 518 519 548
f 519 549 548
f 519 520 549
f 520 550 549
f 520 521 550
f 521 551 550
f 521 522 551
f 522 552 551
f 522 523 552
f 523 553 552
f 523 524 553
f 524 554 553
f 524 525 554
f 525 555 554
f 525 526 555
f 526 556 555
f 526 527 556
f 527 557 556
f 527 528 557
f 528 558 557
f 528 529 558
f 529 559 558
f 529 530 559
f 530 560 559
f 530 531 560
f 531 561 560
f 531 532 561
f 532 562 561
f 532 533 562
f 533 563 562
f 533 534 563
f 534 564 563
f 534 535 564
f 535 565 564
f 535 536 565
f 536 566 565
f 536 537 566
f 537 567 566
f 537 538 567
f 538 568 567
f 538 539 568
f 539 569 568
f 539 540 569
f 540 570 569
f 541 542 571
f 542 572 571
f 542 543 572
f 543 573 572
f 543 544 573
f 544 574 573
f 544 545 574
f 545 575 574
f 545 546 575
f 546 576 575
f 546 547 576
f 547 577 576
f 547 548 577
f 548 578 577
f 548 549 578
f 549 579 578
f 549 550 579
f 550 580 579
f 550 551 580
f 551 581 580
f 551 552 581
f 552 582 581
f 552 553 582
f 553 583 582
f 553 554 583
f 554 584 583
f 554 555 584
f 555 585 584
f 555 556 585
f 556 586 585
f 556 557 586
f 557 587 586
f 557 558 587
f 558 588 587
f 558 559 588
f 559 589 588
f 559 560 589
f 560 590 589
f 560 561 590
f 561 591 590
f 561 562 591
f 562 592 591
f 562 563 592
f 563 593 592
f 563 564 593
f 564 594 593
f 564 565 594
f 565 595 594
f 565 566 595
f 566 596 595
f 566 567 596
f 567 597 596
f 567 568 597
f 568 598 597
f 568 569 598
f 569 599 598
f 569 570 599
f 570 600 599
f 571 572 601
f 572 602 601
f 572 573 602
f 573 603 602
f 573 574 603
f 574 604 603
f 574 575 604
f 575 605 604
f 575 576 605
f 576 606 605
f 576 577 606
f 577 607 606
f 577 578 607
f 578 608 607
f 578 579 608
f 579 609 608
f 579 580 609
f 580 610 609
f 580 581 610
f 581 611 610
f 581 582 611
f 582 612 611
f 582 583 612
f 583 613 612
f 583 584 613
f 584 614 613
f 584 585 614
f 585 615 614
f 585 586 615
f 586 616 615
f 586 587 616
f 587 617 616
f 587 588 617
f 588 618 617
f 588 589 618
f 589 619 618
f 589 590 619
f 590 620 619
f 590 591 620
f 591 621 620
f 591 592 621
f 592 622 621
f 592 593 622
f 593 623 622
f 593 594 623
f 594 624 623
f 594 595 624
f 595 625 624
f 595 596 625
f 596 626 625
f 596 597 626
f 597 627 626
f 597 598 627
f 598 628 627
f 598 599 628
f 599 629 628
f 599 600 629
f 600 630 629
f 601 602 631
f 602 632 631
f 602 603 632
f 603 633 632
f 603 604 633
f 604 634 633
f 604 605 634
f 605 635 634
f 605 606 635
f 606 636 635
f 606 607 636
f 607 637 636
f 607 608 637
f 608 638 637
f 608 609 638
f 609 639 638
f 609 610 639
f 610 640 639
f 610 611 640
f 611 641 640
f 611 612 641
f 612 642 641
f 612 613 642
f 613 643 642
f 613 614 643
f 614 644 643
f 614 615 644
f 615 645 644
f 615 616 645
f 616 646 645
f 616 617 646
f 617 647 646
f 617 618 647
f 618 648 647
f 618 619 648
f 619 649 648
f 619 620 649
f 620 650 649
f 620 621 650
f 621 651 650
f 621 622 651
f 622 652 651
f 622 623 652
f 623 653 652
f 623 624 653
f 624 654 653
f 624 625 654
f 625 655 654
f 625 626 655
f 626 656 655
f 626 627 656
f 627 657 656
f 627 628 657
f 628 658 657
f 628 629 658
f 629 659 658
f 629 630 659
f 630 660 659
f 631 632 661
f 632 662 661
f 632 633 662
f 633 663 662
f 633 634 663
f 634 664 663
f 634 635 664
f 635 665 664
f 635 636 665
f 636 666 665
f 636 637 666
f 637 667 666
f 637 638 667
f 638 668 667
f 638 639 668
f 639 669 668
f 639 640 669
f 640 670 669
f 640 641 670
f 641 671 670
f 641 642 671
f 642 672 671
f 642 643 672
f 643 673 672
f 643 644 673
f 644 674 673
f 644 645 674
f 645 675 674
f 645 646 675
f 646 676 675
f 646 647 676
f 647 677 676
f 647 648 677
f 648 678 677
f 648 649 678
f 649 679 678
f 649 650 679
f 650 680 679
f 650 651 680
f 651 681 680
f 651 652 681
f 652 682 681
f 652 653 682
f 653 683 682
f 653 654 683
f 654 684 683
f 654 655 684
f 655 685 684
f 655 656 685
f 656 686 685
f 656 657 686
f 657 687 686
f 657 658 687
f 658 688 687
f 658 659 688
f 659 689 688
f 659 660 689
f 660 690 689
f 661 662 691
f 662 692 691
f 662 663 692
f 663 693 692
f 663 664 693
f 664 694 693
f 664 665 694
f 665 695 694
f 665 666 695
f 666 696 695
f 666 667 696
f 667 697 696
f 667 668 697
f 668 698 697
f 668 669 698
f 669 699 698
f 669 670 699
f 670 700 699
f 670 671 700
f 671 701 700
f 671 672 701
f 672 702 701
f 672 673 702
f 673 703 702
f 673 674 703
f 674 704 703
f 674 675 704
f 675 705 704
f 675 676 705
f 676 706 705
f 676 677 706
f 677 707 706
f 677 678 707
f 678 708 707
f 678 679 708
f 679 709 708
f 679 680 709
f 680 710 709
f 680 681 710
f 681 711 710
f 681 682 711
f 682 712 711
f 682 683 712
f 683 713 712
f 683 684 713
f 684 714 713
f 684 685 714
f 685 715 714
f 685 686 715
f 686 716 715
f 686 687 716
f 687 717 716
f 687 688 717
f 688 718 717
f 688 689 718
f 689 719 718
f 689 690 719
f 690 720 719
f 691 692 721
f 692 722 721
f 692 693 722
f 693 723 722
f 693 694 723
f 694 724 723
f 694 695 724
f 695 725 724
f 695 696 725
f 696 726 725
f 696 697 726
f 697 727 726
f 697 698 727
f 698 728 727
f 698 699 728
f 699 729 728
f 699 700 729
f 700 730 729
f 700 701 730
f 701 731 730
f 701 702 731
f 702 732 731
f 702 703 732
f 703 733 732
f 703 704 733
f 704 734 733
f 704 705 734
f 705 735 734
f 705 706 735
f 706 736 735
f 706 707 736
f 707 737 736
f 707 708 737
f 708 738 737
f 708 709 738
f 709 739 738
f 709 710 739
f 710 740 739
f 710 711 740
f 711 741 740
f 711 712 741
f 712 742 741
f 712 713 742
f 713 743 742
f 713 714 743
f 714 744 743
f 714 715 744
f 715 745 744
f 715 716 745
f 716 746 745
f 716 717 746
f 717 747 746
f 717 718 747
f 718 748 747
f 718 719 748
f 719 749 748
f 719 720 749
f 720 750 749
f 721 722 751
f 722 752 751
f 722 723 752
f 723 753 752
f 723 724 753
f 724 754 753
f 724 725 754
f 725 755 754
f 725 726 755
f 726 756 755
f 726 727 756
f 727 757 756
f 727 728 757
f 728 758 757
f 728 729 758
f 729 759 758
f 729 730 759
f 730 760 759
f 730 731 760
f 731 761 760
f 731 732 761
f 732 762 761
f 732 733 762
f 733 763 762
f 733 734 763
f 734 764 763
f 734 735 764
f 735 765 764
f 735 736 765
f 736 766 765
f 736 737 766
f 737 767 766
f 737 738 767
f 738 768 767
f 738 739 768
f 739 769 768
f 739 740 769
f 740 770 769
f 740 741 770
f 741 771 770
f 741 742 771
f 742 772 771
f 742 743 772
f 743 773 772
f 743 744 773
f 744 774 773
f 744 745 774
f 745 775 774
f 745 746 775
f 746 776 775
f 746 747 776
f 747 777 776
f 747 748 777
f 748 778 777
f 748 749 778
f 749 779 778
f 749 750 779
f 750 780 779
f 751 752 781
f 752 782 781
f 752 753 782
f 753 783 782
f 753 754 783
f 754 784 783
f 754 755 784
f 755 785 784
f 755 756 785
f 756 786 785
f 756 757 786
f 757 787 786
f 757 758 787
f 758 788 787
f 758 759 788
f 759 789 788
f 759 760 789
f 760 790 789
f 760 761 790
f 761 791 790
f 761 762 791
f 762 792 791
f 762 763 792
f 763 793 792
f 763 764 793
f 764 794 793
f 764 765 794
f 765 795 794
f 765 766 795
f 766 796 795
f 766 767 796
f 767 797 796
f 767 768 797
f 768 798 797
f 768 769 798
f 769 799 798
f 769 770 799
f 770 800 799
f 770 771 800
f 771 801 800
f 771 772 801
f 772 802 801
f 772 773 802
f 773 803 802
f 773 774 803
f 774 804 803
f 774 775 804
f 775 805 804
f 775 776 805
f 776 806 805
f 776 777 806
f 777 807 806
f 777 778 807
f 778 808 807
f 778 779 808
f 779 809 808
f 779 780 809
f 780 810 809
f 781 782 811
f 782 812 811
f 782 783 812
f 783 813 812
f 783 784 813
f 784 814 813
f 784 785 814
f 785 815 814
f 785 786 815
f 786 816 815
f 786 787 816
f 787 817 816
f 787 788 817
f 788 818 817
f 788 789 818
f 789 819 818
f 789 790 819
f 790 820 819
f 790 791 820
f 791 821 820
f 791 792 821
f 792 822 821
f 792 793 822
f 793 823 822
f 793 794 823
f 794 824 823
f 794 795 824
f 795 825 824
f 795 796 825
f 796 826 825
f 796 797 826
f 797 827 826
f 797 798 827
f 798 828 827
f 798 799 828
f 799 829 828
f 799 800 829
f 800 830 829
f 800 801 830
f 801 831 830
f 801 802 831
f 802 832 831
f 802 803 832
f 803 833 832
f 803 804 833
f 804 834 833
f 804 805 834
f 805 835 834
f 805 806 835
f 806 836 835
f 806 807 836
f 807 837 836
f 807 808 837
f 808 838 837
f 808 809 838
f 809 839 838
f 809 810 839
f 810 840 839
f 811 812 841
f 812 842 841
f 812 813 842
f 813 843 842
f 813 814 843
f 814 844 843
f 814 815 844
f 815 845 844
f 815 816 845
f 816 846 845
f 816 817 846
f 817 847 846
f 817 818 847
f 818 848 847
f 818 819 848
f 819 849 848
f 819 820 849
f 820 850 849
f 820 821 850
f 821 851 850
f 821 822 851
f 822 852 851
f 822 823 852
f 823 853 852
f 823 824 853
f 824 854 853
f 824 825 854
f 825 855 854
f 825 826 855
f 826 856 855
f 826 827 856
f 827 857 856
f 827 828 857
f 828 858 857
f 828 829 858
f 829 859 858
f 829 830 859
f 830 860 859
f 830 831 860
f 831 861 860
f 831 832 861
f 832 862 861
f 832 833 862
f 833 863 862
f 833 834 863
f 834 864 863
f 834 835 864
f 835 865 864
f 835 836 865
f 836 866 865
f 836 837 866
f 837 867 866
f 837 838 867
f 838 868 867
f 838 839 868
f 839 869 868
f 839 840 869
f 840 870 869
f 841 842 871
f 842 872 871
f 842 843 872
f 843 873 872
f 843 844 873
f 844 874 873
f 844 845 874
f 845 875 874
f 845 846 875
f 846 876 875
f 846 847 876
f 847 877 876
f 847 848 877
f 848 878 877
f 848 849 878
f 849 879 878
f 849 850 879
f 850 880 879
f 850 851 880
f 851 881 880
f 851 852 881
f 852 882 881
f 852 853 882
f 853 883 882
f 853 854 883
f 854 884 883
f 854 855 884
f 855 885 884
f 855 856 885
f 856 886 885
f 856 857 886
f 857 887 886
f 857 858 887
f 858 888 887
f 858 859 888
f 859 889 888
f 859 860 889
f 860 890 889
f 860 861 890
f 861 891 890
f 861 862 891
f 862 892 891
f 862 863 892
f 863 893 892
f 863 864 893
f 864 894 893
f 864 865 894
f 865 895 894
f 865 866 895
f 866 896 895
f 866 867 896
f 867 897 896
f 867 868 897
f 868 898 897
f 868 869 898
f 869 899 898
f 869 870 899
f 870 900 899
f 901 931 902
f 902 931 932
f 902 932 903
f 903 932 933
f 903 933 904
f 904 933 934
f 904 934 905
f 905 934 935
f 905 935 906
f 906 935 936
f 906 936 907
f 907 936 937
f 907 937 908
f 908 937 938
f 908 938 909
f 909 938 939
f 909 939 910
f 910 939 940
f 910 940 911
f 911 940 941
f 911 941 912
f 912 941 942
f 912 942 913
f 913 942 943
f 913 943 914
f 914 943 944
f 914 944 915
f 915 944 945
f 915 945 916
f 916 945 946
f 916 946 917
f 917 946 947
f 917 947 918
f 918 947 948
f 918 948 919
f 919 948 949
f 919 949 920
f 920 949 950
f 920 950 921
f 921 950 951
f 921 951 922
f 922 951 952
f 922 952 923
f 923 952 953
f 923 953 924
f 924 953 954
f 924 954 925
f 925 954 955
f 925 955 926
f 926 955 956
f 926 956 927
f 927 956 957
f 927 957 928
f 928 957 958
f 928 958 929
f 929 958 959
f 929 959 930
f 930 959 960
f 931 961 932
f 932 961 962
f 932 962 933
f 933 962 963
f 933 963 934
f 934 963 964
f 934 964 935
f 935 964 965
f 935 965 936
f 936 965 966
f 936 966 937
f 937 966 967
f 937 967 938
f 938 967 968
f 938 968 939
f 939 968 969
f 939 969 940
f 940 969 970
f 940 970 941
f 941 970 971
f 941 971 942
f 942 971 972
f 942 972 943
f 943 972 973
f 943 973 944
f 944 973 974
f 944 974 945
f 945 974 975
f 945 975 946
f 946 975 976
f 946 976 947
f 947 976 977
f 947 977 948
f 948 977 978
f 948 978 949
f 949 978 979
f 949 979 950
f 950 979 980
f 950 980 951
f 951 980 981
f 951 981 952
f 952 981 982
f 952 982 953
f 953 982 983
f 953 983 954
f 954 983 984
f 954 984 955
f 955 984 985
f 955 985 956
f 956 985 986
f 956 986 957
f 957 986 987
f 957 987 958
f 958 987 988
f 958 988 959
f 959 988 989
f 959 989 960
f 960 989 990
f 961 991 962
f 962 991 992
f 962 992 963
f 963 992 993
f 963 993 964
f 964 993 994
f 964 994 965
f 965 994 995
f 965 995 966
f 966 995 996
f 966 996 967
f 967 996 997
f 967 997 968
f 968 997 998
f 968 998 969
f 969 998 999
f 969 999 970
f 970 999 1000
f 970 1000 971
f 971 1000 1001
f 971 1001 972
f 972 1001 1002
f 972 1002 973
f 973 1002 1003
f 973 1003 974
f 974 1003 1004
f 974 1004 975
f 975 1004 1005
f 975 1005 976
f 976 1005 1006
f 976 1006 977
f 977 1006 1007
f 977 1007 978
f 978 1007 1008
f 978 1008 979
f 979 1008 1009
f 979 1009 980
f 980 1009 1010
f 980 1010 981
f 981 1010 1011
f 981 1011 982
f 982 1011 1012
f 982 1012 983
f 983 1012 1013
f 983 1013 984
f 984 1013 1014
f 984 1014 985
f 985 1014 1015
f 985 1015 986
f 986 1015 1016
f 986 1016 987
f 987 1016 1017
f 987 1017 988
f 988 1017 1018
f 988 1018 989
f 989 1018 1019
f 989 1019 990
f 990 1019 1020
f 991 1021 992
f 992 1021 1022
f 992 1022 993
f 993 1022 1023
f 993 1023 994
f 994 1023 1024
f 994 1024 995
f 995 1024 1025
f 995 1025 996
f 996 1025 1026
f 996 1026 997
f 997 1026 1027
f 997 1027 998
f 998 1027 1028
f 998 1028 999
f 999 1028 1029
f 999 1029 1000
f 1000 1029 1030
f 1000 1030 1001
f 1001 1030 1031
f 1001 1031 1002
f 1002 1031 1032
f 1002 1032 1003
f 1003 1032 1033
f 1003 1033 1004
f 1004 1033 1034
f 1004 1034 1005
f 1005 1034 1035
f 1005 1035 1006
f 1006 1035 1036
f 1006 1036 1007
f 1007 1036 1037
f 1007 1037 1008
f 1008 1037 1038
f 1008 1038 1009
f 1009 1038 1039
f 1009 1039 1010
f 1010 1039 1040
f 1010 1040 1011
f 1011 1040 1041
f 1011 1041 1012
f 1012 1041 1042
f 1012 1042 1013
f 1013 1042 1043
f 1013 1043 1014
f 1014 1043 1044
f 1014 1044 1015
f 1015 1044 1045
f 1015 1045 1016
f 1016 1045 1046
f 1016 1046 1017
f 1017 1046 1047
f 1017 1047 1018
f 1018 1047 1048
f 1018 1048 1019
f 1019 1048 1049
f 1019 1049 1020
f 1020 1049 1050
f 1021 1051 1022
f 1022 1051 1052
f 1022 1052 1023
f 1023 1052 1053
f 1023 1053 1024
f 1024 1053 1054
f 1024 1054 1025
f 1025 1054 1055
f 1025 1055 1026
f 1026 1055 1056
f 1026 1056 1027
f 1027 1056 1057
f 1027 1057 1028
f 1028 1057 1058
f 1028 1058 1029
f 1029 1058 1059
f 1029 1059 1030
f 1030 1059 1060
f 1030 1060 1031
f 1031 1060 1061
f 1031 1061 1032
f 1032 1061 1062
f 1032 1062 1033
f 1033 1062 1063
f 1033 1063 1034
f 1034 1063 1064
f 1034 1064 1035
f 1035 1064 1065
f 1035 1065 1036
f 1036 1065 1066
f 1036 1066 1037
f 1037 1066 1067
f 1037 1067 1038
f 1038 1067 1068
f 1038 1068 1039
f 1039 1068 1069
f 1039 1069 1040
f 1040 1069 1070
f 1040 1070 1041
f 1041 1070 1071
f 1041 1071 1042
f 1042 1071 1072
f 1042 1072 1043
f 1043 1072 1073
f 1043 1073 1044
f 1044 1073 1074
f 1044 1074 1045
f 1045 1074 1075
f 1045 1075 1046
f 1046 1075 1076
f 1046 1076 1047
f 1047 1076 1077
f 1047 1077 1048
f 1048 1077 1078
f 1048 1078 1049
f 1049 1078 1079
f 1049 1079 1050
f 1050 1079 1080
f 1051 1081 1052
f 1052 1081 1082
f 1052 1082 1053
f 1053 1082 1083
f 1053 1083 1054
f 1054 1083 1084
f 1054 1084 1055
f 1055 1084 1085
f 1055 1085 1056
f 1056 1085 1086
f 1056 1086 1057
f 1057 1086 1087
f 1057 1087 1058
f 1058 1087 1088
f 1058 1088 1059
f 1059 1088 1089
f 1059 1089 1060
f 1060 1089 1090
f 1060 1090 1061
f 1061 1090 1091
f 1061 1091 1062
f 1062 1091 1092
f 1062 1092 1063
f 1063 1092 1093
f 1063 1093 1064
f 1064 1093 1094
f 1064 1094 1065
f 1065 1094 1095
f 1065 1095 1066
f 1066 1095 1096
f 1066 1096 1067
f 1067 1096 1097
f 1067 1097 1068
f 1068 1097 1098
f 1068 1098 1069
f 1069 1098 1099
f 1069 1099 1070
f 1070 1099 1100
f 1070 1100 1071
f 1071 1100 1101
f 1071 1101 1072
f 1072 1101 1102
f 1072 1102 1073
f 1073 1102 1103
f 1073 1103 1074
f 1074 1103 1104
f 1074 1104 1075
f 1075 1104 1105
f 1075 1105 1076
f 1076 1105 1106
f 1076 1106 1077
f 1077 1106 1107
f 1077 1107 1078
f 1078 1107 1108
f 1078 1108 1079
f 1079 1108 1109
f 1079 1109 1080
f 1080 1109 1110
f 1081 1111 1082
f 1082 1111 1112
f 1082 1112 1083
f 1083 1112 1113
f 1083 1113 1084
f 1084 1113 1114
f 1084 1114 1085
f 1085 1114 1115
f 1085 1115 1086
f 1086 1115 1116
f 1086 1116 1087
f 1087 1116 1117
f 1087 1117 1088
f 1088 1117 1118
f 1088 1118 1089
f 1089 1118 1119
f 1089 1119 1090
f 1090 1119 1120
f 1090 1120 1091
f 1091 1120 1121
f 1091 1121 1092
f 1092 1121 1122
f 1092 1122 1093
f 1093 1122 1123
f 1093 1123 1094
f 1094 1123 1124
f 1094 1124 1095
f 1095 1124 1125
f 1095 1125 1096
f 1096 1125 1126
f 1096 1126 1097
f 1097 1126 1127
f 1097 1127 1098
f 1098 1127 1128
f 1098 1128 1099
f 1099 1128 1129
f 1099 1129 1100
f 1100 1129 1130
f 1100 1130 1101
f 1101 1130 1131
f 1101 1131 1102
f 1102 1131 1132
f 1102 1132 1103
f 1103 1132 1133
f 1103 1133 1104
f 1104 1133 1134
f 1104 1134 1105
f 1105 1134 1135
f 1105 1135 1106
f 1106 1135 1136
f 1106 1136 1107
f 1107 1136 1137
f 1107 1137 1108
f 1108 1137 1138
f 1108 1138 1109
f 1109 1138 1139
f 1109 1139 1110
f 1110 1139 1140
f 1111 1141 1112
f 1112 1141 1142
f 1112 1142 1113
f 1113 1142 1143
f 1113 1143 1114
f 1114 1143 1144
f 1114 1144 1115
f 1115 1144 1145
f 1115 1145 1116
f 1116 1145 1146
f 1116 1146 1117
f 1117 1146 1147
f 1117 1147 1118
f 1118 1147 1148
f 1118 1148 1119
f 1119 1148 1149
f 1119 1149 1120
f 1120 1149 1150
f 1120 1150 1121
f 1121 1150 1151
f 1121 1151 1122
f 1122 1151 1152
f 1122 1152 1123
f 1123 1152 1153
f 1123 1153 1124
f 1124 1153 1154
f 1124 1154 1125
f 1125 1154 1155
f 1125 1155 1126
f 1126 1155 1156
f 1126 1156 1127
f 1127 1156 1157
f 1127 1157 1128
f 1128 1157 1158
f 1128 1158 1129
f 1129 1158 1159
f 1129 1159 1130
f 1130 1159 1160
f 1130 1160 1131
f 1131 1160 1161
f 1131 1161 1132
f 1132 1161 1162
f 1132 1162 1133
f 1133 1162 1163
f 1133 1163 1134
f 1134 1163 1164
f 1134 1164 1135
f 1135 1164 1165
f 1135 1165 1136
f 1136 1165 1166
f 1136 1166 1137
f 1137 1166 1167
f 1137 1167 1138
f 1138 1167 1168
f 1138 1168 1139
f 1139 1168 1169
f 1139 1169 1140
f 1140 1169 1170
f 1141 1171 1142
f 1142 1171 1172
f 1142 1172 1143
f 1143 1172 1173
f 1143 1173 1144
f 1144 1173 1174
f 1144 1174 1145
f 1145 1174 1175
f 1145 1175 1146
f 1146 1175 1176
f 1146 1176 1147
f 1147 1176 1177
f 1147 1177 1148
f 1148 1177 1178
f 1148 1178 1149
f 1149 1178 1179
f 1149 1179 1150
f 1150 1179 1180
f 1150 1180 1151
f 1151 1180 1181
f 1151 1181 1152
f 1152 1181 1182
f 1152 1182 1153
f 1153 1182 1183
f 1153 1183 1154
f 1154 1183 1184
f 1154 1184 1155
f 1155 1184 1185
f 1155 1185 1156
f 1156 1185 1186
f 1156 1186 1157
f 1157 1186 1187
f 1157 1187 1158
f 1158 1187 1188
f 1158 1188 1159
f 1159 1188 1189
f 1159 1189 1160
f 1160 1189 1190
f 1160 1190 1161
f 1161 1190 1191
f 1161 1191 1162
f 1162 1191 1192
f 1162 1192 1163
f 1163 1192 1193
f 1163 1193 1164
f 1164 1193 1194
f 1164 1194 1165
f 1165 1194 1195
f 1165 1195 1166
f 1166 1195 1196
f 1166 1196 1167
f 1167 1196 1197
f 1167 1197 1168
f 1168 1197 1198
f 1168 1198 1169
f 1169 1198 1199
f 1169 1199 1170
f 1170 1199 1200
f 1171 1201 1172
f 1172 1201 1202
f 1172 1202 1173
f 1173 1202 1203
f 1173 1203 1174
f 1174 1203 1204
f 1174 1204 1175
f 1175 1204 1205
f 1175 1205 1176
f 1176 1205 1206
f 1176 1206 1177
f 1177 1206 1207
f 1177 1207 1178
f 1178 1207 1208
f 1178 1208 1179
f 1179 1208 1209
f 1179 1209 1180
f 1180 1209 1210
f 1180 1210 1181
f 1181 1210 1211
f 1181 1211 1182
f 1182 1211 1212
f 1182 1212 1183
f 1183 1212 1213
f 1183 1213 1184
f 1184 1213 1214
f 1184 1214 1185
f 1185 1214 1215
f 1185 1215 1186
f 1186 1215 1216
f 1186 1216 1187
f 1187 1216 1217
f 1187 1217 1188
f 1188 1217 1218
f 1188 1218 1189
f 1189 1218 1219
f 1189 1219 1190
f 1190 1219 1220
f 1190 1220 1191
f 1191 1220 1221
f 1191 1221 1192
f 1192 1221 1222
f 1192 1222 1193
f 1193 1222 1223
f 1193 1223 1194
f 1194 1223 1224
f 1194 1224 1195
f 1195 1224 1225
f 1195 1225 1196
f 1196 1225 1226
f 1196 1226 1197
f 1197 1226 1227
f 1197 1227 1198
f 1198 1227 1228
f 1198 1228 1199
f 1199 1228 1229
f 1199 1229 1200
f 1200 1229 1230
f 1201 1231 1202
f 1202 1231 1232
f 1202 1232 1203
f 1203 1232 1233
f 1203 1233 1204
f 1204 1233 1234
f 1204 1234 1205
f 1205 1234 1235
f 1205 1235 1206
f 1206 1235 1236
f 1206 1236 1207
f 1207 1236 1237
f 1207 1237 1208
f 1208 1237 1238
f 1208 1238 1209
f 1209 1238 1239
f 1209 1239 1210
f 1210 1239 1240
f 1210 1240 1211
f 1211 1240 1241
f 1211 1241 1212
f 1212 1241 1242
f 1212 1242 1213
f 1213 1242 1243
f 1213 1243 1214
f 1214 1243 1244
f 1214 1244 1215
f 1215 1244 1245
f 1215 1245 1216
f 1216 1245 1246
f 1216 1246 1217
f 1217 1246 1247
f 1217 1247 1218
f 1218 1247 1248
f 1218 1248 1219
f 1219 1248 1249
f 1219 1249 1220
f 1220 1249 1250
f 1220 1250 1221
f 1221 1250 1251
f 1221 1251 1222
f 1222 1251 1252
f 1222 1252 1223
f 1223 1252 1253
f 1223 1253 1224
f 1224 1253 1254
f 1224 1254 1225
f 1225 1254 1255
f 1225 1255 1226
f 1226 1255 1256
f 1226 1256 1227
f 1227 1256 1257
f 1227 1257 1228
f 1228 1257 1258
f 1228 1258 1229
f 1229 1258 1259
f 1229 1259 1230
f 1230 1259 1260
f 1231 1261 1232
f 1232 1261 1262
f 1232 1262 1233
f 1233 1262 1263
f 1233 1263 1234
f 1234 1263 1264
f 1234 1264 1235
f 1235 1264 1265
f 1235 1265 1236
f 1236 1265 1266
f 1236 1266 1237
f 1237 1266 1267
f 1237 1267 1238
f 1238 1267 1268
f 1238 1268 1239
f 1239 1268 1269
f 1239 1269 1240
f 1240 1269 1270
f 1240 1270 1241
f 1241 1270 1271
f 1241 1271 1242
f 1242 1271 1272
f 1242 1272 1243
f 1243 1272 1273
f 1243 1273 1244
f 1244 1273 1274
f 1244 1274 1245
f 1245 1274 1275
f 1245 1275 1246
f 1246 1275 1276
f 1246 1276 1247
f 1247 1276 1277
f 1247 1277 1248
f 1248 1277 1278
f 1248 1278 1249
f 1249 1278 1279
f 1249 1279 1250
f 1250 1279 1280
f 1250 1280 1251
f 1251 1280 1281
f 1251 1281 1252
f 1252 1281 1282
f 1252 1282 1253
f 1253 1282 1283
f 1253 1283 1254
f 1254 1283 1284
f 1254 1284 1255
f 1255 1284 1285
f 1255 1285 1256
f 1256 1285 1286
f 1256 1286 1257
f 1257 1286 1287
f 1257 1287 1258
f 1258 1287 1288
f 1258 1288 1259
f 1259 1288 1289
f 1259 1289 1260
f 1260 1289 1290
f 1261 1291 1262
f 1262 1291 1292
f 1262 1292 1263
f 1263 1292 1293
f 1263 1293 1264
f 1264 1293 1294
f 1264 1294 1265
f 1265 1294 1295
f 1265 1295 1266
f 1266 1295 1296
f 1266 1296 1267
f 1267 1296 1297
f 1267 1297 1268
f 1268 1297 1298
f 1268 1298 1269
f 1269 1298 1299
f 1269 1299 1270
f 1270 1299 1300
f 1270 1300 1271
f 1271 1300 1301
f 1271 1301 1272
f 1272 1301 1302
f 1272 1302 1273
f 1273 1302 1303
f 1273 1303 1274
f 1274 1303 1304
f 1274 1304 1275
f 1275 1304 1305
f 1275 1305 1276
f 1276 1305 1306
f 1276 1306 1277
f 1277 1306 1307
f 1277 1307 1278
f 1278 1307 1308
f 1278 1308 1279
f 1279 1308 1309
f 1279 1309 1280
f 1280 1309 1310
f 1280 1310 1281
f 1281 1310 1311
f 1281 1311 1282
f 1282 1311 1312
f 1282 1312 1283
f 1283 1312 1313
f 1283 1313 1284
f 1284 1313 1314
f 1284 1314 1285
f 1285 1314 1315
f 1285 1315 1286
f 1286 1315 1316
f 1286 1316 1287
f 1287 1316 1317
f 1287 1317 1288
f 1288 1317 1318
f 1288 1318 1289
f 1289 1318 1319
f 1289 1319 1290
f 1290 1319 1320
f 1291 1321 1292
f 1292 1321 1322
f 1292 1322 1293
f 1293 1322 1323
f 1293 1323 1294
f 1294 1323 1324
f 1294 1324 1295
f 1295 1324 1325
f 1295 1325 1296
f 1296 1325 1326
f 1296 1326 1297
f 1297 1326 1327
f 1297 1327 1298
f 1298 1327 1328
f 1298 1328 1299
f 1299 1328 1329
f 1299 1329 1300
f 1300 1329 1330
f 1300 1330 1301
f 1301 1330 1331
f 1301 1331 1302
f 1302 1331 1332
f 1302 1332 1303
f 1303 1332 1333
f 1303 1333 1304
f 1304 1333 1334
f 1304 1334 1305
f 1305 1334 1335
f 1305 1335 1306
f 1306 1335 1336
f 1306 1336 1307
f 1307 1336 1337
f 1307 1337 1308
f 1308 1337 1338
f 1308 1338 1309
f 1309 1338 1339
f 1309 1339 1310
f 1310 1339 1340
f 1310 1340 1311
f 1311 1340 1341
f 1311 1341 1312
f 1312 1341 1342
f 1312 1342 1313
f 1313 1342 1343
f 1313 1343 1314
f 1314 1343 1344
f 1314 1344 1315
f 1315 1344 1345
f 1315 1345 1316
f 1316 1345 1346
f 1316 1346 1317
f 1317 1346 1347
f 1317 1347 1318
f 1318 1347 1348
f 1318 1348 1319
f 1319 1348 1349
f 1319 1349 1320
f 1320 1349 1350
f 1321 1351 1322
f 1322 1351 1352
f 1322 1352 1323
f 1323 1352 1353
f 1323 1353 1324
f 1324 1353 1354
f 1324 1354 1325
f 1325 1354 1355
f 1325 1355 1326
f 1326 1355 1356
f 1326 1356 1327
f 1327 1356 1357
f 1327 1357 1328
f 1328 1357 1358
f 1328 1358 1329
f 1329 1358 1359
f 1329 1359 1330
f 1330 1359 1360
f 1330 1360 1331
f 1331 1360 1361
f 1331 1361 1332
f 1332 1361 1362
f 1332 1362 1333
f 1333 1362 1363
f 1333 1363 1334
f 1334 1363 1364
f 1334 1364 1335
f 1335 1364 1365
f 1335 1365 1336
f 1336 1365 1366
f 1336 1366 1337
f 1337 1366 1367
f 1337 1367 1338
f 1338 1367 1368
f 1338 1368 1339
f 1339 1368 1369
f 1339 1369 1340
f 1340 1369 1370
f 1340 1370 1341
f 1341 1370 1371
f 1341 1371 1342
f 1342 1371 1372
f 1342 1372 1343
f 1343 1372 1373
f 1343 1373 1344
f 1344 1373 1374
f 1344 1374 1345
f 1345 1374 1375
f 1345 1375 1346
f 1346 1375 1376
f 1346 1376 1347
f 1347 1376 1377
f 1347 1377 1348
f 1348 1377 1378
f 1348 1378 1349
f 1349 1378 1379
f 1349 1379 1350
f 1350 1379 1380
f 1351 1381 1352
f 1352 1381 1382
f 1352 1382 1353
f 1353 1382 1383
f 1353 1383 1354
f 1354 1383 1384
f 1354 1384 1355
f 1355 1384 1385
f 1355 1385 1356
f 1356 1385 1386
f 1356 1386 1357
f 1357 1386 1387
f 1357 1387 1358
f 1358 1387 1388
f 1358 1388 1359
f 1359 1388 1389
f 1359 1389 1360
f 1360 1389 1390
f 1360 1390 1361
f 1361 1390 1391
f 1361 1391 1362
f 1362 1391 1392
f 1362 1392 1363
f 1363 1392 1393
f 1363 1393 1364
f 1364 1393 1394
f 1364 1394 1365
f 1365 1394 1395
f 1365 1395 1366
f 1366 1395 1396
f 1366 1396 1367
f 1367 1396 1397
f 1367 1397 1368
f 1368 1397 1398
f 1368 1398 1369
f 1369 1398 1399
f 1369 1399 1370
f 1370 1399 1400
f 1370 1400 1371
f 1371 1400 1401
f 1371 1401 1372
f 1372 1401 1402
f 1372 1402 1373
f 1373 1402 1403
f 1373 1403 1374
f 1374 1403 1404
f 1374 1404 1375
f 1375 1404 1405
f 1375 1405 1376
f 1376 1405 1406
f 1376 1406 1377
f 1377 1406 1407
f 1377 1407 1378
f 1378 1407 1408
f 1378 1408 1379
f 1379 1408 1409
f 1379 1409 1380
f 1380 1409 1410
f 1381 1411 1382
f 1382 1411 1412
f 1382 1412 1383
f 1383 1412 1413
f 1383 1413 1384
f 1384 1413 1414
f 1384 1414 1385
f 1385 1414 1415
f 1385 1415 1386
f 1386 1415 1416
f 1386 1416 1387
f 1387 1416 1417
f 1387 1417 1388
f 1388 1417 1418
f 1388 1418 1389
f 1389 1418 1419
f 1389 1419 1390
f 1390 1419 1420
f 1390 1420 1391
f 1391 1420 1421
f 1391 1421 1392
f 1392 1421 1422
f 1392 1422 1393
f 1393 1422 1423
f 1393 1423 1394
f 1394 1423 1424
f 1394 1424 1395
f 1395 1424 1425
f 1395 1425 1396
f 1396 1425 1426
f 1396 1426 1397
f 1397 1426 1427
f 1397 1427 1398
f 1398 1427 1428
f 1398 1428 1399
f 1399 1428 1429
f 1399 1429 1400
f 1400 1429 1430
f 1400 1430 1401
f 1401 1430 1431
f 1401 1431 1402
f 1402 1431 1432
f 1402 1432 1403
f 1403 1432 1433
f 1403 1433 1404
f 1404 1433 1434
f 1404 1434 1405
f 1405 1434 1435
f 1405 1435 1406
f 1406 1435 1436
f 1406 1436 1407
f 1407 1436 1437
f 1407 1437 1408
f 1408 1437 1438
f 1408 1438 1409
f 1409 1438 1439
f 1409 1439 1410
f 1410 1439 1440
f 1411 1441 1412
f 1412 1441 1442
f 1412 1442 1413
f 1413 1442 1443
f 1413 1443 1414
f 1414 1443 1444
f 1414 1444 1415
f 1415 1444 1445
f 1415 1445 1416
f 1416 1445 1446
f 1416 1446 1417
f 1417 1446 1447
f 1417 1447 1418
f 1418 1447 1448
f 1418 1448 1419
f 1419 1448 1449
f 1419 1449 1420
f 1420 1449 1450
f 1420 1450 1421
f 1421 1450 1451
f 1421 1451 1422
f 1422 1451 1452
f 1422 1452 1423
f 1423 1452 1453
f 1423 1453 1424
f 1424 1453 1454
f 1424 1454 1425
f 1425 1454 1455
f 1425 1455 1426
f 1426 1455 1456
f 1426 1456 1427
f 1427 1456 1457
f 1427 1457 1428
f 1428 1457 1458
f 1428 1458 1429
f 1429 1458 1459
f 1429 1459 1430
f 1430 1459 1460
f 1430 1460 1431
f 1431 1460 1461
f 1431 1461 1432
f 1432 1461 1462
f 1432 1462 1433
f 1433 1462 1463
f 1433 1463 1434
f 1434 1463 1464
f 1434 1464 1435
f 1435 1464 1465
f 1435 1465 1436
f 1436 1465 1466
f 1436 1466 1437
f 1437 1466 1467
f 1437 1467 1438
f 1438 1467 1468
f 1438 1468 1439
f 1439 1468 1469
f 1439 1469 1440
f 1440 1469 1470
f 1441 1471 1442
f 1442 1471 1472
f 1442 1472 1443
f 1443 1472 1473
f 1443 1473 1444
f 1444 1473 1474
f 1444 1474 1445
f 1445 1474 1475
f 1445 1475 1446
f 1446 1475 1476
f 1446 1476 1447
f 1447 1476 1477
f 1447 1477 1448
f 1448 1477 1478
f 1448 1478 1449
f 1449 1478 1479
f 1449 1479 1450
f 1450 1479 1480
f 1450 1480 1451
f 1451 1480 1481
f 1451 1481 1452
f 1452 1481 1482
f 1452 1482 1453
f 1453 1482 1483
f 1453 1483 1454
f 1454 1483 1484
f 1454 1484 1455
f 1455 1484 1485
f 1455 1485 1456
f 1456 1485 1486
f 1456 1486 1457
f 1457 1486 1487
f 1457 1487 1458
f 1458 1487 1488
f 1458 1488 1459
f 1459 1488 1489
f 1459 1489 1460
f 1460 1489 1490
f 1460 1490 1461
f 1461 1490 1491
f 1461 1491 1462
f 1462 1491 1492
f 1462 1492 1463
f 1463 1492 1493
f 1463 1493 1464
f 1464 1493 1494
f 1464 1494 1465
f 1465 1494 1495
f 1465 1495 1466
f 1466 1495 1496
f 1466 1496 1467
f 1467 1496 1497
f 1467 1497 1468
f 1468 1497 1498
f 1468 1498 1469
f 1469 1498 1499
f 1469 1499 1470
f 1470 1499 1500
f 1471 1501 1472
f 1472 1501 1502
f 1472 1502 1473
f 1473 1502 1503
f 1473 1503 1474
f 1474 1503 1504
f 1474 1504 1475
f 1475 1504 1505
f 1475 1505 1476
f 1476 1505 1506
f 1476 1506 1477
f 1477 1506 1507
f 1477 1507 1478
f 1478 1507 1508
f 1478 1508 1479
f 1479 1508 1509
f 1479 1509 1480
f 1480 1509 1510
f 1480 1510 1481
f 1481 1510 1511
f 1481 1511 1482
f 1482 1511 1512
f 1482 1512 1483
f 1483 1512 1513
f 1483 1513 1484
f 1484 1513 1514
f 1484 1514 1485
f 1485 1514 1515
f 1485 1515 1486
f 1486 1515 1516
f 1486 1516 1487
f 1487 1516 1517
f 1487 1517 1488
f 1488 1517 1518
f 1488 1518 1489
f 1489 1518 1519
f 1489 1519 1490
f 1490 1519 1520
f 1490 1520 1491
f 1491 1520 1521
f 1491 1521 1492
f 1492 1521 1522
f 1492 1522 1493
f 1493 1522 1523
f 1493 1523 1494
f 1494 1523 1524
f 1494 1524 1495
f 1495 1524 1525
f 1495 1525 1496
f 1496 1525 1526
f 1496 1526 1497
f 1497 1526 1527
f 1497 1527 1498
f 1498 1527 1528
f 1498 1528 1499
f 1499 1528 1529
f 1499 1529 1500
f 1500 1529 1530
f 1501 1531 1502
f 1502 1531 1532
f 1502 1532 1503
f 1503 1532 1533
f 1503 1533 1504
f 1504 1533 1534
f 1504 1534 1505
f 1505 1534 1535
f 1505 1535 1506
f 1506 1535 1536
f 1506 1536 1507
f 1507 1536 1537
f 1507 1537 1508
f 1508 1537 1538
f 1508 1538 1509
f 1509 1538 1539
f 1509 1539 1510
f 1510 1539 1540
f 1510 1540 1511
f 1511 1540 1541
f 1511 1541 1512
f 1512 1541 1542
f 1512 1542 1513
f 1513 1542 1543
f 1513 1543 1514
f 1514 1543 1544
f 1514 1544 1515
f 1515 1544 1545
f 1515 1545 1516
f 1516 1545 1546
f 1516 1546 1517
f 1517 1546 1547
f 1517 1547 1518
f 1518 1547 1548
f 1518 1548 1519
f 1519 1548 1549
f 1519 1549 1520
f 1520 1549 1550
f 1520 1550 1521
f 1521 1550 1551
f 1521 1551 1522
f 1522 1551 1552
f 1522 1552 1523
f 1523 1552 1553
f 1523 1553 1524
f 1524 1553 1554
f 1524 1554 1525
f 1525 1554 1555
f 1525 1555 1526
f 1526 1555 1556
f 1526 1556 1527
f 1527 1556 1557
f 1527 1557 1528
f 1528 1557 1558
f 1528 1558 1529
f 1529 1558 1559
f 1529 1559 1530
f 1530 1559 1560
f 1531 1561 1532
f 1532 1561 1562
f 1532 1562 1533
f 1533 1562 1563
f 1533 1563 1534
f 1534 1563 1564
f 1534 1564 1535
f 1535 1564 1565
f 1535 1565 1536
f 1536 1565 1566
f 1536 1566 1537
f 1537 1566 1567
f 1537 1567 1538
f 1538 1567 1568
f 1538 1568 1539
f 1539 1568 1569
f 1539 1569 1540
f 1540 1569 1570
f 1540 1570 1541
f 1541 1570 1571
f 1541 1571 1542
f 1542 1571 1572
f 1542 1572 1543
f 1543 1572 1573
f 1543 1573 1544
f 1544 1573 1574
f 1544 1574 1545
f 1545 1574 1575
f 1545 1575 1546
f 1546 1575 1576
f 1546 1576 1547
f 1547 1576 1577
f 1547 1577 1548
f 1548 1577 1578
f 1548 1578 1549
f 1549 1578 1579
f 1549 1579 1550
f 1550 1579 1580
f 1550 1580 1551
f 1551 1580 1581
f 1551 1581 1552
f 1552 1581 1582
f 1552 1582 1553
f 1553 1582 1583
f 1553 1583 1554
f 1554 1583 1584
f 1554 1584 1555
f 1555 1584 1585
f 1555 1585 1556
f 1556 1585 1586
f 1556 1586 1557
f 1557 1586 1587
f 1557 1587 1558
f 1558 1587 1588
f 1558 1588 1559
f 1559 1588 1589
f 1559 1589 1560
f 1560 1589 1590
f 1561 1591 1562
f 1562 1591 1592
f 1562 1592 1563
f 1563 1592 1593
f 1563 1593 1564
f 1564 1593 1594
f 1564 1594 1565
f 1565 1594 1595
f 1565 1595 1566
f 1566 1595 1596
f 1566 1596 1567
f 1567 1596 1597
f 1567 1597 1568
f 1568 1597 1598
f 1568 1598 1569
f 1569 1598 1599
f 1569 1599 1570
f 1570 1599 1600
f 1570 1600 1571
f 1571 1600 1601
f 1571 1601 1572
f 1572 1601 1602
f 1572 1602 1573
f 1573 1602 1603
f 1573 1603 1574
f 1574 1603 1604
f 1574 1604 1575
f 1575 1604 1605
f 1575 1605 1576
f 1576 1605 1606
f 1576 1606 1577
f 1577 1606 1607
f 1577 1607 1578
f 1578 1607 1608
f 1578 1608 1579
f 1579 1608 1609
f 1579 1609 1580
f 1580 1609 1610
f 1580 1610 1581
f 1581 1610 1611
f 1581 1611 1582
f 1582 1611 1612
f 1582 1612 1583
f 1583 1612 1613
f 1583 1613 1584
f 1584 1613 1614
f 1584 1614 1585
f 1585 1614 1615
f 1585 1615 1586
f 1586 1615 1616
f 1586 1616 1587
f 1587 1616 1617
f 1587 1617 1588
f 1588 1617 1618
f 1588 1618 1589
f 1589 1618 1619
f 1589 1619 1590
f 1590 1619 1620
f 1591 1621 1592
f 1592 1621 1622
f 1592 1622 1593
f 1593 1622 1623
f 1593 1623 1594
f 1594 1623 1624
f 1594 1624 1595
f 1595 1624 1625
f 1595 1625 1596
f 1596 1625 1626
f 1596 1626 1597
f 1597 1626 1627
f 1597 1627 1598
f 1598 1627 1628
f 1598 1628 1599
f 1599 1628 1629
f 1599 1629 1600
f 1600 1629 1630
f 1600 1630 1601
f 1601 1630 1631
f 1601 1631 1602
f 1602 1631 1632
f 1602 1632 1603
f 1603 1632 1633
f 1603 1633 1604
f 1604 1633 1634
f 1604 1634 1605
f 1605 1634 1635
f 1605 1635 1606
f 1606 1635 1636
f 1606 1636 1607
f 1607 1636 1637
f 1607 1637 1608
f 1608 1637 1638
f 1608 1638 1609
f 1609 1638 1639
f 1609 1639 1610
f 1610 1639 1640
f 1610 1640 1611
f 1611 1640 1641
f 1611 1641 1612
f 1612 1641 1642
f 1612 1642 1613
f 1613 1642 1643
f 1613 1643 1614
f 1614 1643 1644
f 1614 1644 1615
f 1615 1644 1645
f 1615 1645 1616
f 1616 1645 1646
f 1616 1646 1617
f 1617 1646 1647
f 1617 1647 1618
f 1618 1647 1648
f 1618 1648 1619
f 1619 1648 1649
f 1619 1649 1620
f 1620 1649 1650
f 1621 1651 1622
f 1622 1651 1652
f 1622 1652 1623
f 1623 1652 1653
f 1623 1653 1624
f 1624 1653 1654
f 1624 1654 1625
f 1625 1654 1655
f 1625 1655 1626
f 1626 1655 1656
f 1626 1656 1627
f 1627 1656 1657
f 1627 1657 1628
f 1628 1657 1658
f 1628 1658 1629
f 1629 1658 1659
f 1629 1659 1630
f 1630 1659 1660
f 1630 1660 1631
f 1631 1660 1661
f 1631 1661 1632
f 1632 1661 1662
f 1632 1662 1633
f 1633 1662 1663
f 1633 1663 1634
f 1634 1663 1664
f 1634 1664 1635
f 1635 1664 1665
f 1635 1665 1636
f 1636 1665 1666
f 1636 1666 1637
f 1637 1666 1667
f 1637 1667 1638
f 1638 1667 1668
f 1638 1668 1639
f 1639 1668 1669
f 1639 1669 1640
f 1640 1669 1670
f 1640 1670 1641
f 1641 1670 1671
f 1641 1671 1642
f 1642 1671 1672
f 1642 1672 1643
f 1643 1672 1673
f 1643 1673 1644
f 1644 1673 1674
f 1644 1674 1645
f 1645 1674 1675
f 1645 1675 1646
f 1646 1675 1676
f 1646 1676 1647
f 1647 1676 1677
f 1647 1677 1648
f 1648 1677 1678
f 1648 1678 1649
f 1649 1678 1679
f 1649 1679 1650
f 1650 1679 1680
f 1651 1681 1652
f 1652 1681 1682
f 1652 1682 1653
f 1653 1682 1683
f 1653 1683 1654
f 1654 1683 1684
f 1654 1684 1655
f 1655 1684 1685
f 1655 1685 1656
f 1656 1685 1686
f 1656 1686 1657
f 1657 1686 1687
f 1657 1687 1658
f 1658 1687 1688
f 1658 1688 1659
f 1659 1688 1689
f 1659 1689 1660
f 1660 1689 1690
f 1660 1690 1661
f 1661 1690 1691
f 1661 1691 1662
f 1662 1691 1692
f 1662 1692 1663
f 1663 1692 1693
f 1663 1693 1664
f 1664 1693 1694
f 1664 1694 1665
f 1665 1694 1695
f 1665 1695 1666
f 1666 1695 1696
f 1666 1696 1667
f 1667 1696 1697
f 1667 1697 1668
f 1668 1697 1698
f 1668 1698 1669
f 1669 1698 1699
f 1669 1699 1670
f 1670 1699 1700
f 1670 1700 1671
f 1671 1700 1701
f 1671 1701 1672
f 1672 1701 1702
f 1672 1702 1673
f 1673 1702 1703
f 1673 1703 1674
f 1674 1703 1704
f 1674 1704 1675
f 1675 1704 1705
f 1675 1705 1676
f 1676 1705 1706
f 1676 1706 1677
f 1677 1706 1707
f 1677 1707 1678
f 1678 1707 1708
f 1678 1708 1679
f 1679 1708 1709
f 1679 1709 1680
f 1680 1709 1710
f 1681 1711 1682
f 1682 1711 1712
f 1682 1712 1683
f 1683 1712 1713
f 1683 1713 1684
f 1684 1713 1714
f 1684 1714 1685
f 1685 1714 1715
f 1685 1715 1686
f 1686 1715 1716
f 1686 1716 1687
f 1687 1716 1717
f 1687 1717 1688
f 1688 1717 1718
f 1688 1718 1689
f 1689 1718 1719
f 1689 1719 1690
f 1690 1719 1720
f 1690 1720 1691
f 1691 1720 1721
f 1691 1721 1692
f 1692 1721 1722
f 1692 1722 1693
f 1693 1722 1723
f 1693 1723 1694
f 1694 1723 1724
f 1694 1724 1695
f 1695 1724 1725
f 1695 1725 1696
f 1696 1725 1726
f 1696 1726 1697
f 1697 1726 1727
f 1697 1727 1698
f 1698 1727 1728
f 1698 1728 1699
f 1699 1728 1729
f 1699 1729 1700
f 1700 1729 1730
f 1700 1730 1701
f 1701 1730 1731
f 1701 1731 1702
f 1702 1731 1732
f 1702 1732 1703
f 1703 1732 1733
f 1703 1733 1704
f 1704 1733 1734
f 1704 1734 1705
f 1705 1734 1735
f 1705 1735 1706
f 1706 1735 1736
f 1706 1736 1707
f 1707 1736 1737
f 1707 1737 1708
f 1708 1737 1738
f 1708 1738 1709
f 1709 1738 1739
f 1709 1739 1710
f 1710 1739 1740
f 1711 1741 1712
f 1712 1741 1742
f 1712 1742 1713
f 1713 1742 1743
f 1713 1743 1714
f 1714 1743 1744
f 1714 1744 1715
f 1715 1744 1745
f 1715 1745 1716
f 1716 1745 1746
f 1716 1746 1717
f 1717 1746 1747
f 1717 1747 1718
f 1718 1747 1748
f 1718 1748 1719
f 1719 1748 1749
f 1719 1749 1720
f 1720 1749 1750
f 1720 1750 1721
f 1721 1750 1751
f 1721 1751 1722
f 1722 1751 1752
f 1722 1752 1723
f 1723 1752 1753
f 1723 1753 1724
f 1724 1753 1754
f 1724 1754 1725
f 1725 1754 1755
f 1725 1755 1726
f 1726 1755 1756
f 1726 1756 1727
f 1727 1756 1757
f 1727 1757 1728
f 1728 1757 1758
f 1728 1758 1729
f 1729 1758 1759
f 1729 1759 1730
f 1730 1759 1760
f 1730 1760 1731
f 1731 1760 1761
f 1731 1761 1732
f 1732 1761 1762
f 1732 1762 1733
f 1733 1762 1763
f 1733 1763 1734
f 1734 1763 1764
f 1734 1764 1735
f 1735 1764 1765
f 1735 1765 1736
f 1736 1765 1766
f 1736 1766 1737
f 1737 1766 1767
f 1737 1767 1738
f 1738 1767 1768
f 1738 1768 1739
f 1739 1768 1769
f 1739 1769 1740
f 1740 1769 1770
f 1741 1771 1742
f 1742 1771 1772
f 1742 1772 1743
f 1743 1772 1773
f 1743 1773 1744
f 1744 1773 1774
f 1744 1774 1745
f 1745 1774 1775
f 1745 1775 1746
f 1746 1775 1776
f 1746 1776 1747
f 1747 1776 1777
f 1747 1777 1748
f 1748 1777 1778
f 1748 1778 1749
f 1749 1778 1779
f 1749 1779 1750
f 1750 1779 1780
f 1750 1780 1751
f 1751 1780 1781
f 1751 1781 1752
f 1752 1781 1782
f 1752 1782 1753
f 1753 1782 1783
f 1753 1783 1754
f 1754 1783 1784
f 1754 1784 1755
f 1755 1784 1785
f 1755 1785 1756
f 1756 1785 1786
f 1756 1786 1757
f 1757 1786 1787
f 1757 1787 1758
f 1758 1787 1788
f 1758 1788 1759
f 1759 1788 1789
f 1759 1789 1760
f 1760 1789 1790
f 1760 1790 1761
f 1761 1790 1791
f 1761 1791 1762
f 1762 1791 1792
f 1762 1792 1763
f 1763 1792 1793
f 1763 1793 1764
f 1764 1793 1794
f 1764 1794 1765
f 1765 1794 1795
f 1765 1795 1766
f 1766 1795 1796
f 1766 1796 1767
f 1767 1796 1797
f 1767 1797 1768
f 1768 1797 1798
f 1768 1798 1769
f 1769 1798 1799
f 1769 1799 1770
f 1770 1799 1800
f 1801 1802 1831
f 1802 1832 1831
f 1802 1803 1832
f 1803 1833 1832
f 1803 1804 1833
f 1804 1834 1833
f 1804 1805 1834
f 1805 1835 1834
f 1805 1806 1835
f 1806 1836 1835
f 1806 1807 1836
f 1807 1837 1836
f 1807 1808 1837
f 1808 1838 1837
f 1808 1809 1838
f 1809 1839 1838
f 1809 1810 1839
f 1810 1840 1839
f 1810 1811 1840
f 1811 1841 1840
f 1811 1812 1841
f 1812 1842 1841
f 1812 1813 1842
f 1813 1843 1842
f 1813 1814 1843
f 1814 1844 1843
f 1814 1815 1844
f 1815 1845 1844
f 1815 1816 1845
f 1816 1846 1845
f 1816 1817 1846
f 1817 1847 1846
f 1817 1818 1847
f 1818 1848 1847
f 1818 1819 1848
f 1819 1849 1848
f 1819 1820 1849
f 1820 1850 1849
f 1820 1821 1850
f 1821 1851 1850
f 1821 1822 1851
f 1822 1852 1851
f 1822 1823 1852
f 1823 1853 1852
f 1823 1824 1853
f 1824 1854 1853
f 1824 1825 1854
f 1825 1855 1854
f 1825 1826 1855
f 1826 1856 1855
f 1826 1827 1856
f 1827 1857 1856
f 1827 1828 1857
f 1828 1858 1857
f 1828 1829 1858
f 1829 1859 1858
f 1829 1830 1859
f 1830 1860 1859
f 1831 1832 1861
f 1832 1862 1861
f 1832 1833 1862
f 1833 1863 1862
f 1833 1834 1863
f 1834 1864 1863
f 1834 1835 1864
f 1835 1865 1864
f 1835 1836 1865
f 1836 1866 1865
f 1836 1837 1866
f 1837 1867 1866
f 1837 1838 1867
f 1838 1868 1867
f 1838 1839 1868
f 1839 1869 1868
f 1839 1840 1869
f 1840 1870 1869
f 1840 1841 1870
f 1841 1871 1870
f 1841 1842 1871
f 1842 1872 1871
f 1842 1843 1872
f 1843 1873 1872
f 1843 1844 1873
f 1844 1874 1873
f 1844 1845 1874
f 1845 1875 1874
f 1845 1846 1875
f 1846 1876 1875
f 1846 1847 1876
f 1847 1877 1876
f 1847 1848 1877
f 1848 1878 1877
f 1848 1849 1878
f 1849 1879 1878
f 1849 1850 1879
f 1850 1880 1879
f 1850 1851 1880
f 1851 1881 1880
f 1851 1852 1881
f 1852 1882 1881
f 1852 1853 1882
f 1853 1883 1882
f 1853 1854 1883
f 1854 1884 1883
f 1854 1855 1884
f 1855 1885 1884
f 1855 1856 1885
f 1856 1886 1885
f 1856 1857 1886
f 1857 1887 1886
f 1857 1858 1887
f 1858 1888 1887
f 1858 1859 1888
f 1859 1889 1888
f 1859 1860 1889
f 1860 1890 1889
f 1861 1862 1891
f 1862 1892 1891
f 1862 1863 1892
f 1863 1893 1892
f 1863 1864 1893
f 1864 1894 1893
f 1864 1865 1894
f 1865 1895 1894
f 1865 1866 1895
f 1866 1896 1895
f 1866 1867 1896
f 1867 1897 1896
f 1867 1868 1897
f 1868 1898 1897
f 1868 1869 1898
f 1869 1899 1898
f 1869 1870 1899
f 1870 1900 1899
f 1870 1871 1900
f 1871 1901 1900
f 1871 1872 1901
f 1872 1902 1901
f 1872 1873 1902
f 1873 1903 1902
f 1873 1874 1903
f 1874 1904 1903
f 1874 1875 1904
f 1875 1905 1904
f 1875 1876 1905
f 1876 1906 1905
f 1876 1877 1906
f 1877 1907 1906
f 1877 1878 1907
f 1878 1908 1907
f 1878 1879 1908
f 1879 1909 1908
f 1879 1880 1909
f 1880 1910 1909
f 1880 1881 1910
f 1881 1911 1910
f 1881 1882 1911
f 1882 1912 1911
f 1882 1883 1912
f 1883 1913 1912
f 1883 1884 1913
f 1884 1914 1913
f 1884 1885 1914
f 1885 1915 1914
f 1885 1886 1915
f 1886 1916 1915
f 1886 1887 1916
f 1887 1917 1916
f 1887 1888 1917
f 1888 1918 1917
f 1888 1889 1918
f 1889 1919 1918
f 1889 1890 1919
f 1890 1920 1919
f 1891 1892 1921
f 1892 1922 1921
f 1892 1893 1922
f 1893 1923 1922
f 1893 1894 1923
f 1894 1924 1923
f 1894 1895 1924
f 1895 1925 1924
f 1895 1896 1925
f 1896 1926 1925
f 1896 1897 1926
f 1897 1927 1926
f 1897 1898 1927
f 1898 1928 1927
f 1898 1899 1928
f 1899 1929 1928
f 1899 1900 1929
f 1900 1930 1929
f 1900 1901 1930
f 1901 1931 1930
f 1901 1902 1931
f 1902 1932 1931
f 1902 1903 1932
f 1903 1933 1932
f 1903 1904 1933
f 1904 1934 1933
f 1904 1905 1934
f 1905 1935 1934
f 1905 1906 1935
f 1906 1936 1935
f 1906 1907 1936
f 1907 1937 1936
f 1907 1908 1937
f 1908 1938 1937
f 1908 1909 1938
f 1909 1939 1938
f 1909 1910 1939
f 1910 1940 1939
f 1910 1911 1940
f 1911 1941 1940
f 1911 1912 1941
f 1912 1942 1941
f 1912 1913 1942
f 1913 1943 1942
f 1913 1914 1943
f 1914 1944 1943
f 1914 1915 1944
f 1915 1945 1944
f 1915 1916 1945
f 1916 1946 1945
f 1916 1917 1946
f 1917 1947 1946
f 1917 1918 1947
f 1918 1948 1947
f 1918 1919 1948
f 1919 1949 1948
f 1919 1920 1949
f 1920 1950 1949
f 1921 1922 1951
f 1922 1952 1951
f 1922 1923 1952
f 1923 1953 1952
f 1923 1924 1953
f 1924 1954 1953
f 1924 1925 1954
f 1925 1955 1954
f 1925 1926 1955
f 1926 1956 1955
f 1926 1927 1956
f 1927 1957 1956
f 1927 1928 1957
f 1928 1958 1957
f 1928 1929 1958
f 1929 1959 1958
f 1929 1930 1959
f 1930 1960 1959
f 1930 1931 1960
f 1931 1961 1960
f 1931 1932 1961
f 1932 1962 1961
f 1932 1933 1962
f 1933 1963 1962
f 1933 1934 1963
f 1934 1964 1963
f 1934 1935 1964
f 1935 1965 1964
f 1935 1936 1965
f 1936 1966 1965
f 1936 1937 1966
f 1937 1967 1966
f 1937 1938 1967
f 1938 1968 1967
f 1938 1939 1968
f 1939 1969 1968
f 1939 1940 1969
f 1940 1970 1969
f 1940 1941 1970
f 1941 1971 1970
f 1941 1942 1971
f 1942 1972 1971
f 1942 1943 1972
f 1943 1973 1972
f 1943 1944 1973
f 1944 1974 1973
f 1944 1945 1974
f 1945 1975 1974
f 1945 1946 1975
f 1946 1976 1975
f 1946 1947 1976
f 1947 1977 1976
f 1947 1948 1977
f 1948 1978 1977
f 1948 1949 1978
f 1949 1979 1978
f 1949 1950 1979
f 1950 1980 1979
f 1951 1952 1981
f 1952 1982 1981
f 1952 1953 1982
f 1953 1983 1982
f 1953 1954 1983
f 1954 1984 1983
f 1954 1955 1984
f 1955 1985 1984
f 1955 1956 1985
f 1956 1986 1985
f 1956 1957 1986
f 1957 1987 1986
f 1957 1958 1987
f 1958 1988 1987
f 1958 1959 1988
f 1959 1989 1988
f 1959 1960 1989
f 1960 1990 1989
f 1960 1961 1990
f 1961 1991 1990
f 1961 1962 1991
f 1962 1992 1991
f 1962 1963 1992
f 1963 1993 1992
f 1963 1964 1993
f 1964 1994 1993
f 1964 1965 1994
f 1965 1995 1994
f 1965 1966 1995
f 1966 1996 1995
f 1966 1967 1996
f 1967 1997 1996
f 1967 1968 1997
f 1968 1998 1997
f 1968 1969 1998
f 1969 1999 1998
f 1969 1970 1999
f 1970 2000 1999
f 1970 1971 2000
f 1971 2001 2000
f 1971 1972 2001
f 1972 2002 2001
f 1972 1973 2002
f 1973 2003 2002
f 1973 1974 2003
f 1974 2004 2003
f 1974 1975 2004
f 1975 2005 2004
f 1975 1976 2005
f 1976 2006 2005
f 1976 1977 2006
f 1977 2007 2006
f 1977 1978 2007
f 1978 2008 2007
f 1978 1979 2008
f 1979 2009 2008
f 1979 1980 2009
f 1980 2010 2009
f 1981 1982 2011
f 1982 2012 2011
f 1982 1983 2012
f 1983 2013 2012
f 1983 1984 2013
f 1984 2014 2013
f 1984 1985 2014
f 1985 2015 2014
f 1985 1986 2015
f 1986 2016 2015
f 1986 1987 2016
f 1987 2017 2016
f 1987 1988 2017
f 1988 2018 2017
f 1988 1989 2018
f 1989 2019 2018
f 1989 1990 2019
f 1990 2020 2019
f 1990 1991 2020
f 1991 2021 2020
f 1991 1992 2021
f 1992 2022 2021
f 1992 1993 2022
f 1993 2023 2022
f 1993 1994 2023
f 1994 2024 2023
f 1994 1995 2024
f 1995 2025 2024
f 1995 1996 2025
f 1996 2026 2025
f 1996 1997 2026
f 1997 2027 2026
f 1997 1998 2027
f 1998 2028 2027
f 1998 1999 2028
f 1999 2029 2028
f 1999 2000 2029
f 2000 2030 2029
f 2000 2001 2030
f 2001 2031 2030
f 2001 2002 2031
f 2002 2032 2031
f 2002 2003 2032
f 2003 2033 2032
f 2003 2004 2033
f 2004 2034 2033
f 2004 2005 2034
f 2005 2035 2034
f 2005 2006 2035
f 2006 2036 2035
f 2006 2007 2036
f 2007 2037 2036
f 2007 2008 2037
f 2008 2038 2037
f 2008 2009 2038
f 2009 2039 2038
f 2009 2010 2039
f 2010 2040 2039
f 2011 2012 2041
f 2012 2042 2041
f 2012 2013 2042
f 2013 2043 2042
f 2013 2014 2043
f 2014 2044 2043
f 2014 2015 2044
f 2015 2045 2044
f 2015 2016 2045
f 2016 2046 2045
f 2016 2017 2046
f 2017 2047 2046
f 2017 2018 2047
f 2018 2048 2047
f 2018 2019 2048
f 2019 2049 2048
f 2019 2020 2049
f 2020 2050 2049
f 2020 2021 2050
f 2021 2051 2050
f 2021 2022 2051
f 2022 2052 2051
f 2022 2023 2052
f 2023 2053 2052
f 2023 2024 2053
f 2024 2054 2053
f 2024 2025 2054
f 2025 2055 2054
f 2025 2026 2055
f 2026 2056 2055
f 2026 2027 2056
f 2027 2057 2056
f 2027 2028 2057
f 2028 2058 2057
f 2028 2029 2058
f 2029 2059 2058
f 2029 2030 2059
f 2030 2060 2059
f 2030 2031 2060
f 2031 2061 2060
f 2031 2032 2061
f 2032 2062 2061
f 2032 2033 2062
f 2033 2063 2062
f 2033 2034 2063
f 2034 2064 2063
f 2034 2035 2064
f 2035 2065 2064
f 2035 2036 2065
f 2036 2066 2065
f 2036 2037 2066
f 2037 2067 2066
f 2037 2038 2067
f 2038 2068 2067
f 2038 2039 2068
f 2039 2069 2068
f 2039 2040 2069
f 2040 2070 2069
f 2041 2042 2071
f 2042 2072 2071
f 2042 2043 2072
f 2043 2073 2072
f 2043 2044 2073
f 2044 2074 2073
f 2044 2045 2074
f 2045 2075 2074
f 2045 2046 2075
f 2046 2076 2075
f 2046 2047 2076
f 2047 2077 2076
f 2047 2048 2077
f 2048 2078 2077
f 2048 2049 2078
f 2049 2079 2078
f 2049 2050 2079
f 2050 2080 2079
f 2050 2051 2080
f 2051 2081 2080
f 2051 2052 2081
f 2052 2082 2081
f 2052 2053 2082
f 2053 2083 2082
f 2053 2054 2083
f 2054 2084 2083
f 2054 2055 2084
f 2055 2085 2084
f 2055 2056 2085
f 2056 2086 2085
f 2056 2057 2086
f 2057 2087 2086
f 2057 2058 2087
f 2058 2088 2087
f 2058 2059 2088
f 2059 2089 2088
f 2059 2060 2089
f 2060 2090 2089
f 2060 2061 2090
f 2061 2091 2090
f 2061 2062 2091
f 2062 2092 2091
f 2062 2063 2092
f 2063 2093 2092
f 2063 2064 2093
f 2064 2094 2093
f 2064 2065 2094
f 2065 2095 2094
f 2065 2066 2095
f 2066 2096 2095
f 2066 2067 2096
f 2067 2097 2096
f 2067 2068 2097
f 2068 2098 2097
f 2068 2069 2098
f 2069 2099 2098
f 2069 2070 2099
f 2070 2100 2099
f 2071 2072 2101
f 2072 2102 2101
f 2072 2073 2102
f 2073 2103 2102
f 2073 2074 2103
f 2074 2104 2103
f 2074 2075 2104
f 2075 2105 2104
f 2075 2076 2105
f 2076 2106 2105
f 2076 2077 2106
f 2077 2107 2106
f 2077 2078 2107
f 2078 2108 2107
f 2078 2079 2108
f 2079 2109 2108
f 2079 2080 2109
f 2080 2110 2109
f 2080 2081 2110
f 2081 2111 2110
f 2081 2082 2111
f 2082 2112 2111
f 2082 2083 2112
f 2083 2113 2112
f 2083 2084 2113
f 2084 2114 2113
f 2084 2085 2114
f 2085 2115 2114
f 2085 2086 2115
f 2086 2116 2115
f 2086 2087 2116
f 2087 2117 2116
f 2087 2088 2117
f 2088 2118 2117
f 2088 2089 2118
f 2089 2119 2118
f 2089 2090 2119
f 2090 2120 2119
f 2090 2091 2120
f 2091 2121 2120
f 2091 2092 2121
f 2092 2122 2121
f 2092 2093 2122
f 2093 2123 2122
f 2093 2094 2123
f 2094 2124 2123
f 2094 2095 2124
f 2095 2125 2124
f 2095 2096 2125
f 2096 2126 2125
f 2096 2097 2126
f 2097 2127 2126
f 2097 2098 2127
f 2098 2128 2127
f 2098 2099 2128
f 2099 2129 2128
f 2099 2100 2129
f 2100 2130 2129
f 2101 2102 2131
f 2102 2132 2131
f 2102 2103 2132
f 2103 2133 2132
f 2103 2104 2133
f 2104 2134 2133
f 2104 2105 2134
f 2105 2135 2134
f 2105 2106 2135
f 2106 2136 2135
f 2106 2107 2136
f 2107 2137 2136
f 2107 2108 2137
f 2108 2138 2137
f 2108 2109 2138
f 2109 2139 2138
f 2109 2110 2139
f 2110 2140 2139
f 2110 2111 2140
f 2111 2141 2140
f 2111 2112 2141
f 2112 2142 2141
f 2112 2113 2142
f 2113 2143 2142
f 2113 2114 2143
f 2114 2144 2143
f 2114 2115 2144
f 2115 2145 2144
f 2115 2116 2145
f 2116 2146 2145
f 2116 2117 2146
f 2117 2147 2146
f 2117 2118 2147
f 2118 2148 2147
f 2118 2119 2148
f 2119 2149 2148
f 2119 2120 2149
f 2120 2150 2149
f 2120 2121 2150
f 2121 2151 2150
f 2121 2122 2151
f 2122 2152 2151
f 2122 2123 2152
f 2123 2153 2152
f 2123 2124 2153
f 2124 2154 2153
f 2124 2125 2154
f 2125 2155 2154
f 2125 2126 2155
f 2126 2156 2155
f 2126 2127 2156
f 2127 2157 2156
f 2127 2128 2157
f 2128 2158 2157
f 2128 2129 2158
f 2129 2159 2158
f 2129 2130 2159
f 2130 2160 2159
f 2131 2132 2161
f 2132 2162 2161
f 2132 2133 2162
f 2133 2163 2162
f 2133 2134 2163
f 2134 2164 2163
f 2134 2135 2164
f 2135 2165 2164
f 2135 2136 2165
f 2136 2166 2165
f 2136 2137 2166
f 2137 2167 2166
f 2137 2138 2167
f 2138 2168 2167
f 2138 2139 2168
f 2139 2169 2168
f 2139 2140 2169
f 2140 2170 2169
f 2140 2141 2170
f 2141 2171 2170
f 2141 2142 2171
f 2142 2172 2171
f 2142 2143 2172
f 2143 2173 2172
f 2143 2144 2173
f 2144 2174 2173
f 2144 2145 2174
f 2145 2175 2174
f 2145 2146 2175
f 2146 2176 2175
f 2146 2147 2176
f 2147 2177 2176
f 2147 2148 2177
f 2148 2178 2177
f 2148 2149 2178
f 2149 2179 2178
f 2149 2150 2179
f 2150 2180 2179
f 2150 2151 2180
f 2151 2181 2180
f 2151 2152 2181
f 2152 2182 2181
f 2152 2153 2182
f 2153 2183 2182
f 2153 2154 2183
f 2154 2184 2183
f 2154 2155 2184
f 2155 2185 2184
f 2155 2156 2185
f 2156 2186 2185
f 2156 2157 2186
f 2157 2187 2186
f 2157 2158 2187
f 2158 2188 2187
f 2158 2159 2188
f 2159 2189 2188
f 2159 2160 2189
f 2160 2190 2189
f 2161 2162 2191
f 2162 2192 2191
f 2162 2163 2192
f 2163 2193 2192
f 2163 2164 2193
f 2164 2194 2193
f 2164 2165 2194
f 2165 2195 2194
f 2165 2166 2195
f 2166 2196 2195
f 2166 2167 2196
f 2167 2197 2196
f 2167 2168 2197
f 2168 2198 2197
f 2168 2169 2198
f 2169 2199 2198
f 2169 2170 2199
f 2170 2200 2199
f 2170 2171 2200
f 2171 2201 2200
f 2171 2172 2201
f 2172 2202 2201
f 2172 2173 2202
f 2173 2203 2202
f 2173 2174 2203
f 2174 2204 2203
f 2174 2175 2204
f 2175 2205 2204
f 2175 2176 2205
f 2176 2206 2205
f 2176 2177 2206
f 2177 2207 2206
f 2177 2178 2207
f 2178 2208 2207
f 2178 2179 2208
f 2179 2209 2208
f 2179 2180 2209
f 2180 2210 2209
f 2180 2181 2210
f 2181 2211 2210
f 2181 2182 2211
f 2182 2212 2211
f 2182 2183 2212
f 2183 2213 2212
f 2183 2184 2213
f 2184 2214 2213
f 2184 2185 2214
f 2185 2215 2214
f 2185 2186 2215
f 2186 2216 2215
f 2186 2187 2216
f 2187 2217 2216
f 2187 2188 2217
f 2188 2218 2217
f 2188 2189 2218
f 2189 2219 2218
f 2189 2190 2219
f 2190 2220 2219
f 2191 2192 2221
f 2192 2222 2221
f 2192 2193 2222
f 2193 2223 2222
f 2193 2194 2223
f 2194 2224 2223
f 2194 2195 2224
f 2195 2225 2224
f 2195 2196 2225
f 2196 2226 2225
f 2196 2197 2226
f 2197 2227 2226
f 2197 2198 2227
f 2198 2228 2227
f 2198 2199 2228
f 2199 2229 2228
f 2199 2200 2229
f 2200 2230 2229
f 2200 2201 2230
f 2201 2231 2230
f 2201 2202 2231
f 2202 2232 2231
f 2202 2203 2232
f 2203 2233 2232
f 2203 2204 2233
f 2204 2234 2233
f 2204 2205 2234
f 2205 2235 2234
f 2205 2206 2235
f 2206 2236 2235
f 2206 2207 2236
f 2207 2237 2236
f 2207 2208 2237
f 2208 2238 2237
f 2208 2209 2238
f 2209 2239 2238
f 2209 2210 2239
f 2210 2240 2239
f 2210 2211 2240
f 2211 2241 2240
f 2211 2212 2241
f 2212 2242 2241
f 2212 2213 2242
f 2213 2243 2242
f 2213 2214 2243
f 2214 2244 2243
f 2214 2215 2244
f 2215 2245 2244
f 2215 2216 2245
f 2216 2246 2245
f 2216 2217 2246
f 2217 2247 2246
f 2217 2218 2247
f 2218 2248 2247
f 2218 2219 2248
f 2219 2249 2248
f 2219 2220 2249
f 2220 2250 2249
f 2221 2222 2251
f 2222 2252 2251
f 2222 2223 2252
f 2223 2253 2252
f 2223 2224 2253
f 2224 2254 2253
f 2224 2225 2254
f 2225 2255 2254
f 2225 2226 2255
f 2226 2256 2255
f 2226 2227 2256
f 2227 2257 2256
f 2227 2228 2257
f 2228 2258 2257
f 2228 2229 2258
f 2229 2259 2258
f 2229 2230 2259
f 2230 2260 2259
f 2230 2231 2260
f 2231 2261 2260
f 2231 2232 2261
f 2232 2262 2261
f 2232 2233 2262
f 2233 2263 2262
f 2233 2234 2263
f 2234 2264 2263
f 2234 2235 2264
f 2235 2265 2264
f 2235 2236 2265
f 2236 2266 2265
f 2236 2237 2266
f 2237 2267 2266
f 2237 2238 2267
f 2238 2268 2267
f 2238 2239 2268
f 2239 2269 2268
f 2239 2240 2269
f 2240 2270 2269
f 2240 2241 2270
f 2241 2271 2270
f 2241 2242 2271
f 2242 2272 2271
f 2242 2243 2272
f 2243 2273 2272
f 2243 2244 2273
f 2244 2274 2273
f 2244 2245 2274
f 2245 2275 2274
f 2245 2246 2275
f 2246 2276 2275
f 2246 2247 2276
f 2247 2277 2276
f 2247 2248 2277
f 2248 2278 2277
f 2248 2249 2278
f 2249 2279 2278
f 2249 2250 2279
f 2250 2280 2279
f 2251 2252 2281
f 2252 2282 2281
f 2252 2253 2282
f 2253 2283 2282
f 2253 2254 2283
f 2254 2284 2283
f 2254 2255 2284
f 2255 2285 2284
f 2255 2256 2285
f 2256 2286 2285
f 2256 2257 2286
f 2257 2287 2286
f 2257 2258 2287
f 2258 2288 2287
f 2258 2259 2288
f 2259 2289 2288
f 2259 2260 2289
f 2260 2290 2289
f 2260 2261 2290
f 2261 2291 2290
f 2261 2262 2291
f 2262 2292 2291
f 2262 2263 2292
f 2263 2293 2292
f 2263 2264 2293
f 2264 2294 2293
f 2264 2265 2294
f 2265 2295 2294
f 2265 2266 2295
f 2266 2296 2295
f 2266 2267 2296
f 2267 2297 2296
f 2267 2268 2297
f 2268 2298 2297
f 2268 2269 2298
f 2269 2299 2298
f 2269 2270 2299
f 2270 2300 2299
f 2270 2271 2300
f 2271 2301 2300
f 2271 2272 2301
f 2272 2302 2301
f 2272 2273 2302
f 2273 2303 2302
f 2273 2274 2303
f 2274 2304 2303
f 2274 2275 2304
f 2275 2305 2304
f 2275 2276 2305
f 2276 2306 2305
f 2276 2277 2306
f 2277 2307 2306
f 2277 2278 2307
f 2278 2308 2307
f 2278 2279 2308
f 2279 2309 2308
f 2279 2280 2309
f 2280 2310 2309
f 2281 2282 2311
f 2282 2312 2311
f 2282 2283 2312
f 2283 2313 2312
f 2283 2284 2313
f 2284 2314 2313
f 2284 2285 2314
f 2285 2315 2314
f 2285 2286 2315
f 2286 2316 2315
f 2286 2287 2316
f 2287 2317 2316
f 2287 2288 2317
f 2288 2318 2317
f 2288 2289 2318
f 2289 2319 2318
f 2289 2290 2319
f 2290 2320 2319
f 2290 2291 2320
f 2291 2321 2320
f 2291 2292 2321
f 2292 2322 2321
f 2292 2293 2322
f 2293 2323 2322
f 2293 2294 2323
f 2294 2324 2323
f 2294 2295 2324
f 2295 2325 2324
f 2295 2296 2325
f 2296 2326 2325
f 2296 2297 2326
f 2297 2327 2326
f 2297 2298 2327
f 2298 2328 2327
f 2298 2299 2328
f 2299 2329 2328
f 2299 2300 2329
f 2300 2330 2329
f 2300 2301 2330
f 2301 2331 2330
f 2301 2302 2331
f 2302 2332 2331
f 2302 2303 2332
f 2303 2333 2332
f 2303 2304 2333
f 2304 2334 2333
f 2304 2305 2334
f 2305 2335 2334
f 2305 2306 2335
f 2306 2336 2335
f 2306 2307 2336
f 2307 2337 2336
f 2307 2308 2337
f 2308 2338 2337
f 2308 2309 2338
f 2309 2339 2338
f 2309 2310 2339
f 2310 2340 2339
f 2311 2312 2341
f 2312 2342 2341
f 2312 2313 2342
f 2313 2343 2342
f 2313 2314 2343
f 2314 2344 2343
f 2314 2315 2344
f 2315 2345 2344
f 2315 2316 2345
f 2316 2346 2345
f 2316 2317 2346
f 2317 2347 2346
f 2317 2318 2347
f 2318 2348 2347
f 2318 2319 2348
f 2319 2349 2348
f 2319 2320 2349
f 2320 2350 2349
f 2320 2321 2350
f 2321 2351 2350
f 2321 2322 2351
f 2322 2352 2351
f 2322 2323 2352
f 2323 2353 2352
f 2323 2324 2353
f 2324 2354 2353
f 2324 2325 2354
f 2325 2355 2354
f 2325 2326 2355
f 2326 2356 2355
f 2326 2327 2356
f 2327 2357 2356
f 2327 2328 2357
f 2328 2358 2357
f 2328 2329 2358
f 2329 2359 2358
f 2329 2330 2359
f 2330 2360 2359
f 2330 2331 2360
f 2331 2361 2360
f 2331 2332 2361
f 2332 2362 2361
f 2332 2333 2362
f 2333 2363 2362
f 2333 2334 2363
f 2334 2364 2363
f 2334 2335 2364
f 2335 2365 2364
f 2335 2336 2365
f 2336 2366 2365
f 2336 2337 2366
f 2337 2367 2366
f 2337 2338 2367
f 2338 2368 2367
f 2338 2339 2368
f 2339 2369 2368
f 2339 2340 2369
f 2340 2370 2369
f 2341 2342 2371
f 2342 2372 2371
f 2342 2343 2372
f 2343 2373 2372
f 2343 2344 2373
f 2344 2374 2373
f 2344 2345 2374
f 2345 2375 2374
f 2345 2346 2375
f 2346 2376 2375
f 2346 2347 2376
f 2347 2377 2376
f 2347 2348 2377
f 2348 2378 2377
f 2348 2349 2378
f 2349 2379 2378
f 2349 2350 2379
f 2350 2380 2379
f 2350 2351 2380
f 2351 2381 2380
f 2351 2352 2381
f 2352 2382 2381
f 2352 2353 2382
f 2353 2383 2382
f 2353 2354 2383
f 2354 2384 2383
f 2354 2355 2384
f 2355 2385 2384
f 2355 2356 2385
f 2356 2386 2385
f 2356 2357 2386
f 2357 2387 2386
f 2357 2358 2387
f 2358 2388 2387
f 2358 2359 2388
f 2359 2389 2388
f 2359 2360 2389
f 2360 2390 2389
f 2360 2361 2390
f 2361 2391 2390
f 2361 2362 2391
f 2362 2392 2391
f 2362 2363 2392
f 2363 2393 2392
f 2363 2364 2393
f 2364 2394 2393
f 2364 2365 2394
f 2365 2395 2394
f 2365 2366 2395
f 2366 2396 2395
f 2366 2367 2396
f 2367 2397 2396
f 2367 2368 2397
f 2368 2398 2397
f 2368 2369 2398
f 2369 2399 2398
f 2369 2370 2399
f 2370 2400 2399
f 2371 2372 2401
f 2372 2402 2401
f 2372 2373 2402
f 2373 2403 2402
f 2373 2374 2403
f 2374 2404 2403
f 2374 2375 2404
f 2375 2405 2404
f 2375 2376 2405
f 2376 2406 2405
f 2376 2377 2406
f 2377 2407 2406
f 2377 2378 2407
f 2378 2408 2407
f 2378 2379 2408
f 2379 2409 2408
f 2379 2380 2409
f 2380 2410 2409
f 2380 2381 2410
f 2381 2411 2410
f 2381 2382 2411
f 2382 2412 2411
f 2382 2383 2412
f 2383 2413 2412
f 2383 2384 2413
f 2384 2414 2413
f 2384 2385 2414
f 2385 2415 2414
f 2385 2386 2415
f 2386 2416 2415
f 2386 2387 2416
f 2387 2417 2416
f 2387 2388 2417
f 2388 2418 2417
f 2388 2389 2418
f 2389 2419 2418
f 2389 2390 2419
f 2390 2420 2419
f 2390 2391 2420
f 2391 2421 2420
f 2391 2392 2421
f 2392 2422 2421
f 2392 2393 2422
f 2393 2423 2422
f 2393 2394 2423
f 2394 2424 2423
f 2394 2395 2424
f 2395 2425 2424
f 2395 2396 2425
f 2396 2426 2425
f 2396 2397 2426
f 2397 2427 2426
f 2397 2398 2427
f 2398 2428 2427
f 2398 2399 2428
f 2399 2429 2428
f 2399 2400 2429
f 2400 2430 2429
f 2401 2402 2431
f 2402 2432 2431
f 2402 2403 2432
f 2403 2433 2432
f 2403 2404 2433
f 2404 2434 2433
f 2404 2405 2434
f 2405 2435 2434
f 2405 2406 2435
f 2406 2436 2435
f 2406 2407 2436
f 2407 2437 2436
f 2407 2408 2437
f 2408 2438 2437
f 2408 2409 2438
f 2409 2439 2438
f 2409 2410 2439
f 2410 2440 2439
f 2410 2411 2440
f 2411 2441 2440
f 2411 2412 2441
f 2412 2442 2441
f 2412 2413 2442
f 2413 2443 2442
f 2413 2414 2443
f 2414 2444 2443
f 2414 2415 2444
f 2415 2445 2444
f 2415 2416 2445
f 2416 2446 2445
f 2416 2417 2446
f 2417 2447 2446
f 2417 2418 2447
f 2418 2448 2447
f 2418 2419 2448
f 2419 2449 2448
f 2419 2420 2449
f 2420 2450 2449
f 2420 2421 2450
f 2421 2451 2450
f 2421 2422 2451
f 2422 2452 2451
f 2422 2423 2452
f 2423 2453 2452
f 2423 2424 2453
f 2424 2454 2453
f 2424 2425 2454
f 2425 2455 2454
f 2425 2426 2455
f 2426 2456 2455
f 2426 2427 2456
f 2427 2457 2456
f 2427 2428 2457
f 2428 2458 2457
f 2428 2429 2458
f 2429 2459 2458
f 2429 2430 2459
f 2430 2460 2459
f 2431 2432 2461
f 2432 2462 2461
f 2432 2433 2462
f 2433 2463 2462
f 2433 2434 2463
f 2434 2464 2463
f 2434 2435 2464
f 2435 2465 2464
f 2435 2436 2465
f 2436 2466 2465
f 2436 2437 2466
f 2437 2467 2466
f 2437 2438 2467
f 2438 2468 2467
f 2438 2439 2468
f 2439 2469 2468
f 2439 2440 2469
f 2440 2470 2469
f 2440 2441 2470
f 2441 2471 2470
f 2441 2442 2471
f 2442 2472 2471
f 2442 2443 2472
f 2443 2473 2472
f 2443 2444 2473
f 2444 2474 2473
f 2444 2445 2474
f 2445 2475 2474
f 2445 2446 2475
f 2446 2476 2475
f 2446 2447 2476
f 2447 2477 2476
f 2447 2448 2477
f 2448 2478 2477
f 2448 2449 2478
f 2449 2479 2478
f 2449 2450 2479
f 2450 2480 2479
f 2450 2451 2480
f 2451 2481 2480
f 2451 2452 2481
f 2452 2482 2481
f 2452 2453 2482
f 2453 2483 2482
f 2453 2454 2483
f 2454 2484 2483
f 2454 2455 2484
f 2455 2485 2484
f 2455 2456 2485
f 2456 2486 2485
f 2456 2457 2486
f 2457 2487 2486
f 2457 2458 2487
f 2458 2488 2487
f 2458 2459 2488
f 2459 2489 2488
f 2459 2460 2489
f 2460 2490 2489
f 2461 2462 2491
f 2462 2492 2491
f 2462 2463 2492
f 2463 2493 2492
f 2463 2464 2493
f 2464 2494 2493
f 2464 2465 2494
f 2465 2495 2494
f 2465 2466 2495
f 2466 2496 2495
f 2466 2467 2496
f 2467 2497 2496
f 2467 2468 2497
f 2468 2498 2497
f 2468 2469 2498
f 2469 2499 2498
f 2469 2470 2499
f 2470 2500 2499
f 2470 2471 2500
f 2471 2501 2500
f 2471 2472 2501
f 2472 2502 2501
f 2472 2473 2502
f 2473 2503 2502
f 2473 2474 2503
f 2474 2504 2503
f 2474 2475 2504
f 2475 2505 2504
f 2475 2476 2505
f 2476 2506 2505
f 2476 2477 2506
f 2477 2507 2506
f 2477 2478 2507
f 2478 2508 2507
f 2478 2479 2508
f 2479 2509 2508
f 2479 2480 2509
f 2480 2510 2509
f 2480 2481 2510
f 2481 2511 2510
f 2481 2482 2511
f 2482 2512 2511
f 2482 2483 2512
f 2483 2513 2512
f 2483 2484 2513
f 2484 2514 2513
f 2484 2485 2514
f 2485 2515 2514
f 2485 2486 2515
f 2486 2516 2515
f 2486 2487 2516
f 2487 2517 2516
f 2487 2488 2517
f 2488 2518 2517
f 2488 2489 2518
f 2489 2519 2518
f 2489 2490 2519
f 2490 2520 2519
f 2491 2492 2521
f 2492 2522 2521
f 2492 2493 2522
f 2493 2523 2522
f 2493 2494 2523
f 2494 2524 2523
f 2494 2495 2524
f 2495 2525 2524
f 2495 2496 2525
f 2496 2526 2525
f 2496 2497 2526
f 2497 2527 2526
f 2497 2498 2527
f 2498 2528 2527
f 2498 2499 2528
f 2499 2529 2528
f 2499 2500 2529
f 2500 2530 2529
f 2500 2501 2530
f 2501 2531 2530
f 2501 2502 2531
f 2502 2532 2531
f 2502 2503 2532
f 2503 2533 2532
f 2503 2504 2533
f 2504 2534 2533
f 2504 2505 2534
f 2505 2535 2534
f 2505 2506 2535
f 2506 2536 2535
f 2506 2507 2536
f 2507 2537 2536
f 2507 2508 2537
f 2508 2538 2537
f 2508 2509 2538
f 2509 2539 2538
f 2509 2510 2539
f 2510 2540 2539
f 2510 2511 2540
f 2511 2541 2540
f 2511 2512 2541
f 2512 2542 2541
f 2512 2513 2542
f 2513 2543 2542
f 2513 2514 2543
f 2514 2544 2543
f 2514 2515 2544
f 2515 2545 2544
f 2515 2516 2545
f 2516 2546 2545
f 2516 2517 2546
f 2517 2547 2546
f 2517 2518 2547
f 2518 2548 2547
f 2518 2519 2548
f 2519 2549 2548
f 2519 2520 2549
f 2520 2550 2549
f 2521 2522 2551
f 2522 2552 2551
f 2522 2523 2552
f 2523 2553 2552
f 2523 2524 2553
f 2524 2554 2553
f 2524 2525 2554
f 2525 2555 2554
f 2525 2526 2555
f 2526 2556 2555
f 2526 2527 2556
f 2527 2557 2556
f 2527 2528 2557
f 2528 2558 2557
f 2528 2529 2558
f 2529 2559 2558
f 2529 2530 2559
f 2530 2560 2559
f 2530 2531 2560
f 2531 2561 2560
f 2531 2532 2561
f 2532 2562 2561
f 2532 2533 2562
f 2533 2563 2562
f 2533 2534 2563
f 2534 2564 2563
f 2534 2535 2564
f 2535 2565 2564
f 2535 2536 2565
f 2536 2566 2565
f 2536 2537 2566
f 2537 2567 2566
f 2537 2538 2567
f 2538 2568 2567
f 2538 2539 2568
f 2539 2569 2568
f 2539 2540 2569
f 2540 2570 2569
f 2540 2541 2570
f 2541 2571 2570
f 2541 2542 2571
f 2542 2572 2571
f 2542 2543 2572
f 2543 2573 2572
f 2543 2544 2573
f 2544 2574 2573
f 2544 2545 2574
f 2545 2575 2574
f 2545 2546 2575
f 2546 2576 2575
f 2546 2547 2576
f 2547 2577 2576
f 2547 2548 2577
f 2548 2578 2577
f 2548 2549 2578
f 2549 2579 2578
f 2549 2550 2579
f 2550 2580 2579
f 2551 2552 2581
f 2552 2582 2581
f 2552 2553 2582
f 2553 2583 2582
f 2553 2554 2583
f 2554 2584 2583
f 2554 2555 2584
f 2555 2585 2584
f 2555 2556 2585
f 2556 2586 2585
f 2556 2557 2586
f 2557 2587 2586
f 2557 2558 2587
f 2558 2588 2587
f 2558 2559 2588
f 2559 2589 2588
f 2559 2560 2589
f 2560 2590 2589
f 2560 2561 2590
f 2561 2591 2590
f 2561 2562 2591
f 2562 2592 2591
f 2562 2563 2592
f 2563 2593 2592
f 2563 2564 2593
f 2564 2594 2593
f 2564 2565 2594
f 2565 2595 2594
f 2565 2566 2595
f 2566 2596 2595
f 2566 2567 2596
f 2567 2597 2596
f 2567 2568 2597
f 2568 2598 2597
f 2568 2569 2598
f 2569 2599 2598
f 2569 2570 2599
f 2570 2600 2599
f 2570 2571 2600
f 2571 2601 2600
f 2571 2572 2601
f 2572 2602 2601
f 2572 2573 2602
f 2573 2603 2602
f 2573 2574 2603
f 2574 2604 2603
f 2574 2575 2604
f 2575 2605 2604
f 2575 2576 2605
f 2576 2606 2605
f 2576 2577 2606
f 2577 2607 2606
f 2577 2578 2607
f 2578 2608 2607
f 2578 2579 2608
f 2579 2609 2608
f 2579 2580 2609
f 2580 2610 2609
f 2581 2582 2611
f 2582 2612 2611
f 2582 2583 2612
f 2583 2613 2612
f 2583 2584 2613
f 2584 2614 2613
f 2584 2585 2614
f 2585 2615 2614
f 2585 2586 2615
f 2586 2616 2615
f 2586 2587 2616
f 2587 2617 2616
f 2587 2588 2617
f 2588 2618 2617
f 2588 2589 2618
f 2589 2619 2618
f 2589 2590 2619
f 2590 2620 2619
f 2590 2591 2620
f 2591 2621 2620
f 2591 2592 2621
f 2592 2622 2621
f 2592 2593 2622
f 2593 2623 2622
f 2593 2594 2623
f 2594 2624 2623
f 2594 2595 2624
f 2595 2625 2624
f 2595 2596 2625
f 2596 2626 2625
f 2596 2597 2626
f 2597 2627 2626
f 2597 2598 2627
f 2598 2628 2627
f 2598 2599 2628
f 2599 2629 2628
f 2599 2600 2629
f 2600 2630 2629
f 2600 2601 2630
f 2601 2631 2630
f 2601 2602 2631
f 2602 2632 2631
f 2602 2603 2632
f 2603 2633 2632
f 2603 2604 2633
f 2604 2634 2633
f 2604 2605 2634
f 2605 2635 2634
f 2605 2606 2635
f 2606 2636 2635
f 2606 2607 2636
f 2607 2637 2636
f 2607 2608 2637
f 2608 2638 2637
f 2608 2609 2638
f 2609 2639 2638
f 2609 2610 2639
f 2610 2640 2639
f 2611 2612 2641
f 2612 2642 2641
f 2612 2613 2642
f 2613 2643 2642
f 2613 2614 2643
f 2614 2644 2643
f 2614 2615 2644
f 2615 2645 2644
f 2615 2616 2645
f 2616 2646 2645
f 2616 2617 2646
f 2617 2647 2646
f 2617 2618 2647
f 2618 2648 2647
f 2618 2619 2648
f 2619 2649 2648
f 2619 2620 2649
f 2620 2650 2649
f 2620 2621 2650
f 2621 2651 2650
f 2621 2622 2651
f 2622 2652 2651
f 2622 2623 2652
f 2623 2653 2652
f 2623 2624 2653
f 2624 2654 2653
f 2624 2625 2654
f 2625 2655 2654
f 2625 2626 2655
f 2626 2656 2655
f 2626 2627 2656
f 2627 2657 2656
f 2627 2628 2657
f 2628 2658 2657
f 2628 2629 2658
f 2629 2659 2658
f 2629 2630 2659
f 2630 2660 2659
f 2630 2631 2660
f 2631 2661 2660
f 2631 2632 2661
f 2632 2662 2661
f 2632 2633 2662
f 2633 2663 2662
f 2633 2634 2663
f 2634 2664 2663
f 2634 2635 2664
f 2635 2665 2664
f 2635 2636 2665
f 2636 2666 2665
f 2636 2637 2666
f 2637 2667 2666
f 2637 2638 2667
f 2638 2668 2667
f 2638 2639 2668
f 2639 2669 2668
f 2639 2640 2669
f 2640 2670 2669
f 2641 2642 2671
f 2642 2672 2671
f 2642 2643 2672
f 2643 2673 2672
f 2643 2644 2673
f 2644 2674 2673
f 2644 2645 2674
f 2645 2675 2674
f 2645 2646 2675
f 2646 2676 2675
f 2646 2647 2676
f 2647 2677 2676
f 2647 2648 2677
f 2648 2678 2677
f 2648 2649 2678
f 2649 2679 2678
f 2649 2650 2679
f 2650 2680 2679
f 2650 2651 2680
f 2651 2681 2680
f 2651 2652 2681
f 2652 2682 2681
f 2652 2653 2682
f 2653 2683 2682
f 2653 2654 2683
f 2654 2684 2683
f 2654 2655 2684
f 2655 2685 2684
f 2655 2656 2685
f 2656 2686 2685
f 2656 2657 2686
f 2657 2687 2686
f 2657 2658 2687
f 2658 2688 2687
f 2658 2659 2688
f 2659 2689 2688
f 2659 2660 2689
f 2660 2690 2689
f 2660 2661 2690
f 2661 2691 2690
f 2661 2662 2691
f 2662 2692 2691
f 2662 2663 2692
f 2663 2693 2692
f 2663 2664 2693
f 2664 2694 2693
f 2664 2665 2694
f 2665 2695 2694
f 2665 2666 2695
f 2666 2696 2695
f 2666 2667 2696
f 2667 2697 2696
f 2667 2668 2697
f 2668 2698 2697
f 2668 2669 2698
f 2669 2699 2698
f 2669 2670 2699
f 2670 2700 2699
f 2701 2731 2702
f 2702 2731 2732
f 2702 2732 2703
f 2703 2732 2733
f 2703 2733 2704
f 2704 2733 2734
f 2704 2734 2705
f 2705 2734 2735
f 2705 2735 2706
f 2706 2735 2736
f 2706 2736 2707
f 2707 2736 2737
f 2707 2737 2708
f 2708 2737 2738
f 2708 2738 2709
f 2709 2738 2739
f 2709 2739 2710
f 2710 2739 2740
f 2710 2740 2711
f 2711 2740 2741
f 2711 2741 2712
f 2712 2741 2742
f 2712 2742 2713
f 2713 2742 2743
f 2713 2743 2714
f 2714 2743 2744
f 2714 2744 2715
f 2715 2744 2745
f 2715 2745 2716
f 2716 2745 2746
f 2716 2746 2717
f 2717 2746 2747
f 2717 2747 2718
f 2718 2747 2748
f 2718 2748 2719
f 2719 2748 2749
f 2719 2749 2720
f 2720 2749 2750
f 2720 2750 2721
f 2721 2750 2751
f 2721 2751 2722
f 2722 2751 2752
f 2722 2752 2723
f 2723 2752 2753
f 2723 2753 2724
f 2724 2753 2754
f 2724 2754 2725
f 2725 2754 2755
f 2725 2755 2726
f 2726 2755 2756
f 2726 2756 2727
f 2727 2756 2757
f 2727 2757 2728
f 2728 2757 2758
f 2728 2758 2729
f 2729 2758 2759
f 2729 2759 2730
f 2730 2759 2760
f 2731 2761 2732
f 2732 2761 2762
f 2732 2762 2733
f 2733 2762 2763
f 2733 2763 2734
f 2734 2763 2764
f 2734 2764 2735
f 2735 2764 2765
f 2735 2765 2736
f 2736 2765 2766
f 2736 2766 2737
f 2737 2766 2767
f 2737 2767 2738
f 2738 2767 2768
f 2738 2768 2739
f 2739 2768 2769
f 2739 2769 2740
f 2740 2769 2770
f 2740 2770 2741
f 2741 2770 2771
f 2741 2771 2742
f 2742 2771 2772
f 2742 2772 2743
f 2743 2772 2773
f 2743 2773 2744
f 2744 2773 2774
f 2744 2774 2745
f 2745 2774 2775
f 2745 2775 2746
f 2746 2775 2776
f 2746 2776 2747
f 2747 2776 2777
f 2747 2777 2748
f 2748 2777 2778
f 2748 2778 2749
f 2749 2778 2779
f 2749 2779 2750
f 2750 2779 2780
f 2750 2780 2751
f 2751 2780 2781
f 2751 2781 2752
f 2752 2781 2782
f 2752 2782 2753
f 2753 2782 2783
f 2753 2783 2754
f 2754 2783 2784
f 2754 2784 2755
f 2755 2784 2785
f 2755 2785 2756
f 2756 2785 2786
f 2756 2786 2757
f 2757 2786 2787
f 2757 2787 2758
f 2758 2787 2788
f 2758 2788 2759
f 2759 2788 2789
f 2759 2789 2760
f 2760 2789 2790
f 2761 2791 2762
f 2762 2791 2792
f 2762 2792 2763
f 2763 2792 2793
f 2763 2793 2764
f 2764 2793 2794
f 2764 2794 2765
f 2765 2794 2795
f 2765 2795 2766
f 2766 2795 2796
f 2766 2796 2767
f 2767 2796 2797
f 2767 2797 2768
f 2768 2797 2798
f 2768 2798 2769
f 2769 2798 2799
f 2769 2799 2770
f 2770 2799 2800
f 2770 2800 2771
f 2771 2800 2801
f 2771 2801 2772
f 2772 2801 2802
f 2772 2802 2773
f 2773 2802 2803
f 2773 2803 2774
f 2774 2803 2804
f 2774 2804 2775
f 2775 2804 2805
f 2775 2805 2776
f 2776 2805 2806
f 2776 2806 2777
f 2777 2806 2807
f 2777 2807 2778
f 2778 2807 2808
f 2778 2808 2779
f 2779 2808 2809
f 2779 2809 2780
f 2780 2809 2810
f 2780 2810 2781
f 2781 2810 2811
f 2781 2811 2782
f 2782 2811 2812
f 2782 2812 2783
f 2783 2812 2813
f 2783 2813 2784
f 2784 2813 2814
f 2784 2814 2785
f 2785 2814 2815
f 2785 2815 2786
f 2786 2815 2816
f 2786 2816 2787
f 2787 2816 2817
f 2787 2817 2788
f 2788 2817 2818
f 2788 2818 2789
f 2789 2818 2819
f 2789 2819 2790
f 2790 2819 2820
f 2791 2821 2792
f 2792 2821 2822
f 2792 2822 2793
f 2793 2822 2823
f 2793 2823 2794
f 2794 2823 2824
f 2794 2824 2795
f 2795 2824 2825
f 2795 2825 2796
f 2796 2825 2826
f 2796 2826 2797
f 2797 2826 2827
f 2797 2827 2798
f 2798 2827 2828
f 2798 2828 2799
f 2799 2828 2829
f 2799 2829 2800
f 2800 2829 2830
f 2800 2830 2801
f 2801 2830 2831
f 2801 2831 2802
f 2802 2831 2832
f 2802 2832 2803
f 2803 2832 2833
f 2803 2833 2804
f 2804 2833 2834
f 2804 2834 2805
f 2805 2834 2835
f 2805 2835 2806
f 2806 2835 2836
f 2806 2836 2807
f 2807 2836 2837
f 2807 2837 2808
f 2808 2837 2838
f 2808 2838 2809
f 2809 2838 2839
f 2809 2839 2810
f 2810 2839 2840
f 2810 2840 2811
f 2811 2840 2841
f 2811 2841 2812
f 2812 2841 2842
f 2812 2842 2813
f 2813 2842 2843
f 2813 2843 2814
f 2814 2843 2844
f 2814 2844 2815
f 2815 2844 2845
f 2815 2845 2816
f 2816 2845 2846
f 2816 2846 2817
f 2817 2846 2847
f 2817 2847 2818
f 2818 2847 2848
f 2818 2848 2819
f 2819 2848 2849
f 2819 2849 2820
f 2820 2849 2850
f 2821 2851 2822
f 2822 2851 2852
f 2822 2852 2823
f 2823 2852 2853
f 2823 2853 2824
f 2824 2853 2854
f 2824 2854 2825
f 2825 2854 2855
f 2825 2855 2826
f 2826 2855 2856
f 2826 2856 2827
f 2827 2856 2857
f 2827 2857 2828
f 2828 2857 2858
f 2828 2858 2829
f 2829 2858 2859
f 2829 2859 2830
f 2830 2859 2860
f 2830 2860 2831
f 2831 2860 2861
f 2831 2861 2832
f 2832 2861 2862
f 2832 2862 2833
f 2833 2862 2863
f 2833 2863 2834
f 2834 2863 2864
f 2834 2864 2835
f 2835 2864 2865
f 2835 2865 2836
f 2836 2865 2866
f 2836 2866 2837
f 2837 2866 2867
f 2837 2867 2838
f 2838 2867 2868
f 2838 2868 2839
f 2839 2868 2869
f 2839 2869 2840
f 2840 2869 2870
f 2840 2870 2841
f 2841 2870 2871
f 2841 2871 2842
f 2842 2871 2872
f 2842 2872 2843
f 2843 2872 2873
f 2843 2873 2844
f 2844 2873 2874
f 2844 2874 2845
f 2845 2874 2875
f 2845 2875 2846
f 2846 2875 2876
f 2846 2876 2847
f 2847 2876 2877
f 2847 2877 2848
f 2848 2877 2878
f 2848 2878 2849
f 2849 2878 2879
f 2849 2879 2850
f 2850 2879 2880
f 2851 2881 2852
f 2852 2881 2882
f 2852 2882 2853
f 2853 2882 2883
f 2853 2883 2854
f 2854 2883 2884
f 2854 2884 2855
f 2855 2884 2885
f 2855 2885 2856
f 2856 2885 2886
f 2856 2886 2857
f 2857 2886 2887
f 2857 2887 2858
f 2858 2887 2888
f 2858 2888 2859
f 2859 2888 2889
f 2859 2889 2860
f 2860 2889 2890
f 2860 2890 2861
f 2861 2890 2891
f 2861 2891 2862
f 2862 2891 2892
f 2862 2892 2863
f 2863 2892 2893
f 2863 2893 2864
f 2864 2893 2894
f 2864 2894 2865
f 2865 2894 2895
f 2865 2895 2866
f 2866 2895 2896
f 2866 2896 2867
f 2867 2896 2897
f 2867 2897 2868
f 2868 2897 2898
f 2868 2898 2869
f 2869 2898 2899
f 2869 2899 2870
f 2870 2899 2900
f 2870 2900 2871
f 2871 2900 2901
f 2871 2901 2872
f 2872 2901 2902
f 2872 2902 2873
f 2873 2902 2903
f 2873 2903 2874
f 2874 2903 2904
f 2874 2904 2875
f 2875 2904 2905
f 2875 2905 2876
f 2876 2905 2906
f 2876 2906 2877
f 2877 2906 2907
f 2877 2907 2878
f 2878 2907 2908
f 2878 2908 2879
f 2879 2908 2909
f 2879 2909 2880
f 2880 2909 2910
f 2881 2911 2882
f 2882 2911 2912
f 2882 2912 2883
f 2883 2912 2913
f 2883 2913 2884
f 2884 2913 2914
f 2884 2914 2885
f 2885 2914 2915
f 2885 2915 2886
f 2886 2915 2916
f 2886 2916 2887
f 2887 2916 2917
f 2887 2917 2888
f 2888 2917 2918
f 2888 2918 2889
f 2889 2918 2919
f 2889 2919 2890
f 2890 2919 2920
f 2890 2920 2891
f 2891 2920 2921
f 2891 2921 2892
f 2892 2921 2922
f 2892 2922 2893
f 2893 2922 2923
f 2893 2923 2894
f 2894 2923 2924
f 2894 2924 2895
f 2895 2924 2925
f 2895 2925 2896
f 2896 2925 2926
f 2896 2926 2897
f 2897 2926 2927
f 2897 2927 2898
f 2898 2927 2928
f 2898 2928 2899
f 2899 2928 2929
f 2899 2929 2900
f 2900 2929 2930
f 2900 2930 2901
f 2901 2930 2931
f 2901 2931 2902
f 2902 2931 2932
f 2902 2932 2903
f 2903 2932 2933
f 2903 2933 2904
f 2904 2933 2934
f 2904 2934 2905
f 2905 2934 2935
f 2905 2935 2906
f 2906 2935 2936
f 2906 2936 2907
f 2907 2936 2937
f 2907 2937 2908
f 2908 2937 2938
f 2908 2938 2909
f 2909 2938 2939
f 2909 2939 2910
f 2910 2939 2940
f 2911 2941 2912
f 2912 2941 2942
f 2912 2942 2913
f 2913 2942 2943
f 2913 2943 2914
f 2914 2943 2944
f 2914 2944 2915
f 2915 2944 2945
f 2915 2945 2916
f 2916 2945 2946
f 2916 2946 2917
f 2917 2946 2947
f 2917 2947 2918
f 2918 2947 2948
f 2918 2948 2919
f 2919 2948 2949
f 2919 2949 2920
f 2920 2949 2950
f 2920 2950 2921
f 2921 2950 2951
f 2921 2951 2922
f 2922 2951 2952
f 2922 2952 2923
f 2923 2952 2953
f 2923 2953 2924
f 2924 2953 2954
f 2924 2954 2925
f 2925 2954 2955
f 2925 2955 2926
f 2926 2955 2956
f 2926 2956 2927
f 2927 2956 2957
f 2927 2957 2928
f 2928 2957 2958
f 2928 2958 2929
f 2929 2958 2959
f 2929 2959 2930
f 2930 2959 2960
f 2930 2960 2931
f 2931 2960 2961
f 2931 2961 2932
f 2932 2961 2962
f 2932 2962 2933
f 2933 2962 2963
f 2933 2963 2934
f 2934 2963 2964
f 2934 2964 2935
f 2935 2964 2965
f 2935 2965 2936
f 2936 2965 2966
f 2936 2966 2937
f 2937 2966 2967
f 2937 2967 2938
f 2938 2967 2968
f 2938 2968 2939
f 2939 2968 2969
f 2939 2969 2940
f 2940 2969 2970
f 2941 2971 2942
f 2942 2971 2972
f 2942 2972 2943
f 2943 2972 2973
f 2943 2973 2944
f 2944 2973 2974
f 2944 2974 2945
f 2945 2974 2975
f 2945 2975 2946
f 2946 2975 2976
f 2946 2976 2947
f 2947 2976 2977
f 2947 2977 2948
f 2948 2977 2978
f 2948 2978 2949
f 2949 2978 2979
f 2949 2979 2950
f 2950 2979 2980
f 2950 2980 2951
f 2951 2980 2981
f 2951 2981 2952
f 2952 2981 2982
f 2952 2982 2953
f 2953 2982 2983
f 2953 2983 2954
f 2954 2983 2984
f 2954 2984 2955
f 2955 2984 2985
f 2955 2985 2956
f 2956 2985 2986
f 2956 2986 2957
f 2957 2986 2987
f 2957 2987 2958
f 2958 2987 2988
f 2958 2988 2959
f 2959 2988 2989
f 2959 2989 2960
f 2960 2989 2990
f 2960 2990 2961
f 2961 2990 2991
f 2961 2991 2962
f 2962 2991 2992
f 2962 2992 2963
f 2963 2992 2993
f 2963 2993 2964
f 2964 2993 2994
f 2964 2994 2965
f 2965 2994 2995
f 2965 2995 2966
f 2966 2995 2996
f 2966 2996 2967
f 2967 2996 2997
f 2967 2997 2968
f 2968 2997 2998
f 2968 2998 2969
f 2969 2998 2999
f 2969 2999 2970
f 2970 2999 3000
f 2971 3001 2972
f 2972 3001 3002
f 2972 3002 2973
f 2973 3002 3003
f 2973 3003 2974
f 2974 3003 3004
f 2974 3004 2975
f 2975 3004 3005
f 2975 3005 2976
f 2976 3005 3006
f 2976 3006 2977
f 2977 3006 3007
f 2977 3007 2978
f 2978 3007 3008
f 2978 3008 2979
f 2979 3008 3009
f 2979 3009 2980
f 2980 3009 3010
f 2980 3010 2981
f 2981 3010 3011
f 2981 3011 2982
f 2982 3011 3012
f 2982 3012 2983
f 2983 3012 3013
f 2983 3013 2984
f 2984 3013 3014
f 2984 3014 2985
f 2985 3014 3015
f 2985 3015 2986
f 2986 3015 3016
f 2986 3016 2987
f 2987 3016 3017
f 2987 3017 2988
f 2988 3017 3018
f 2988 3018 2989
f 2989 3018 3019
f 2989 3019 2990
f 2990 3019 3020
f 2990 3020 2991
f 2991 3020 3021
f 2991 3021 2992
f 2992 3021 3022
f 2992 3022 2993
f 2993 3022 3023
f 2993 3023 2994
f 2994 3023 3024
f 2994 3024 2995
f 2995 3024 3025
f 2995 3025 2996
f 2996 3025 3026
f 2996 3026 2997
f 2997 3026 3027
f 2997 3027 2998
f 2998 3027 3028
f 2998 3028 2999
f 2999 3028 3029
f 2999 3029 3000
f 3000 3029 3030
f 3001 3031 3002
f 3002 3031 3032
f 3002 3032 3003
f 3003 3032 3033
f 3003 3033 3004
f 3004 3033 3034
f 3004 3034 3005
f 3005 3034 3035
f 3005 3035 3006
f 3006 3035 3036
f 3006 3036 3007
f 3007 3036 3037
f 3007 3037 3008
f 3008 3037 3038
f 3008 3038 3009
f 3009 3038 3039
f 3009 3039 3010
f 3010 3039 3040
f 3010 3040 3011
f 3011 3040 3041
f 3011 3041 3012
f 3012 3041 3042
f 3012 3042 3013
f 3013 3042 3043
f 3013 3043 3014
f 3014 3043 3044
f 3014 3044 3015
f 3015 3044 3045
f 3015 3045 3016
f 3016 3045 3046
f 3016 3046 3017
f 3017 3046 3047
f 3017 3047 3018
f 3018 3047 3048
f 3018 3048 3019
f 3019 3048 3049
f 3019 3049 3020
f 3020 3049 3050
f 3020 3050 3021
f 3021 3050 3051
f 3021 3051 3022
f 3022 3051 3052
f 3022 3052 3023
f 3023 3052 3053
f 3023 3053 3024
f 3024 3053 3054
f 3024 3054 3025
f 3025 3054 3055
f 3025 3055 3026
f 3026 3055 3056
f 3026 3056 3027
f 3027 3056 3057
f 3027 3057 3028
f 3028 3057 3058
f 3028 3058 3029
f 3029 3058 3059
f 3029 3059 3030
f 3030 3059 3060
f 3031 3061 3032
f 3032 3061 3062
f 3032 3062 3033
f 3033 3062 3063
f 3033 3063 3034
f 3034 3063 3064
f 3034 3064 3035
f 3035 3064 3065
f 3035 3065 3036
f 3036 3065 3066
f 3036 3066 3037
f 3037 3066 3067
f 3037 3067 3038
f 3038 3067 3068
f 3038 3068 3039
f 3039 3068 3069
f 3039 3069 3040
f 3040 3069 3070
f 3040 3070 3041
f 3041 3070 3071
f 3041 3071 3042
f 3042 3071 3072
f 3042 3072 3043
f 3043 3072 3073
f 3043 3073 3044
f 3044 3073 3074
f 3044 3074 3045
f 3045 3074 3075
f 3045 3075 3046
f 3046 3075 3076
f 3046 3076 3047
f 3047 3076 3077
f 3047 3077 3048
f 3048 3077 3078
f 3048 3078 3049
f 3049 3078 3079
f 3049 3079 3050
f 3050 3079 3080
f 3050 3080 3051
f 3051 3080 3081
f 3051 3081 3052
f 3052 3081 3082
f 3052 3082 3053
f 3053 3082 3083
f 3053 3083 3054
f 3054 3083 3084
f 3054 3084 3055
f 3055 3084 3085
f 3055 3085 3056
f 3056 3085 3086
f 3056 3086 3057
f 3057 3086 3087
f 3057 3087 3058
f 3058 3087 3088
f 3058 3088 3059
f 3059 3088 3089
f 3059 3089 3060
f 3060 3089 3090
f 3061 3091 3062
f 3062 3091 3092
f 3062 3092 3063
f 3063 3092 3093
f 3063 3093 3064
f 3064 3093 3094
f 3064 3094 3065
f 3065 3094 3095
f 3065 3095 3066
f 3066 3095 3096
f 3066 3096 3067
f 3067 3096 3097
f 3067 3097 3068
f 3068 3097 3098
f 3068 3098 3069
f 3069 3098 3099
f 3069 3099 3070
f 3070 3099 3100
f 3070 3100 3071
f 3071 3100 3101
f 3071 3101 3072
f 3072 3101 3102
f 3072 3102 3073
f 3073 3102 3103
f 3073 3103 3074
f 3074 3103 3104
f 3074 3104 3075
f 3075 3104 3105
f 3075 3105 3076
f 3076 3105 3106
f 3076 3106 3077
f 3077 3106 3107
f 3077 3107 3078
f 3078 3107 3108
f 3078 3108 3079
f 3079 3108 3109
f 3079 3109 3080
f 3080 3109 3110
f 3080 3110 3081
f 3081 3110 3111
f 3081 3111 3082
f 3082 3111 3112
f 3082 3112 3083
f 3083 3112 3113
f 3083 3113 3084
f 3084 3113 3114
f 3084 3114 3085
f 3085 3114 3115
f 3085 3115 3086
f 3086 3115 3116
f 3086 3116 3087
f 3087 3116 3117
f 3087 3117 3088
f 3088 3117 3118
f 3088 3118 3089
f 3089 3118 3119
f 3089 3119 3090
f 3090 3119 3120
f 3091 3121 3092
f 3092 3121 3122
f 3092 3122 3093
f 3093 3122 3123
f 3093 3123 3094
f 3094 3123 3124
f 3094 3124 3095
f 3095 3124 3125
f 3095 3125 3096
f 3096 3125 3126
f 3096 3126 3097
f 3097 3126 3127
f 3097 3127 3098
f 3098 3127 3128
f 3098 3128 3099
f 3099 3128 3129
f 3099 3129 3100
f 3100 3129 3130
f 3100 3130 3101
f 3101 3130 3131
f 3101 3131 3102
f 3102 3131 3132
f 3102 3132 3103
f 3103 3132 3133
f 3103 3133 3104
f 3104 3133 3134
f 3104 3134 3105
f 3105 3134 3135
f 3105 3135 3106
f 3106 3135 3136
f 3106 3136 3107
f 3107 3136 3137
f 3107 3137 3108
f 3108 3137 3138
f 3108 3138 3109
f 3109 3138 3139
f 3109 3139 3110
f 3110 3139 3140
f 3110 3140 3111
f 3111 3140 3141
f 3111 3141 3112
f 3112 3141 3142
f 3112 3142 3113
f 3113 3142 3143
f 3113 3143 3114
f 3114 3143 3144
f 3114 3144 3115
f 3115 3144 3145
f 3115 3145 3116
f 3116 3145 3146
f 3116 3146 3117
f 3117 3146 3147
f 3117 3147 3118
f 3118 3147 3148
f 3118 3148 3119
f 3119 3148 3149
f 3119 3149 3120
f 3120 3149 3150
f 3121 3151 3122
f 3122 3151 3152
f 3122 3152 3123
f 3123 3152 3153
f 3123 3153 3124
f 3124 3153 3154
f 3124 3154 3125
f 3125 3154 3155
f 3125 3155 3126
f 3126 3155 3156
f 3126 3156 3127
f 3127 3156 3157
f 3127 3157 3128
f 3128 3157 3158
f 3128 3158 3129
f 3129 3158 3159
f 3129 3159 3130
f 3130 3159 3160
f 3130 3160 3131
f 3131 3160 3161
f 3131 3161 3132
f 3132 3161 3162
f 3132 3162 3133
f 3133 3162 3163
f 3133 3163 3134
f 3134 3163 3164
f 3134 3164 3135
f 3135 3164 3165
f 3135 3165 3136
f 3136 3165 3166
f 3136 3166 3137
f 3137 3166 3167
f 3137 3167 3138
f 3138 3167 3168
f 3138 3168 3139
f 3139 3168 3169
f 3139 3169 3140
f 3140 3169 3170
f 3140 3170 3141
f 3141 3170 3171
f 3141 3171 3142
f 3142 3171 3172
f 3142 3172 3143
f 3143 3172 3173
f 3143 3173 3144
f 3144 3173 3174
f 3144 3174 3145
f 3145 3174 3175
f 3145 3175 3146
f 3146 3175 3176
f 3146 3176 3147
f 3147 3176 3177
f 3147 3177 3148
f 3148 3177 3178
f 3148 3178 3149
f 3149 3178 3179
f 3149 3179 3150
f 3150 3179 3180
f 3151 3181 3152
f 3152 3181 3182
f 3152 3182 3153
f 3153 3182 3183
f 3153 3183 3154
f 3154 3183 3184
f 3154 3184 3155
f 3155 3184 3185
f 3155 3185 3156
f 3156 3185 3186
f 3156 3186 3157
f 3157 3186 3187
f 3157 3187 3158
f 3158 3187 3188
f 3158 3188 3159
f 3159 3188 3189
f 3159 3189 3160
f 3160 3189 3190
f 3160 3190 3161
f 3161 3190 3191
f 3161 3191 3162
f 3162 3191 3192
f 3162 3192 3163
f 3163 3192 3193
f 3163 3193 3164
f 3164 3193 3194
f 3164 3194 3165
f 3165 3194 3195
f 3165 3195 3166
f 3166 3195 3196
f 3166 3196 3167
f 3167 3196 3197
f 3167 3197 3168
f 3168 3197 3198
f 3168 3198 3169
f 3169 3198 3199
f 3169 3199 3170
f 3170 3199 3200
f 3170 3200 3171
f 3171 3200 3201
f 3171 3201 3172
f 3172 3201 3202
f 3172 3202 3173
f 3173 3202 3203
f 3173 3203 3174
f 3174 3203 3204
f 3174 3204 3175
f 3175 3204 3205
f 3175 3205 3176
f 3176 3205 3206
f 3176 3206 3177
f 3177 3206 3207
f 3177 3207 3178
f 3178 3207 3208
f 3178 3208 3179
f 3179 3208 3209
f 3179 3209 3180
f 3180 3209 3210
f 3181 3211 3182
f 3182 3211 3212
f 3182 3212 3183
f 3183 3212 3213
f 3183 3213 3184
f 3184 3213 3214
f 3184 3214 3185
f 3185 3214 3215
f 3185 3215 3186
f 3186 3215 3216
f 3186 3216 3187
f 3187 3216 3217
f 3187 3217 3188
f 3188 3217 3218
f 3188 3218 3189
f 3189 3218 3219
f 3189 3219 3190
f 3190 3219 3220
f 3190 3220 3191
f 3191 3220 3221
f 3191 3221 3192
f 3192 3221 3222
f 3192 3222 3193
f 3193 3222 3223
f 3193 3223 3194
f 3194 3223 3224
f 3194 3224 3195
f 3195 3224 3225
f 3195 3225 3196
f 3196 3225 3226
f 3196 3226 3197
f 3197 3226 3227
f 3197 3227 3198
f 3198 3227 3228
f 3198 3228 3199
f 3199 3228 3229
f 3199 3229 3200
f 3200 3229 3230
f 3200 3230 3201
f 3201 3230 3231
f 3201 3231 3202
f 3202 3231 3232
f 3202 3232 3203
f 3203 3232 3233
f 3203 3233 3204
f 3204 3233 3234
f 3204 3234 3205
f 3205 3234 3235
f 3205 3235 3206
f 3206 3235 3236
f 3206 3236 3207
f 3207 3236 3237
f 3207 3237 3208
f 3208 3237 3238
f 3208 3238 3209
f 3209 3238 3239
f 3209 3239 3210
f 3210 3239 3240
f 3211 3241 3212
f 3212 3241 3242
f 3212 3242 3213
f 3213 3242 3243
f 3213 3243 3214
f 3214 3243 3244
f 3214 3244 3215
f 3215 3244 3245
f 3215 3245 3216
f 3216 3245 3246
f 3216 3246 3217
f 3217 3246 3247
f 3217 3247 3218
f 3218 3247 3248
f 3218 3248 3219
f 3219 3248 3249
f 3219 3249 3220
f 3220 3249 3250
f 3220 3250 3221
f 3221 3250 3251
f 3221 3251 3222
f 3222 3251 3252
f 3222 3252 3223
f 3223 3252 3253
f 3223 3253 3224
f 3224 3253 3254
f 3224 3254 3225
f 3225 3254 3255
f 3225 3255 3226
f 3226 3255 3256
f 3226 3256 3227
f 3227 3256 3257
f 3227 3257 3228
f 3228 3257 3258
f 3228 3258 3229
f 3229 3258 3259
f 3229 3259 3230
f 3230 3259 3260
f 3230 3260 3231
f 3231 3260 3261
f 3231 3261 3232
f 3232 3261 3262
f 3232 3262 3233
f 3233 3262 3263
f 3233 3263 3234
f 3234 3263 3264
f 3234 3264 3235
f 3235 3264 3265
f 3235 3265 3236
f 3236 3265 3266
f 3236 3266 3237
f 3237 3266 3267
f 3237 3267 3238
f 3238 3267 3268
f 3238 3268 3239
f 3239 3268 3269
f 3239 3269 3240
f 3240 3269 3270
f 3241 3271 3242
f 3242 3271 3272
f 3242 3272 3243
f 3243 3272 3273
f 3243 3273 3244
f 3244 3273 3274
f 3244 3274 3245
f 3245 3274 3275
f 3245 3275 3246
f 3246 3275 3276
f 3246 3276 3247
f 3247 3276 3277
f 3247 3277 3248
f 3248 3277 3278
f 3248 3278 3249
f 3249 3278 3279
f 3249 3279 3250
f 3250 3279 3280
f 3250 3280 3251
f 3251 3280 3281
f 3251 3281 3252
f 3252 3281 3282
f 3252 3282 3253
f 3253 3282 3283
f 3253 3283 3254
f 3254 3283 3284
f 3254 3284 3255
f 3255 3284 3285
f 3255 3285 3256
f 3256 3285 3286
f 3256 3286 3257
f 3257 3286 3287
f 3257 3287 3258
f 3258 3287 3288
f 3258 3288 3259
f 3259 3288 3289
f 3259 3289 3260
f 3260 3289 3290
f 3260 3290 3261
f 3261 3290 3291
f 3261 3291 3262
f 3262 3291 3292
f 3262 3292 3263
f 3263 3292 3293
f 3263 3293 3264
f 3264 3293 3294
f 3264 3294 3265
f 3265 3294 3295
f 3265 3295 3266
f 3266 3295 3296
f 3266 3296 3267
f 3267 3296 3297
f 3267 3297 3268
f 3268 3297 3298
f 3268 3298 3269
f 3269 3298 3299
f 3269 3299 3270
f 3270 3299 3300
f 3271 3301 3272
f 3272 3301 3302
f 3272 3302 3273
f 3273 3302 3303
f 3273 3303 3274
f 3274 3303 3304
f 3274 3304 3275
f 3275 3304 3305
f 3275 3305 3276
f 3276 3305 3306
f 3276 3306 3277
f 3277 3306 3307
f 3277 3307 3278
f 3278 3307 3308
f 3278 3308 3279
f 3279 3308 3309
f 3279 3309 3280
f 3280 3309 3310
f 3280 3310 3281
f 3281 3310 3311
f 3281 3311 3282
f 3282 3311 3312
f 3282 3312 3283
f 3283 3312 3313
f 3283 3313 3284
f 3284 3313 3314
f 3284 3314 3285
f 3285 3314 3315
f 3285 3315 3286
f 3286 3315 3316
f 3286 3316 3287
f 3287 3316 3317
f 3287 3317 3288
f 3288 3317 3318
f 3288 3318 3289
f 3289 3318 3319
f 3289 3319 3290
f 3290 3319 3320
f 3290 3320 3291
f 3291 3320 3321
f 3291 3321 3292
f 3292 3321 3322
f 3292 3322 3293
f 3293 3322 3323
f 3293 3323 3294
f 3294 3323 3324
f 3294 3324 3295
f 3295 3324 3325
f 3295 3325 3296
f 3296 3325 3326
f 3296 3326 3297
f 3297 3326 3327
f 3297 3327 3298
f 3298 3327 3328
f 3298 3328 3299
f 3299 3328 3329
f 3299 3329 3300
f 3300 3329 3330
f 3301 3331 3302
f 3302 3331 3332
f 3302 3332 3303
f 3303 3332 3333
f 3303 3333 3304
f 3304 3333 3334
f 3304 3334 3305
f 3305 3334 3335
f 3305 3335 3306
f 3306 3335 3336
f 3306 3336 3307
f 3307 3336 3337
f 3307 3337 3308
f 3308 3337 3338
f 3308 3338 3309
f 3309 3338 3339
f 3309 3339 3310
f 3310 3339 3340
f 3310 3340 3311
f 3311 3340 3341
f 3311 3341 3312
f 3312 3341 3342
f 3312 3342 3313
f 3313 3342 3343
f 3313 3343 3314
f 3314 3343 3344
f 3314 3344 3315
f 3315 3344 3345
f 3315 3345 3316
f 3316 3345 3346
f 3316 3346 3317
f 3317 3346 3347
f 3317 3347 3318
f 3318 3347 3348
f 3318 3348 3319
f 3319 3348 3349
f 3319 3349 3320
f 3320 3349 3350
f 3320 3350 3321
f 3321 3350 3351
f 3321 3351 3322
f 3322 3351 3352
f 3322 3352 3323
f 3323 3352 3353
f 3323 3353 3324
f 3324 3353 3354
f 3324 3354 3325
f 3325 3354 3355
f 3325 3355 3326
f 3326 3355 3356
f 3326 3356 3327
f 3327 3356 3357
f 3327 3357 3328
f 3328 3357 3358
f 3328 3358 3329
f 3329 3358 3359
f 3329 3359 3330
f 3330 3359 3360
f 3331 3361 3332
f 3332 3361 3362
f 3332 3362 3333
f 3333 3362 3363
f 3333 3363 3334
f 3334 3363 3364
f 3334 3364 3335
f 3335 3364 3365
f 3335 3365 3336
f 3336 3365 3366
f 3336 3366 3337
f 3337 3366 3367
f 3337 3367 3338
f 3338 3367 3368
f 3338 3368 3339
f 3339 3368 3369
f 3339 3369 3340
f 3340 3369 3370
f 3340 3370 3341
f 3341 3370 3371
f 3341 3371 3342
f 3342 3371 3372
f 3342 3372 3343
f 3343 3372 3373
f 3343 3373 3344
f 3344 3373 3374
f 3344 3374 3345
f 3345 3374 3375
f 3345 3375 3346
f 3346 3375 3376
f 3346 3376 3347
f 3347 3376 3377
f 3347 3377 3348
f 3348 3377 3378
f 3348 3378 3349
f 3349 3378 3379
f 3349 3379 3350
f 3350 3379 3380
f 3350 3380 3351
f 3351 3380 3381
f 3351 3381 3352
f 3352 3381 3382
f 3352 3382 3353
f 3353 3382 3383
f 3353 3383 3354
f 3354 3383 3384
f 3354 3384 3355
f 3355 3384 3385
f 3355 3385 3356
f 3356 3385 3386
f 3356 3386 3357
f 3357 3386 3387
f 3357 3387 3358
f 3358 3387 3388
f 3358 3388 3359
f 3359 3388 3389
f 3359 3389 3360
f 3360 3389 3390
f 3361 3391 3362
f 3362 3391 3392
f 3362 3392 3363
f 3363 3392 3393
f 3363 3393 3364
f 3364 3393 3394
f 3364 3394 3365
f 3365 3394 3395
f 3365 3395 3366
f 3366 3395 3396
f 3366 3396 3367
f 3367 3396 3397
f 3367 3397 3368
f 3368 3397 3398
f 3368 3398 3369
f 3369 3398 3399
f 3369 3399 3370
f 3370 3399 3400
f 3370 3400 3371
f 3371 3400 3401
f 3371 3401 3372
f 3372 3401 3402
f 3372 3402 3373
f 3373 3402 3403
f 3373 3403 3374
f 3374 3403 3404
f 3374 3404 3375
f 3375 3404 3405
f 3375 3405 3376
f 3376 3405 3406
f 3376 3406 3377
f 3377 3406 3407
f 3377 3407 3378
f 3378 3407 3408
f 3378 3408 3379
f 3379 3408 3409
f 3379 3409 3380
f 3380 3409 3410
f 3380 3410 3381
f 3381 3410 3411
f 3381 3411 3382
f 3382 3411 3412
f 3382 3412 3383
f 3383 3412 3413
f 3383 3413 3384
f 3384 3413 3414
f 3384 3414 3385
f 3385 3414 3415
f 3385 3415 3386
f 3386 3415 3416
f 3386 3416 3387
f 3387 3416 3417
f 3387 3417 3388
f 3388 3417 3418
f 3388 3418 3389
f 3389 3418 3419
f 3389 3419 3390
f 3390 3419 3420
f 3391 3421 3392
f 3392 3421 3422
f 3392 3422 3393
f 3393 3422 3423
f 3393 3423 3394
f 3394 3423 3424
f 3394 3424 3395
f 3395 3424 3425
f 3395 3425 3396
f 3396 3425 3426
f 3396 3426 3397
f 3397 3426 3427
f 3397 3427 3398
f 3398 3427 3428
f 3398 3428 3399
f 3399 3428 3429
f 3399 3429 3400
f 3400 3429 3430
f 3400 3430 3401
f 3401 3430 3431
f 3401 3431 3402
f 3402 3431 3432
f 3402 3432 3403
f 3403 3432 3433
f 3403 3433 3404
f 3404 3433 3434
f 3404 3434 3405
f 3405 3434 3435
f 3405 3435 3406
f 3406 3435 3436
f 3406 3436 3407
f 3407 3436 3437
f 3407 3437 3408
f 3408 3437 3438
f 3408 3438 3409
f 3409 3438 3439
f 3409 3439 3410
f 3410 3439 3440
f 3410 3440 3411
f 3411 3440 3441
f 3411 3441 3412
f 3412 3441 3442
f 3412 3442 3413
f 3413 3442 3443
f 3413 3443 3414
f 3414 3443 3444
f 3414 3444 3415
f 3415 3444 3445
f 3415 3445 3416
f 3416 3445 3446
f 3416 3446 3417
f 3417 3446 3447
f 3417 3447 3418
f 3418 3447 3448
f 3418 3448 3419
f 3419 3448 3449
f 3419 3449 3420
f 3420 3449 3450
f 3421 3451 3422
f 3422 3451 3452
f 3422 3452 3423
f 3423 3452 3453
f 3423 3453 3424
f 3424 3453 3454
f 3424 3454 3425
f 3425 3454 3455
f 3425 3455 3426
f 3426 3455 3456
f 3426 3456 3427
f 3427 3456 3457
f 3427 3457 3428
f 3428 3457 3458
f 3428 3458 3429
f 3429 3458 3459
f 3429 3459 3430
f 3430 3459 3460
f 3430 3460 3431
f 3431 3460 3461
f 3431 3461 3432
f 3432 3461 3462
f 3432 3462 3433
f 3433 3462 3463
f 3433 3463 3434
f 3434 3463 3464
f 3434 3464 3435
f 3435 3464 3465
f 3435 3465 3436
f 3436 3465 3466
f 3436 3466 3437
f 3437 3466 3467
f 3437 3467 3438
f 3438 3467 3468
f 3438 3468 3439
f 3439 3468 3469
f 3439 3469 3440
f 3440 3469 3470
f 3440 3470 3441
f 3441 3470 3471
f 3441 3471 3442
f 3442 3471 3472
f 3442 3472 3443
f 3443 3472 3473
f 3443 3473 3444
f 3444 3473 3474
f 3444 3474 3445
f 3445 3474 3475
f 3445 3475 3446
f 3446 3475 3476
f 3446 3476 3447
f 3447 3476 3477
f 3447 3477 3448
f 3448 3477 3478
f 3448 3478 3449
f 3449 3478 3479
f 3449 3479 3450
f 3450 3479 3480
f 3451 3481 3452
f 3452 3481 3482
f 3452 3482 3453
f 3453 3482 3483
f 3453 3483 3454
f 3454 3483 3484
f 3454 3484 3455
f 3455 3484 3485
f 3455 3485 3456
f 3456 3485 3486
f 3456 3486 3457
f 3457 3486 3487
f 3457 3487 3458
f 3458 3487 3488
f 3458 3488 3459
f 3459 3488 3489
f 3459 3489 3460
f 3460 3489 3490
f 3460 3490 3461
f 3461 3490 3491
f 3461 3491 3462
f 3462 3491 3492
f 3462 3492 3463
f 3463 3492 3493
f 3463 3493 3464
f 3464 3493 3494
f 3464 3494 3465
f 3465 3494 3495
f 3465 3495 3466
f 3466 3495 3496
f 3466 3496 3467
f 3467 3496 3497
f 3467 3497 3468
f 3468 3497 3498
f 3468 3498 3469
f 3469 3498 3499
f 3469 3499 3470
f 3470 3499 3500
f 3470 3500 3471
f 3471 3500 3501
f 3471 3501 3472
f 3472 3501 3502
f 3472 3502 3473
f 3473 3502 3503
f 3473 3503 3474
f 3474 3503 3504
f 3474 3504 3475
f 3475 3504 3505
f 3475 3505 3476
f 3476 3505 3506
f 3476 3506 3477
f 3477 3506 3507
f 3477 3507 3478
f 3478 3507 3508
f 3478 3508 3479
f 3479 3508 3509
f 3479 3509 3480
f 3480 3509 3510
f 3481 3511 3482
f 3482 3511 3512
f 3482 3512 3483
f 3483 3512 3513
f 3483 3513 3484
f 3484 3513 3514
f 3484 3514 3485
f 3485 3514 3515
f 3485 3515 3486
f 3486 3515 3516
f 3486 3516 3487
f 3487 3516 3517
f 3487 3517 3488
f 3488 3517 3518
f 3488 3518 3489
f 3489 3518 3519
f 3489 3519 3490
f 3490 3519 3520
f 3490 3520 3491
f 3491 3520 3521
f 3491 3521 3492
f 3492 3521 3522
f 3492 3522 3493
f 3493 3522 3523
f 3493 3523 3494
f 3494 3523 3524
f 3494 3524 3495
f 3495 3524 3525
f 3495 3525 3496
f 3496 3525 3526
f 3496 3526 3497
f 3497 3526 3527
f 3497 3527 3498
f 3498 3527 3528
f 3498 3528 3499
f 3499 3528 3529
f 3499 3529 3500
f 3500 3529 3530
f 3500 3530 3501
f 3501 3530 3531
f 3501 3531 3502
f 3502 3531 3532
f 3502 3532 3503
f 3503 3532 3533
f 3503 3533 3504
f 3504 3533 3534
f 3504 3534 3505
f 3505 3534 3535
f 3505 3535 3506
f 3506 3535 3536
f 3506 3536 3507
f 3507 3536 3537
f 3507 3537 3508
f 3508 3537 3538
f 3508 3538 3509
f 3509 3538 3539
f 3509 3539 3510
f 3510 3539 3540
f 3511 3541 3512
f 3512 3541 3542
f 3512 3542 3513
f 3513 3542 3543
f 3513 3543 3514
f 3514 3543 3544
f 3514 3544 3515
f 3515 3544 3545
f 3515 3545 3516
f 3516 3545 3546
f 3516 3546 3517
f 3517 3546 3547
f 3517 3547 3518
f 3518 3547 3548
f 3518 3548 3519
f 3519 3548 3549
f 3519 3549 3520
f 3520 3549 3550
f 3520 3550 3521
f 3521 3550 3551
f 3521 3551 3522
f 3522 3551 3552
f 3522 3552 3523
f 3523 3552 3553
f 3523 3553 3524
f 3524 3553 3554
f 3524 3554 3525
f 3525 3554 3555
f 3525 3555 3526
f 3526 3555 3556
f 3526 3556 3527
f 3527 3556 3557
f 3527 3557 3528
f 3528 3557 3558
f 3528 3558 3529
f 3529 3558 3559
f 3529 3559 3530
f 3530 3559 3560
f 3530 3560 3531
f 3531 3560 3561
f 3531 3561 3532
f 3532 3561 3562
f 3532 3562 3533
f 3533 3562 3563
f 3533 3563 3534
f 3534 3563 3564
f 3534 3564 3535
f 3535 3564 3565
f 3535 3565 3536
f 3536 3565 3566
f 3536 3566 3537
f 3537 3566 3567
f 3537 3567 3538
f 3538 3567 3568
f 3538 3568 3539
f 3539 3568 3569
f 3539 3569 3540
f 3540 3569 3570
f 3541 3571 3542
f 3542 3571 3572
f 3542 3572 3543
f 3543 3572 3573
f 3543 3573 3544
f 3544 3573 3574
f 3544 3574 3545
f 3545 3574 3575
f 3545 3575 3546
f 3546 3575 3576
f 3546 3576 3547
f 3547 3576 3577
f 3547 3577 3548
f 3548 3577 3578
f 3548 3578 3549
f 3549 3578 3579
f 3549 3579 3550
f 3550 3579 3580
f 3550 3580 3551
f 3551 3580 3581
f 3551 3581 3552
f 3552 3581 3582
f 3552 3582 3553
f 3553 3582 3583
f 3553 3583 3554
f 3554 3583 3584
f 3554 3584 3555
f 3555 3584 3585
f 3555 3585 3556
f 3556 3585 3586
f 3556 3586 3557
f 3557 3586 3587
f 3557 3587 3558
f 3558 3587 3588
f 3558 3588 3559
f 3559 3588 3589
f 3559 3589 3560
f 3560 3589 3590
f 3560 3590 3561
f 3561 3590 3591
f 3561 3591 3562
f 3562 3591 3592
f 3562 3592 3563
f 3563 3592 3593
f 3563 3593 3564
f 3564 3593 3594
f 3564 3594 3565
f 3565 3594 3595
f 3565 3595 3566
f 3566 3595 3596
f 3566 3596 3567
f 3567 3596 3597
f 3567 3597 3568
f 3568 3597 3598
f 3568 3598 3569
f 3569 3598 3599
f 3569 3599 3570
f 3570 3599 3600
f 3601 3602 3631
f 3602 3632 3631
f 3602 3603 3632
f 3603 3633 3632
f 3603 3604 3633
f 3604 3634 3633
f 3604 3605 3634
f 3605 3635 3634
f 3605 3606 3635
f 3606 3636 3635
f 3606 3607 3636
f 3607 3637 3636
f 3607 3608 3637
f 3608 3638 3637
f 3608 3609 3638
f 3609 3639 3638
f 3609 3610 3639
f 3610 3640 3639
f 3610 3611 3640
f 3611 3641 3640
f 3611 3612 3641
f 3612 3642 3641
f 3612 3613 3642
f 3613 3643 3642
f 3613 3614 3643
f 3614 3644 3643
f 3614 3615 3644
f 3615 3645 3644
f 3615 3616 3645
f 3616 3646 3645
f 3616 3617 3646
f 3617 3647 3646
f 3617 3618 3647
f 3618 3648 3647
f 3618 3619 3648
f 3619 3649 3648
f 3619 3620 3649
f 3620 3650 3649
f 3620 3621 3650
f 3621 3651 3650
f 3621 3622 3651
f 3622 3652 3651
f 3622 3623 3652
f 3623 3653 3652
f 3623 3624 3653
f 3624 3654 3653
f 3624 3625 3654
f 3625 3655 3654
f 3625 3626 3655
f 3626 3656 3655
f 3626 3627 3656
f 3627 3657 3656
f 3627 3628 3657
f 3628 3658 3657
f 3628 3629 3658
f 3629 3659 3658
f 3629 3630 3659
f 3630 3660 3659
f 3631 3632 3661
f 3632 3662 3661
f 3632 3633 3662
f 3633 3663 3662
f 3633 3634 3663
f 3634 3664 3663
f 3634 3635 3664
f 3635 3665 3664
f 3635 3636 3665
f 3636 3666 3665
f 3636 3637 3666
f 3637 3667 3666
f 3637 3638 3667
f 3638 3668 3667
f 3638 3639 3668
f 3639 3669 3668
f 3639 3640 3669
f 3640 3670 3669
f 3640 3641 3670
f 3641 3671 3670
f 3641 3642 3671
f 3642 3672 3671
f 3642 3643 3672
f 3643 3673 3672
f 3643 3644 3673
f 3644 3674 3673
f 3644 3645 3674
f 3645 3675 3674
f 3645 3646 3675
f 3646 3676 3675
f 3646 3647 3676
f 3647 3677 3676
f 3647 3648 3677
f 3648 3678 3677
f 3648 3649 3678
f 3649 3679 3678
f 3649 3650 3679
f 3650 3680 3679
f 3650 3651 3680
f 3651 3681 3680
f 3651 3652 3681
f 3652 3682 3681
f 3652 3653 3682
f 3653 3683 3682
f 3653 3654 3683
f 3654 3684 3683
f 3654 3655 3684
f 3655 3685 3684
f 3655 3656 3685
f 3656 3686 3685
f 3656 3657 3686
f 3657 3687 3686
f 3657 3658 3687
f 3658 3688 3687
f 3658 3659 3688
f 3659 3689 3688
f 3659 3660 3689
f 3660 3690 3689
f 3661 3662 3691
f 3662 3692 3691
f 3662 3663 3692
f 3663 3693 3692
f 3663 3664 3693
f 3664 3694 3693
f 3664 3665 3694
f 3665 3695 3694
f 3665 3666 3695
f 3666 3696 3695
f 3666 3667 3696
f 3667 3697 3696
f 3667 3668 3697
f 3668 3698 3697
f 3668 3669 3698
f 3669 3699 3698
f 3669 3670 3699
f 3670 3700 3699
f 3670 3671 3700
f 3671 3701 3700
f 3671 3672 3701
f 3672 3702 3701
f 3672 3673 3702
f 3673 3703 3702
f 3673 3674 3703
f 3674 3704 3703
f 3674 3675 3704
f 3675 3705 3704
f 3675 3676 3705
f 3676 3706 3705
f 3676 3677 3706
f 3677 3707 3706
f 3677 3678 3707
f 3678 3708 3707
f 3678 3679 3708
f 3679 3709 3708
f 3679 3680 3709
f 3680 3710 3709
f 3680 3681 3710
f 3681 3711 3710
f 3681 3682 3711
f 3682 3712 3711
f 3682 3683 3712
f 3683 3713 3712
f 3683 3684 3713
f 3684 3714 3713
f 3684 3685 3714
f 3685 3715 3714
f 3685 3686 3715
f 3686 3716 3715
f 3686 3687 3716
f 3687 3717 3716
f 3687 3688 3717
f 3688 3718 3717
f 3688 3689 3718
f 3689 3719 3718
f 3689 3690 3719
f 3690 3720 3719
f 3691 3692 3721
f 3692 3722 3721
f 3692 3693 3722
f 3693 3723 3722
f 3693 3694 3723
f 3694 3724 3723
f 3694 3695 3724
f 3695 3725 3724
f 3695 3696 3725
f 3696 3726 3725
f 3696 3697 3726
f 3697 3727 3726
f 3697 3698 3727
f 3698 3728 3727
f 3698 3699 3728
f 3699 3729 3728
f 3699 3700 3729
f 3700 3730 3729
f 3700 3701 3730
f 3701 3731 3730
f 3701 3702 3731
f 3702 3732 3731
f 3702 3703 3732
f 3703 3733 3732
f 3703 3704 3733
f 3704 3734 3733
f 3704 3705 3734
f 3705 3735 3734
f 3705 3706 3735
f 3706 3736 3735
f 3706 3707 3736
f 3707 3737 3736
f 3707 3708 3737
f 3708 3738 3737
f 3708 3709 3738
f 3709 3739 3738
f 3709 3710 3739
f 3710 3740 3739
f 3710 3711 3740
f 3711 3741 3740
f 3711 3712 3741
f 3712 3742 3741
f 3712 3713 3742
f 3713 3743 3742
f 3713 3714 3743
f 3714 3744 3743
f 3714 3715 3744
f 3715 3745 3744
f 3715 3716 3745
f 3716 3746 3745
f 3716 3717 3746
f 3717 3747 3746
f 3717 3718 3747
f 3718 3748 3747
f 3718 3719 3748
f 3719 3749 3748
f 3719 3720 3749
f 3720 3750 3749
f 3721 3722 3751
f 3722 3752 3751
f 3722 3723 3752
f 3723 3753 3752
f 3723 3724 3753
f 3724 3754 3753
f 3724 3725 3754
f 3725 3755 3754
f 3725 3726 3755
f 3726 3756 3755
f 3726 3727 3756
f 3727 3757 3756
f 3727 3728 3757
f 3728 3758 3757
f 3728 3729 3758
f 3729 3759 3758
f 3729 3730 3759
f 3730 3760 3759
f 3730 3731 3760
f 3731 3761 3760
f 3731 3732 3761
f 3732 3762 3761
f 3732 3733 3762
f 3733 3763 3762
f 3733 3734 3763
f 3734 3764 3763
f 3734 3735 3764
f 3735 3765 3764
f 3735 3736 3765
f 3736 3766 3765
f 3736 3737 3766
f 3737 3767 3766
f 3737 3738 3767
f 3738 3768 3767
f 3738 3739 3768
f 3739 3769 3768
f 3739 3740 3769
f 3740 3770 3769
f 3740 3741 3770
f 3741 3771 3770
f 3741 3742 3771
f 3742 3772 3771
f 3742 3743 3772
f 3743 3773 3772
f 3743 3744 3773
f 3744 3774 3773
f 3744 3745 3774
f 3745 3775 3774
f 3745 3746 3775
f 3746 3776 3775
f 3746 3747 3776
f 3747 3777 3776
f 3747 3748 3777
f 3748 3778 3777
f 3748 3749 3778
f 3749 3779 3778
f 3749 3750 3779
f 3750 3780 3779
f 3751 3752 3781
f 3752 3782 3781
f 3752 3753 3782
f 3753 3783 3782
f 3753 3754 3783
f 3754 3784 3783
f 3754 3755 3784
f 3755 3785 3784
f 3755 3756 3785
f 3756 3786 3785
f 3756 3757 3786
f 3757 3787 3786
f 3757 3758 3787
f 3758 3788 3787
f 3758 3759 3788
f 3759 3789 3788
f 3759 3760 3789
f 3760 3790 3789
f 3760 3761 3790
f 3761 3791 3790
f 3761 3762 3791
f 3762 3792 3791
f 3762 3763 3792
f 3763 3793 3792
f 3763 3764 3793
f 3764 3794 3793
f 3764 3765 3794
f 3765 3795 3794
f 3765 3766 3795
f 3766 3796 3795
f 3766 3767 3796
f 3767 3797 3796
f 3767 3768 3797
f 3768 3798 3797
f 3768 3769 3798
f 3769 3799 3798
f 3769 3770 3799
f 3770 3800 3799
f 3770 3771 3800
f 3771 3801 3800
f 3771 3772 3801
f 3772 3802 3801
f 3772 3773 3802
f 3773 3803 3802
f 3773 3774 3803
f 3774 3804 3803
f 3774 3775 3804
f 3775 3805 3804
f 3775 3776 3805
f 3776 3806 3805
f 3776 3777 3806
f 3777 3807 3806
f 3777 3778 3807
f 3778 3808 3807
f 3778 3779 3808
f 3779 3809 3808
f 3779 3780 3809
f 3780 3810 3809
f 3781 3782 3811
f 3782 3812 3811
f 3782 3783 3812
f 3783 3813 3812
f 3783 3784 3813
f 3784 3814 3813
f 3784 3785 3814
f 3785 3815 3814
f 3785 3786 3815
f 3786 3816 3815
f 3786 3787 3816
f 3787 3817 3816
f 3787 3788 3817
f 3788 3818 3817
f 3788 3789 3818
f 3789 3819 3818
f 3789 3790 3819
f 3790 3820 3819
f 3790 3791 3820
f 3791 3821 3820
f 3791 3792 3821
f 3792 3822 3821
f 3792 3793 3822
f 3793 3823 3822
f 3793 3794 3823
f 3794 3824 3823
f 3794 3795 3824
f 3795 3825 3824
f 3795 3796 3825
f 3796 3826 3825
f 3796 3797 3826
f 3797 3827 3826
f 3797 3798 3827
f 3798 3828 3827
f 3798 3799 3828
f 3799 3829 3828
f 3799 3800 3829
f 3800 3830 3829
f 3800 3801 3830
f 3801 3831 3830
f 3801 3802 3831
f 3802 3832 3831
f 3802 3803 3832
f 3803 3833 3832
f 3803 3804 3833
f 3804 3834 3833
f 3804 3805 3834
f 3805 3835 3834
f 3805 3806 3835
f 3806 3836 3835
f 3806 3807 3836
f 3807 3837 3836
f 3807 3808 3837
f 3808 3838 3837
f 3808 3809 3838
f 3809 3839 3838
f 3809 3810 3839
f 3810 3840 3839
f 3811 3812 3841
f 3812 3842 3841
f 3812 3813 3842
f 3813 3843 3842
f 3813 3814 3843
f 3814 3844 3843
f 3814 3815 3844
f 3815 3845 3844
f 3815 3816 3845
f 3816 3846 3845
f 3816 3817 3846
f 3817 3847 3846
f 3817 3818 3847
f 3818 3848 3847
f 3818 3819 3848
f 3819 3849 3848
f 3819 3820 3849
f 3820 3850 3849
f 3820 3821 3850
f 3821 3851 3850
f 3821 3822 3851
f 3822 3852 3851
f 3822 3823 3852
f 3823 3853 3852
f 3823 3824 3853
f 3824 3854 3853
f 3824 3825 3854
f 3825 3855 3854
f 3825 3826 3855
f 3826 3856 3855
f 3826 3827 3856
f 3827 3857 3856
f 3827 3828 3857
f 3828 3858 3857
f 3828 3829 3858
f 3829 3859 3858
f 3829 3830 3859
f 3830 3860 3859
f 3830 3831 3860
f 3831 3861 3860
f 3831 3832 3861
f 3832 3862 3861
f 3832 3833 3862
f 3833 3863 3862
f 3833 3834 3863
f 3834 3864 3863
f 3834 3835 3864
f 3835 3865 3864
f 3835 3836 3865
f 3836 3866 3865
f 3836 3837 3866
f 3837 3867 3866
f 3837 3838 3867
f 3838 3868 3867
f 3838 3839 3868
f 3839 3869 3868
f 3839 3840 3869
f 3840 3870 3869
f 3841 3842 3871
f 3842 3872 3871
f 3842 3843 3872
f 3843 3873 3872
f 3843 3844 3873
f 3844 3874 3873
f 3844 3845 3874
f 3845 3875 3874
f 3845 3846 3875
f 3846 3876 3875
f 3846 3847 3876
f 3847 3877 3876
f 3847 3848 3877
f 3848 3878 3877
f 3848 3849 3878
f 3849 3879 3878
f 3849 3850 3879
f 3850 3880 3879
f 3850 3851 3880
f 3851 3881 3880
f 3851 3852 3881
f 3852 3882 3881
f 3852 3853 3882
f 3853 3883 3882
f 3853 3854 3883
f 3854 3884 3883
f 3854 3855 3884
f 3855 3885 3884
f 3855 3856 3885
f 3856 3886 3885
f 3856 3857 3886
f 3857 3887 3886
f 3857 3858 3887
f 3858 3888 3887
f 3858 3859 3888
f 3859 3889 3888
f 3859 3860 3889
f 3860 3890 3889
f 3860 3861 3890
f 3861 3891 3890
f 3861 3862 3891
f 3862 3892 3891
f 3862 3863 3892
f 3863 3893 3892
f 3863 3864 3893
f 3864 3894 3893
f 3864 3865 3894
f 3865 3895 3894
f 3865 3866 3895
f 3866 3896 3895
f 3866 3867 3896
f 3867 3897 3896
f 3867 3868 3897
f 3868 3898 3897
f 3868 3869 3898
f 3869 3899 3898
f 3869 3870 3899
f 3870 3900 3899
f 3871 3872 3901
f 3872 3902 3901
f 3872 3873 3902
f 3873 3903 3902
f 3873 3874 3903
f 3874 3904 3903
f 3874 3875 3904
f 3875 3905 3904
f 3875 3876 3905
f 3876 3906 3905
f 3876 3877 3906
f 3877 3907 3906
f 3877 3878 3907
f 3878 3908 3907
f 3878 3879 3908
f 3879 3909 3908
f 3879 3880 3909
f 3880 3910 3909
f 3880 3881 3910
f 3881 3911 3910
f 3881 3882 3911
f 3882 3912 3911
f 3882 3883 3912
f 3883 3913 3912
f 3883 3884 3913
f 3884 3914 3913
f 3884 3885 3914
f 3885 3915 3914
f 3885 3886 3915
f 3886 3916 3915
f 3886 3887 3916
f 3887 3917 3916
f 3887 3888 3917
f 3888 3918 3917
f 3888 3889 3918
f 3889 3919 3918
f 3889 3890 3919
f 3890 3920 3919
f 3890 3891 3920
f 3891 3921 3920
f 3891 3892 3921
f 3892 3922 3921
f 3892 3893 3922
f 3893 3923 3922
f 3893 3894 3923
f 3894 3924 3923
f 3894 3895 3924
f 3895 3925 3924
f 3895 3896 3925
f 3896 3926 3925
f 3896 3897 3926
f 3897 3927 3926
f 3897 3898 3927
f 3898 3928 3927
f 3898 3899 3928
f 3899 3929 3928
f 3899 3900 3929
f 3900 3930 3929
f 3901 3902 3931
f 3902 3932 3931
f 3902 3903 3932
f 3903 3933 3932
f 3903 3904 3933
f 3904 3934 3933
f 3904 3905 3934
f 3905 3935 3934
f 3905 3906 3935
f 3906 3936 3935
f 3906 3907 3936
f 3907 3937 3936
f 3907 3908 3937
f 3908 3938 3937
f 3908 3909 3938
f 3909 3939 3938
f 3909 3910 3939
f 3910 3940 3939
f 3910 3911 3940
f 3911 3941 3940
f 3911 3912 3941
f 3912 3942 3941
f 3912 3913 3942
f 3913 3943 3942
f 3913 3914 3943
f 3914 3944 3943
f 3914 3915 3944
f 3915 3945 3944
f 3915 3916 3945
f 3916 3946 3945
f 3916 3917 3946
f 3917 3947 3946
f 3917 3918 3947
f 3918 3948 3947
f 3918 3919 3948
f 3919 3949 3948
f 3919 3920 3949
f 3920 3950 3949
f 3920 3921 3950
f 3921 3951 3950
f 3921 3922 3951
f 3922 3952 3951
f 3922 3923 3952
f 3923 3953 3952
f 3923 3924 3953
f 3924 3954 3953
f 3924 3925 3954
f 3925 3955 3954
f 3925 3926 3955
f 3926 3956 3955
f 3926 3927 3956
f 3927 3957 3956
f 3927 3928 3957
f 3928 3958 3957
f 3928 3929 3958
f 3929 3959 3958
f 3929 3930 3959
f 3930 3960 3959
f 3931 3932 3961
f 3932 3962 3961
f 3932 3933 3962
f 3933 3963 3962
f 3933 3934 3963
f 3934 3964 3963
f 3934 3935 3964
f 3935 3965 3964
f 3935 3936 3965
f 3936 3966 3965
f 3936 3937 3966
f 3937 3967 3966
f 3937 3938 3967
f 3938 3968 3967
f 3938 3939 3968
f 3939 3969 3968
f 3939 3940 3969
f 3940 3970 3969
f 3940 3941 3970
f 3941 3971 3970
f 3941 3942 3971
f 3942 3972 3971
f 3942 3943 3972
f 3943 3973 3972
f 3943 3944 3973
f 3944 3974 3973
f 3944 3945 3974
f 3945 3975 3974
f 3945 3946 3975
f 3946 3976 3975
f 3946 3947 3976
f 3947 3977 3976
f 3947 3948 3977
f 3948 3978 3977
f 3948 3949 3978
f 3949 3979 3978
f 3949 3950 3979
f 3950 3980 3979
f 3950 3951 3980
f 3951 3981 3980
f 3951 3952 3981
f 3952 3982 3981
f 3952 3953 3982
f 3953 3983 3982
f 3953 3954 3983
f 3954 3984 3983
f 3954 3955 3984
f 3955 3985 3984
f 3955 3956 3985
f 3956 3986 3985
f 3956 3957 3986
f 3957 3987 3986
f 3957 3958 3987
f 3958 3988 3987
f 3958 3959 3988
f 3959 3989 3988
f 3959 3960 3989
f 3960 3990 3989
f 3961 3962 3991
f 3962 3992 3991
f 3962 3963 3992
f 3963 3993 3992
f 3963 3964 3993
f 3964 3994 3993
f 3964 3965 3994
f 3965 3995 3994
f 3965 3966 3995
f 3966 3996 3995
f 3966 3967 3996
f 3967 3997 3996
f 3967 3968 3997
f 3968 3998 3997
f 3968 3969 3998
f 3969 3999 3998
f 3969 3970 3999
f 3970 4000 3999
f 3970 3971 4000
f 3971 4001 4000
f 3971 3972 4001
f 3972 4002 4001
f 3972 3973 4002
f 3973 4003 4002
f 3973 3974 4003
f 3974 4004 4003
f 3974 3975 4004
f 3975 4005 4004
f 3975 3976 4005
f 3976 4006 4005
f 3976 3977 4006
f 3977 4007 4006
f 3977 3978 4007
f 3978 4008 4007
f 3978 3979 4008
f 3979 4009 4008
f 3979 3980 4009
f 3980 4010 4009
f 3980 3981 4010
f 3981 4011 4010
f 3981 3982 4011
f 3982 4012 4011
f 3982 3983 4012
f 3983 4013 4012
f 3983 3984 4013
f 3984 4014 4013
f 3984 3985 4014
f 3985 4015 4014
f 3985 3986 4015
f 3986 4016 4015
f 3986 3987 4016
f 3987 4017 4016
f 3987 3988 4017
f 3988 4018 4017
f 3988 3989 4018
f 3989 4019 4018
f 3989 3990 4019
f 3990 4020 4019
f 3991 3992 4021
f 3992 4022 4021
f 3992 3993 4022
f 3993 4023 4022
f 3993 3994 4023
f 3994 4024 4023
f 3994 3995 4024
f 3995 4025 4024
f 3995 3996 4025
f 3996 4026 4025
f 3996 3997 4026
f 3997 4027 4026
f 3997 3998 4027
f 3998 4028 4027
f 3998 3999 4028
f 3999 4029 4028
f 3999 4000 4029
f 4000 4030 4029
f 4000 4001 4030
f 4001 4031 4030
f 4001 4002 4031
f 4002 4032 4031
f 4002 4003 4032
f 4003 4033 4032
f 4003 4004 4033
f 4004 4034 4033
f 4004 4005 4034
f 4005 4035 4034
f 4005 4006 4035
f 4006 4036 4035
f 4006 4007 4036
f 4007 4037 4036
f 4007 4008 4037
f 4008 4038 4037
f 4008 4009 4038
f 4009 4039 4038
f 4009 4010 4039
f 4010 4040 4039
f 4010 4011 4040
f 4011 4041 4040
f 4011 4012 4041
f 4012 4042 4041
f 4012 4013 4042
f 4013 4043 4042
f 4013 4014 4043
f 4014 4044 4043
f 4014 4015 4044
f 4015 4045 4044
f 4015 4016 4045
f 4016 4046 4045
f 4016 4017 4046
f 4017 4047 4046
f 4017 4018 4047
f 4018 4048 4047
f 4018 4019 4048
f 4019 4049 4048
f 4019 4020 4049
f 4020 4050 4049
f 4021 4022 4051
f 4022 4052 4051
f 4022 4023 4052
f 4023 4053 4052
f 4023 4024 4053
f 4024 4054 4053
f 4024 4025 4054
f 4025 4055 4054
f 4025 4026 4055
f 4026 4056 4055
f 4026 4027 4056
f 4027 4057 4056
f 4027 4028 4057
f 4028 4058 4057
f 4028 4029 4058
f 4029 4059 4058
f 4029 4030 4059
f 4030 4060 4059
f 4030 4031 4060
f 4031 4061 4060
f 4031 4032 4061
f 4032 4062 4061
f 4032 4033 4062
f 4033 4063 4062
f 4033 4034 4063
f 4034 4064 4063
f 4034 4035 4064
f 4035 4065 4064
f 4035 4036 4065
f 4036 4066 4065
f 4036 4037 4066
f 4037 4067 4066
f 4037 4038 4067
f 4038 4068 4067
f 4038 4039 4068
f 4039 4069 4068
f 4039 4040 4069
f 4040 4070 4069
f 4040 4041 4070
f 4041 4071 4070
f 4041 4042 4071
f 4042 4072 4071
f 4042 4043 4072
f 4043 4073 4072
f 4043 4044 4073
f 4044 4074 4073
f 4044 4045 4074
f 4045 4075 4074
f 4045 4046 4075
f 4046 4076 4075
f 4046 4047 4076
f 4047 4077 4076
f 4047 4048 4077
f 4048 4078 4077
f 4048 4049 4078
f 4049 4079 4078
f 4049 4050 4079
f 4050 4080 4079
f 4051 4052 4081
f 4052 4082 4081
f 4052 4053 4082
f 4053 4083 4082
f 4053 4054 4083
f 4054 4084 4083
f 4054 4055 4084
f 4055 4085 4084
f 4055 4056 4085
f 4056 4086 4085
f 4056 4057 4086
f 4057 4087 4086
f 4057 4058 4087
f 4058 4088 4087
f 4058 4059 4088
f 4059 4089 4088
f 4059 4060 4089
f 4060 4090 4089
f 4060 4061 4090
f 4061 4091 4090
f 4061 4062 4091
f 4062 4092 4091
f 4062 4063 4092
f 4063 4093 4092
f 4063 4064 4093
f 4064 4094 4093
f 4064 4065 4094
f 4065 4095 4094
f 4065 4066 4095
f 4066 4096 4095
f 4066 4067 4096
f 4067 4097 4096
f 4067 4068 4097
f 4068 4098 4097
f 4068 4069 4098
f 4069 4099 4098
f 4069 4070 4099
f 4070 4100 4099
f 4070 4071 4100
f 4071 4101 4100
f 4071 4072 4101
f 4072 4102 4101
f 4072 4073 4102
f 4073 4103 4102
f 4073 4074 4103
f 4074 4104 4103
f 4074 4075 4104
f 4075 4105 4104
f 4075 4076 4105
f 4076 4106 4105
f 4076 4077 4106
f 4077 4107 4106
f 4077 4078 4107
f 4078 4108 4107
f 4078 4079 4108
f 4079 4109 4108
f 4079 4080 4109
f 4080 4110 4109
f 4081 4082 4111
f 4082 4112 4111
f 4082 4083 4112
f 4083 4113 4112
f 4083 4084 4113
f 4084 4114 4113
f 4084 4085 4114
f 4085 4115 4114
f 4085 4086 4115
f 4086 4116 4115
f 4086 4087 4116
f 4087 4117 4116
f 4087 4088 4117
f 4088 4118 4117
f 4088 4089 4118
f 4089 4119 4118
f 4089 4090 4119
f 4090 4120 4119
f 4090 4091 4120
f 4091 4121 4120
f 4091 4092 4121
f 4092 4122 4121
f 4092 4093 4122
f 4093 4123 4122
f 4093 4094 4123
f 4094 4124 4123
f 4094 4095 4124
f 4095 4125 4124
f 4095 4096 4125
f 4096 4126 4125
f 4096 4097 4126
f 4097 4127 4126
f 4097 4098 4127
f 4098 4128 4127
f 4098 4099 4128
f 4099 4129 4128
f 4099 4100 4129
f 4100 4130 4129
f 4100 4101 4130
f 4101 4131 4130
f 4101 4102 4131
f 4102 4132 4131
f 4102 4103 4132
f 4103 4133 4132
f 4103 4104 4133
f 4104 4134 4133
f 4104 4105 4134
f 4105 4135 4134
f 4105 4106 4135
f 4106 4136 4135
f 4106 4107 4136
f 4107 4137 4136
f 4107 4108 4137
f 4108 4138 4137
f 4108 4109 4138
f 4109 4139 4138
f 4109 4110 4139
f 4110 4140 4139
f 4111 4112 4141
f 4112 4142 4141
f 4112 4113 4142
f 4113 4143 4142
f 4113 4114 4143
f 4114 4144 4143
f 4114 4115 4144
f 4115 4145 4144
f 4115 4116 4145
f 4116 4146 4145
f 4116 4117 4146
f 4117 4147 4146
f 4117 4118 4147
f 4118 4148 4147
f 4118 4119 4148
f 4119 4149 4148
f 4119 4120 4149
f 4120 4150 4149
f 4120 4121 4150
f 4121 4151 4150
f 4121 4122 4151
f 4122 4152 4151
f 4122 4123 4152
f 4123 4153 4152
f 4123 4124 4153
f 4124 4154 4153
f 4124 4125 4154
f 4125 4155 4154
f 4125 4126 4155
f 4126 4156 4155
f 4126 4127 4156
f 4127 4157 4156
f 4127 4128 4157
f 4128 4158 4157
f 4128 4129 4158
f 4129 4159 4158
f 4129 4130 4159
f 4130 4160 4159
f 4130 4131 4160
f 4131 4161 4160
f 4131 4132 4161
f 4132 4162 4161
f 4132 4133 4162
f 4133 4163 4162
f 4133 4134 4163
f 4134 4164 4163
f 4134 4135 4164
f 4135 4165 4164
f 4135 4136 4165
f 4136 4166 4165
f 4136 4137 4166
f 4137 4167 4166
f 4137 4138 4167
f 4138 4168 4167
f 4138 4139 4168
f 4139 4169 4168
f 4139 4140 4169
f 4140 4170 4169
f 4141 4142 4171
f 4142 4172 4171
f 4142 4143 4172
f 4143 4173 4172
f 4143 4144 4173
f 4144 4174 4173
f 4144 4145 4174
f 4145 4175 4174
f 4145 4146 4175
f 4146 4176 4175
f 4146 4147 4176
f 4147 4177 4176
f 4147 4148 4177
f 4148 4178 4177
f 4148 4149 4178
f 4149 4179 4178
f 4149 4150 4179
f 4150 4180 4179
f 4150 4151 4180
f 4151 4181 4180
f 4151 4152 4181
f 4152 4182 4181
f 4152 4153 4182
f 4153 4183 4182
f 4153 4154 4183
f 4154 4184 4183
f 4154 4155 4184
f 4155 4185 4184
f 4155 4156 4185
f 4156 4186 4185
f 4156 4157 4186
f 4157 4187 4186
f 4157 4158 4187
f 4158 4188 4187
f 4158 4159 4188
f 4159 4189 4188
f 4159 4160 4189
f 4160 4190 4189
f 4160 4161 4190
f 4161 4191 4190
f 4161 4162 4191
f 4162 4192 4191
f 4162 4163 4192
f 4163 4193 4192
f 4163 4164 4193
f 4164 4194 4193
f 4164 4165 4194
f 4165 4195 4194
f 4165 4166 4195
f 4166 4196 4195
f 4166 4167 4196
f 4167 4197 4196
f 4167 4168 4197
f 4168 4198 4197
f 4168 4169 4198
f 4169 4199 4198
f 4169 4170 4199
f 4170 4200 4199
f 4171 4172 4201
f 4172 4202 4201
f 4172 4173 4202
f 4173 4203 4202
f 4173 4174 4203
f 4174 4204 4203
f 4174 4175 4204
f 4175 4205 4204
f 4175 4176 4205
f 4176 4206 4205
f 4176 4177 4206
f 4177 4207 4206
f 4177 4178 4207
f 4178 4208 4207
f 4178 4179 4208
f 4179 4209 4208
f 4179 4180 4209
f 4180 4210 4209
f 4180 4181 4210
f 4181 4211 4210
f 4181 4182 4211
f 4182 4212 4211
f 4182 4183 4212
f 4183 4213 4212
f 4183 4184 4213
f 4184 4214 4213
f 4184 4185 4214
f 4185 4215 4214
f 4185 4186 4215
f 4186 4216 4215
f 4186 4187 4216
f 4187 4217 4216
f 4187 4188 4217
f 4188 4218 4217
f 4188 4189 4218
f 4189 4219 4218
f 4189 4190 4219
f 4190 4220 4219
f 4190 4191 4220
f 4191 4221 4220
f 4191 4192 4221
f 4192 4222 4221
f 4192 4193 4222
f 4193 4223 4222
f 4193 4194 4223
f 4194 4224 4223
f 4194 4195 4224
f 4195 4225 4224
f 4195 4196 4225
f 4196 4226 4225
f 4196 4197 4226
f 4197 4227 4226
f 4197 4198 4227
f 4198 4228 4227
f 4198 4199 4228
f 4199 4229 4228
f 4199 4200 4229
f 4200 4230 4229
f 4201 4202 4231
f 4202 4232 4231
f 4202 4203 4232
f 4203 4233 4232
f 4203 4204 4233
f 4204 4234 4233
f 4204 4205 4234
f 4205 4235 4234
f 4205 4206 4235
f 4206 4236 4235
f 4206 4207 4236
f 4207 4237 4236
f 4207 4208 4237
f 4208 4238 4237
f 4208 4209 4238
f 4209 4239 4238
f 4209 4210 4239
f 4210 4240 4239
f 4210 4211 4240
f 4211 4241 4240
f 4211 4212 4241
f 4212 4242 4241
f 4212 4213 4242
f 4213 4243 4242
f 4213 4214 4243
f 4214 4244 4243
f 4214 4215 4244
f 4215 4245 4244
f 4215 4216 4245
f 4216 4246 4245
f 4216 4217 4246
f 4217 4247 4246
f 4217 4218 4247
f 4218 4248 4247
f 4218 4219 4248
f 4219 4249 4248
f 4219 4220 4249
f 4220 4250 4249
f 4220 4221 4250
f 4221 4251 4250
f 4221 4222 4251
f 4222 4252 4251
f 4222 4223 4252
f 4223 4253 4252
f 4223 4224 4253
f 4224 4254 4253
f 4224 4225 4254
f 4225 4255 4254
f 4225 4226 4255
f 4226 4256 4255
f 4226 4227 4256
f 4227 4257 4256
f 4227 4228 4257
f 4228 4258 4257
f 4228 4229 4258
f 4229 4259 4258
f 4229 4230 4259
f 4230 4260 4259
f 4231 4232 4261
f 4232 4262 4261
f 4232 4233 4262
f 4233 4263 4262
f 4233 4234 4263
f 4234 4264 4263
f 4234 4235 4264
f 4235 4265 4264
f 4235 4236 4265
f 4236 4266 4265
f 4236 4237 4266
f 4237 4267 4266
f 4237 4238 4267
f 4238 4268 4267
f 4238 4239 4268
f 4239 4269 4268
f 4239 4240 4269
f 4240 4270 4269
f 4240 4241 4270
f 4241 4271 4270
f 4241 4242 4271
f 4242 4272 4271
f 4242 4243 4272
f 4243 4273 4272
f 4243 4244 4273
f 4244 4274 4273
f 4244 4245 4274
f 4245 4275 4274
f 4245 4246 4275
f 4246 4276 4275
f 4246 4247 4276
f 4247 4277 4276
f 4247 4248 4277
f 4248 4278 4277
f 4248 4249 4278
f 4249 4279 4278
f 4249 4250 4279
f 4250 4280 4279
f 4250 4251 4280
f 4251 4281 4280
f 4251 4252 4281
f 4252 4282 4281
f 4252 4253 4282
f 4253 4283 4282
f 4253 4254 4283
f 4254 4284 4283
f 4254 4255 4284
f 4255 4285 4284
f 4255 4256 4285
f 4256 4286 4285
f 4256 4257 4286
f 4257 4287 4286
f 4257 4258 4287
f 4258 4288 4287
f 4258 4259 4288
f 4259 4289 4288
f 4259 4260 4289
f 4260 4290 4289
f 4261 4262 4291
f 4262 4292 4291
f 4262 4263 4292
f 4263 4293 4292
f 4263 4264 4293
f 4264 4294 4293
f 4264 4265 4294
f 4265 4295 4294
f 4265 4266 4295
f 4266 4296 4295
f 4266 4267 4296
f 4267 4297 4296
f 4267 4268 4297
f 4268 4298 4297
f 4268 4269 4298
f 4269 4299 4298
f 4269 4270 4299
f 4270 4300 4299
f 4270 4271 4300
f 4271 4301 4300
f 4271 4272 4301
f 4272 4302 4301
f 4272 4273 4302
f 4273 4303 4302
f 4273 4274 4303
f 4274 4304 4303
f 4274 4275 4304
f 4275 4305 4304
f 4275 4276 4305
f 4276 4306 4305
f 4276 4277 4306
f 4277 4307 4306
f 4277 4278 4307
f 4278 4308 4307
f 4278 4279 4308
f 4279 4309 4308
f 4279 4280 4309
f 4280 4310 4309
f 4280 4281 4310
f 4281 4311 4310
f 4281 4282 4311
f 4282 4312 4311
f 4282 4283 4312
f 4283 4313 4312
f 4283 4284 4313
f 4284 4314 4313
f 4284 4285 4314
f 4285 4315 4314
f 4285 4286 4315
f 4286 4316 4315
f 4286 4287 4316
f 4287 4317 4316
f 4287 4288 4317
f 4288 4318 4317
f 4288 4289 4318
f 4289 4319 4318
f 4289 4290 4319
f 4290 4320 4319
f 4291 4292 4321
f 4292 4322 4321
f 4292 4293 4322
f 4293 4323 4322
f 4293 4294 4323
f 4294 4324 4323
f 4294 4295 4324
f 4295 4325 4324
f 4295 4296 4325
f 4296 4326 4325
f 4296 4297 4326
f 4297 4327 4326
f 4297 4298 4327
f 4298 4328 4327
f 4298 4299 4328
f 4299 4329 4328
f 4299 4300 4329
f 4300 4330 4329
f 4300 4301 4330
f 4301 4331 4330
f 4301 4302 4331
f 4302 4332 4331
f 4302 4303 4332
f 4303 4333 4332
f 4303 4304 4333
f 4304 4334 4333
f 4304 4305 4334
f 4305 4335 4334
f 4305 4306 4335
f 4306 4336 4335
f 4306 4307 4336
f 4307 4337 4336
f 4307 4308 4337
f 4308 4338 4337
f 4308 4309 4338
f 4309 4339 4338
f 4309 4310 4339
f 4310 4340 4339
f 4310 4311 4340
f 4311 4341 4340
f 4311 4312 4341
f 4312 4342 4341
f 4312 4313 4342
f 4313 4343 4342
f 4313 4314 4343
f 4314 4344 4343
f 4314 4315 4344
f 4315 4345 4344
f 4315 4316 4345
f 4316 4346 4345
f 4316 4317 4346
f 4317 4347 4346
f 4317 4318 4347
f 4318 4348 4347
f 4318 4319 4348
f 4319 4349 4348
f 4319 4320 4349
f 4320 4350 4349
f 4321 4322 4351
f 4322 4352 4351
f 4322 4323 4352
f 4323 4353 4352
f 4323 4324 4353
f 4324 4354 4353
f 4324 4325 4354
f 4325 4355 4354
f 4325 4326 4355
f 4326 4356 4355
f 4326 4327 4356
f 4327 4357 4356
f 4327 4328 4357
f 4328 4358 4357
f 4328 4329 4358
f 4329 4359 4358
f 4329 4330 4359
f 4330 4360 4359
f 4330 4331 4360
f 4331 4361 4360
f 4331 4332 4361
f 4332 4362 4361
f 4332 4333 4362
f 4333 4363 4362
f 4333 4334 4363
f 4334 4364 4363
f 4334 4335 4364
f 4335 4365 4364
f 4335 4336 4365
f 4336 4366 4365
f 4336 4337 4366
f 4337 4367 4366
f 4337 4338 4367
f 4338 4368 4367
f 4338 4339 4368
f 4339 4369 4368
f 4339 4340 4369
f 4340 4370 4369
f 4340 4341 4370
f 4341 4371 4370
f 4341 4342 4371
f 4342 4372 4371
f 4342 4343 4372
f 4343 4373 4372
f 4343 4344 4373
f 4344 4374 4373
f 4344 4345 4374
f 4345 4375 4374
f 4345 4346 4375
f 4346 4376 4375
f 4346 4347 4376
f 4347 4377 4376
f 4347 4348 4377
f 4348 4378 4377
f 4348 4349 4378
f 4349 4379 4378
f 4349 4350 4379
f 4350 4380 4379
f 4351 4352 4381
f 4352 4382 4381
f 4352 4353 4382
f 4353 4383 4382
f 4353 4354 4383
f 4354 4384 4383
f 4354 4355 4384
f 4355 4385 4384
f 4355 4356 4385
f 4356 4386 4385
f 4356 4357 4386
f 4357 4387 4386
f 4357 4358 4387
f 4358 4388 4387
f 4358 4359 4388
f 4359 4389 4388
f 4359 4360 4389
f 4360 4390 4389
f 4360 4361 4390
f 4361 4391 4390
f 4361 4362 4391
f 4362 4392 4391
f 4362 4363 4392
f 4363 4393 4392
f 4363 4364 4393
f 4364 4394 4393
f 4364 4365 4394
f 4365 4395 4394
f 4365 4366 4395
f 4366 4396 4395
f 4366 4367 4396
f 4367 4397 4396
f 4367 4368 4397
f 4368 4398 4397
f 4368 4369 4398
f 4369 4399 4398
f 4369 4370 4399
f 4370 4400 4399
f 4370 4371 4400
f 4371 4401 4400
f 4371 4372 4401
f 4372 4402 4401
f 4372 4373 4402
f 4373 4403 4402
f 4373 4374 4403
f 4374 4404 4403
f 4374 4375 4404
f 4375 4405 4404
f 4375 4376 4405
f 4376 4406 4405
f 4376 4377 4406
f 4377 4407 4406
f 4377 4378 4407
f 4378 4408 4407
f 4378 4379 4408
f 4379 4409 4408
f 4379 4380 4409
f 4380 4410 4409
f 4381 4382 4411
f 4382 4412 4411
f 4382 4383 4412
f 4383 4413 4412
f 4383 4384 4413
f 4384 4414 4413
f 4384 4385 4414
f 4385 4415 4414
f 4385 4386 4415
f 4386 4416 4415
f 4386 4387 4416
f 4387 4417 4416
f 4387 4388 4417
f 4388 4418 4417
f 4388 4389 4418
f 4389 4419 4418
f 4389 4390 4419
f 4390 4420 4419
f 4390 4391 4420
f 4391 4421 4420
f 4391 4392 4421
f 4392 4422 4421
f 4392 4393 4422
f 4393 4423 4422
f 4393 4394 4423
f 4394 4424 4423
f 4394 4395 4424
f 4395 4425 4424
f 4395 4396 4425
f 4396 4426 4425
f 4396 4397 4426
f 4397 4427 4426
f 4397 4398 4427
f 4398 4428 4427
f 4398 4399 4428
f 4399 4429 4428
f 4399 4400 4429
f 4400 4430 4429
f 4400 4401 4430
f 4401 4431 4430
f 4401 4402 4431
f 4402 4432 4431
f 4402 4403 4432
f 4403 4433 4432
f 4403 4404 4433
f 4404 4434 4433
f 4404 4405 4434
f 4405 4435 4434
f 4405 4406 4435
f 4406 4436 4435
f 4406 4407 4436
f 4407 4437 4436
f 4407 4408 4437
f 4408 4438 4437
f 4408 4409 4438
f 4409 4439 4438
f 4409 4410 4439
f 4410 4440 4439
f 4411 4412 4441
f 4412 4442 4441
f 4412 4413 4442
f 4413 4443 4442
f 4413 4414 4443
f 4414 4444 4443
f 4414 4415 4444
f 4415 4445 4444
f 4415 4416 4445
f 4416 4446 4445
f 4416 4417 4446
f 4417 4447 4446
f 4417 4418 4447
f 4418 4448 4447
f 4418 4419 4448
f 4419 4449 4448
f 4419 4420 4449
f 4420 4450 4449
f 4420 4421 4450
f 4421 4451 4450
f 4421 4422 4451
f 4422 4452 4451
f 4422 4423 4452
f 4423 4453 4452
f 4423 4424 4453
f 4424 4454 4453
f 4424 4425 4454
f 4425 4455 4454
f 4425 4426 4455
f 4426 4456 4455
f 4426 4427 4456
f 4427 4457 4456
f 4427 4428 4457
f 4428 4458 4457
f 4428 4429 4458
f 4429 4459 4458
f 4429 4430 4459
f 4430 4460 4459
f 4430 4431 4460
f 4431 4461 4460
f 4431 4432 4461
f 4432 4462 4461
f 4432 4433 4462
f 4433 4463 4462
f 4433 4434 4463
f 4434 4464 4463
f 4434 4435 4464
f 4435 4465 4464
f 4435 4436 4465
f 4436 4466 4465
f 4436 4437 4466
f 4437 4467 4466
f 4437 4438 4467
f 4438 4468 4467
f 4438 4439 4468
f 4439 4469 4468
f 4439 4440 4469
f 4440 4470 4469
f 4441 4442 4471
f 4442 4472 4471
f 4442 4443 4472
f 4443 4473 4472
f 4443 4444 4473
f 4444 4474 4473
f 4444 4445 4474
f 4445 4475 4474
f 4445 4446 4475
f 4446 4476 4475
f 4446 4447 4476
f 4447 4477 4476
f 4447 4448 4477
f 4448 4478 4477
f 4448 4449 4478
f 4449 4479 4478
f 4449 4450 4479
f 4450 4480 4479
f 4450 4451 4480
f 4451 4481 4480
f 4451 4452 4481
f 4452 4482 4481
f 4452 4453 4482
f 4453 4483 4482
f 4453 4454 4483
f 4454 4484 4483
f 4454 4455 4484
f 4455 4485 4484
f 4455 4456 4485
f 4456 4486 4485
f 4456 4457 4486
f 4457 4487 4486
f 4457 4458 4487
f 4458 4488 4487
f 4458 4459 4488
f 4459 4489 4488
f 4459 4460 4489
f 4460 4490 4489
f 4460 4461 4490
f 4461 4491 4490
f 4461 4462 4491
f 4462 4492 4491
f 4462 4463 4492
f 4463 4493 4492
f 4463 4464 4493
f 4464 4494 4493
f 4464 4465 4494
f 4465 4495 4494
f 4465 4466 4495
f 4466 4496 4495
f 4466 4467 4496
f 4467 4497 4496
f 4467 4468 4497
f 4468 4498 4497
f 4468 4469 4498
f 4469 4499 4498
f 4469 4470 4499
f 4470 4500 4499
f 4501 4531 4502
f 4502 4531 4532
f 4502 4532 4503
f 4503 4532 4533
f 4503 4533 4504
f 4504 4533 4534
f 4504 4534 4505
f 4505 4534 4535
f 4505 4535 4506
f 4506 4535 4536
f 4506 4536 4507
f 4507 4536 4537
f 4507 4537 4508
f 4508 4537 4538
f 4508 4538 4509
f 4509 4538 4539
f 4509 4539 4510
f 4510 4539 4540
f 4510 4540 4511
f 4511 4540 4541
f 4511 4541 4512
f 4512 4541 4542
f 4512 4542 4513
f 4513 4542 4543
f 4513 4543 4514
f 4514 4543 4544
f 4514 4544 4515
f 4515 4544 4545
f 4515 4545 4516
f 4516 4545 4546
f 4516 4546 4517
f 4517 4546 4547
f 4517 4547 4518
f 4518 4547 4548
f 4518 4548 4519
f 4519 4548 4549
f 4519 4549 4520
f 4520 4549 4550
f 4520 4550 4521
f 4521 4550 4551
f 4521 4551 4522
f 4522 4551 4552
f 4522 4552 4523
f 4523 4552 4553
f 4523 4553 4524
f 4524 4553 4554
f 4524 4554 4525
f 4525 4554 4555
f 4525 4555 4526
f 4526 4555 4556
f 4526 4556 4527
f 4527 4556 4557
f 4527 4557 4528
f 4528 4557 4558
f 4528 4558 4529
f 4529 4558 4559
f 4529 4559 4530
f 4530 4559 4560
f 4531 4561 4532
f 4532 4561 4562
f 4532 4562 4533
f 4533 4562 4563
f 4533 4563 4534
f 4534 4563 4564
f 4534 4564 4535
f 4535 4564 4565
f 4535 4565 4536
f 4536 4565 4566
f 4536 4566 4537
f 4537 4566 4567
f 4537 4567 4538
f 4538 4567 4568
f 4538 4568 4539
f 4539 4568 4569
f 4539 4569 4540
f 4540 4569 4570
f 4540 4570 4541
f 4541 4570 4571
f 4541 4571 4542
f 4542 4571 4572
f 4542 4572 4543
f 4543 4572 4573
f 4543 4573 4544
f 4544 4573 4574
f 4544 4574 4545
f 4545 4574 4575
f 4545 4575 4546
f 4546 4575 4576
f 4546 4576 4547
f 4547 4576 4577
f 4547 4577 4548
f 4548 4577 4578
f 4548 4578 4549
f 4549 4578 4579
f 4549 4579 4550
f 4550 4579 4580
f 4550 4580 4551
f 4551 4580 4581
f 4551 4581 4552
f 4552 4581 4582
f 4552 4582 4553
f 4553 4582 4583
f 4553 4583 4554
f 4554 4583 4584
f 4554 4584 4555
f 4555 4584 4585
f 4555 4585 4556
f 4556 4585 4586
f 4556 4586 4557
f 4557 4586 4587
f 4557 4587 4558
f 4558 4587 4588
f 4558 4588 4559
f 4559 4588 4589
f 4559 4589 4560
f 4560 4589 4590
f 4561 4591 4562
f 4562 4591 4592
f 4562 4592 4563
f 4563 4592 4593
f 4563 4593 4564
f 4564 4593 4594
f 4564 4594 4565
f 4565 4594 4595
f 4565 4595 4566
f 4566 4595 4596
f 4566 4596 4567
f 4567 4596 4597
f 4567 4597 4568
f 4568 4597 4598
f 4568 4598 4569
f 4569 4598 4599
f 4569 4599 4570
f 4570 4599 4600
f 4570 4600 4571
f 4571 4600 4601
f 4571 4601 4572
f 4572 4601 4602
f 4572 4602 4573
f 4573 4602 4603
f 4573 4603 4574
f 4574 4603 4604
f 4574 4604 4575
f 4575 4604 4605
f 4575 4605 4576
f 4576 4605 4606
f 4576 4606 4577
f 4577 4606 4607
f 4577 4607 4578
f 4578 4607 4608
f 4578 4608 4579
f 4579 4608 4609
f 4579 4609 4580
f 4580 4609 4610
f 4580 4610 4581
f 4581 4610 4611
f 4581 4611 4582
f 4582 4611 4612
f 4582 4612 4583
f 4583 4612 4613
f 4583 4613 4584
f 4584 4613 4614
f 4584 4614 4585
f 4585 4614 4615
f 4585 4615 4586
f 4586 4615 4616
f 4586 4616 4587
f 4587 4616 4617
f 4587 4617 4588
f 4588 4617 4618
f 4588 4618 4589
f 4589 4618 4619
f 4589 4619 4590
f 4590 4619 4620
f 4591 4621 4592
f 4592 4621 4622
f 4592 4622 4593
f 4593 4622 4623
f 4593 4623 4594
f 4594 4623 4624
f 4594 4624 4595
f 4595 4624 4625
f 4595 4625 4596
f 4596 4625 4626
f 4596 4626 4597
f 4597 4626 4627
f 4597 4627 4598
f 4598 4627 4628
f 4598 4628 4599
f 4599 4628 4629
f 4599 4629 4600
f 4600 4629 4630
f 4600 4630 4601
f 4601 4630 4631
f 4601 4631 4602
f 4602 4631 4632
f 4602 4632 4603
f 4603 4632 4633
f 4603 4633 4604
f 4604 4633 4634
f 4604 4634 4605
f 4605 4634 4635
f 4605 4635 4606
f 4606 4635 4636
f 4606 4636 4607
f 4607 4636 4637
f 4607 4637 4608
f 4608 4637 4638
f 4608 4638 4609
f 4609 4638 4639
f 4609 4639 4610
f 4610 4639 4640
f 4610 4640 4611
f 4611 4640 4641
f 4611 4641 4612
f 4612 4641 4642
f 4612 4642 4613
f 4613 4642 4643
f 4613 4643 4614
f 4614 4643 4644
f 4614 4644 4615
f 4615 4644 4645
f 4615 4645 4616
f 4616 4645 4646
f 4616 4646 4617
f 4617 4646 4647
f 4617 4647 4618
f 4618 4647 4648
f 4618 4648 4619
f 4619 4648 4649
f 4619 4649 4620
f 4620 4649 4650
f 4621 4651 4622
f 4622 4651 4652
f 4622 4652 4623
f 4623 4652 4653
f 4623 4653 4624
f 4624 4653 4654
f 4624 4654 4625
f 4625 4654 4655
f 4625 4655 4626
f 4626 4655 4656
f 4626 4656 4627
f 4627 4656 4657
f 4627 4657 4628
f 4628 4657 4658
f 4628 4658 4629
f 4629 4658 4659
f 4629 4659 4630
f 4630 4659 4660
f 4630 4660 4631
f 4631 4660 4661
f 4631 4661 4632
f 4632 4661 4662
f 4632 4662 4633
f 4633 4662 4663
f 4633 4663 4634
f 4634 4663 4664
f 4634 4664 4635
f 4635 4664 4665
f 4635 4665 4636
f 4636 4665 4666
f 4636 4666 4637
f 4637 4666 4667
f 4637 4667 4638
f 4638 4667 4668
f 4638 4668 4639
f 4639 4668 4669
f 4639 4669 4640
f 4640 4669 4670
f 4640 4670 4641
f 4641 4670 4671
f 4641 4671 4642
f 4642 4671 4672
f 4642 4672 4643
f 4643 4672 4673
f 4643 4673 4644
f 4644 4673 4674
f 4644 4674 4645
f 4645 4674 4675
f 4645 4675 4646
f 4646 4675 4676
f 4646 4676 4647
f 4647 4676 4677
f 4647 4677 4648
f 4648 4677 4678
f 4648 4678 4649
f 4649 4678 4679
f 4649 4679 4650
f 4650 4679 4680
f 4651 4681 4652
f 4652 4681 4682
f 4652 4682 4653
f 4653 4682 4683
f 4653 4683 4654
f 4654 4683 4684
f 4654 4684 4655
f 4655 4684 4685
f 4655 4685 4656
f 4656 4685 4686
f 4656 4686 4657
f 4657 4686 4687
f 4657 4687 4658
f 4658 4687 4688
f 4658 4688 4659
f 4659 4688 4689
f 4659 4689 4660
f 4660 4689 4690
f 4660 4690 4661
f 4661 4690 4691
f 4661 4691 4662
f 4662 4691 4692
f 4662 4692 4663
f 4663 4692 4693
f 4663 4693 4664
f 4664 4693 4694
f 4664 4694 4665
f 4665 4694 4695
f 4665 4695 4666
f 4666 4695 4696
f 4666 4696 4667
f 4667 4696 4697
f 4667 4697 4668
f 4668 4697 4698
f 4668 4698 4669
f 4669 4698 4699
f 4669 4699 4670
f 4670 4699 4700
f 4670 4700 4671
f 4671 4700 4701
f 4671 4701 4672
f 4672 4701 4702
f 4672 4702 4673
f 4673 4702 4703
f 4673 4703 4674
f 4674 4703 4704
f 4674 4704 4675
f 4675 4704 4705
f 4675 4705 4676
f 4676 4705 4706
f 4676 4706 4677
f 4677 4706 4707
f 4677 4707 4678
f 4678 4707 4708
f 4678 4708 4679
f 4679 4708 4709
f 4679 4709 4680
f 4680 4709 4710
f 4681 4711 4682
f 4682 4711 4712
f 4682 4712 4683
f 4683 4712 4713
f 4683 4713 4684
f 4684 4713 4714
f 4684 4714 4685
f 4685 4714 4715
f 4685 4715 4686
f 4686 4715 4716
f 4686 4716 4687
f 4687 4716 4717
f 4687 4717 4688
f 4688 4717 4718
f 4688 4718 4689
f 4689 4718 4719
f 4689 4719 4690
f 4690 4719 4720
f 4690 4720 4691
f 4691 4720 4721
f 4691 4721 4692
f 4692 4721 4722
f 4692 4722 4693
f 4693 4722 4723
f 4693 4723 4694
f 4694 4723 4724
f 4694 4724 4695
f 4695 4724 4725
f 4695 4725 4696
f 4696 4725 4726
f 4696 4726 4697
f 4697 4726 4727
f 4697 4727 4698
f 4698 4727 4728
f 4698 4728 4699
f 4699 4728 4729
f 4699 4729 4700
f 4700 4729 4730
f 4700 4730 4701
f 4701 4730 4731
f 4701 4731 4702
f 4702 4731 4732
f 4702 4732 4703
f 4703 4732 4733
f 4703 4733 4704
f 4704 4733 4734
f 4704 4734 4705
f 4705 4734 4735
f 4705 4735 4706
f 4706 4735 4736
f 4706 4736 4707
f 4707 4736 4737
f 4707 4737 4708
f 4708 4737 4738
f 4708 4738 4709
f 4709 4738 4739
f 4709 4739 4710
f 4710 4739 4740
f 4711 4741 4712
f 4712 4741 4742
f 4712 4742 4713
f 4713 4742 4743
f 4713 4743 4714
f 4714 4743 4744
f 4714 4744 4715
f 4715 4744 4745
f 4715 4745 4716
f 4716 4745 4746
f 4716 4746 4717
f 4717 4746 4747
f 4717 4747 4718
f 4718 4747 4748
f 4718 4748 4719
f 4719 4748 4749
f 4719 4749 4720
f 4720 4749 4750
f 4720 4750 4721
f 4721 4750 4751
f 4721 4751 4722
f 4722 4751 4752
f 4722 4752 4723
f 4723 4752 4753
f 4723 4753 4724
f 4724 4753 4754
f 4724 4754 4725
f 4725 4754 4755
f 4725 4755 4726
f 4726 4755 4756
f 4726 4756 4727
f 4727 4756 4757
f 4727 4757 4728
f 4728 4757 4758
f 4728 4758 4729
f 4729 4758 4759
f 4729 4759 4730
f 4730 4759 4760
f 4730 4760 4731
f 4731 4760 4761
f 4731 4761 4732
f 4732 4761 4762
f 4732 4762 4733
f 4733 4762 4763
f 4733 4763 4734
f 4734 4763 4764
f 4734 4764 4735
f 4735 4764 4765
f 4735 4765 4736
f 4736 4765 4766
f 4736 4766 4737
f 4737 4766 4767
f 4737 4767 4738
f 4738 4767 4768
f 4738 4768 4739
f 4739 4768 4769
f 4739 4769 4740
f 4740 4769 4770
f 4741 4771 4742
f 4742 4771 4772
f 4742 4772 4743
f 4743 4772 4773
f 4743 4773 4744
f 4744 4773 4774
f 4744 4774 4745
f 4745 4774 4775
f 4745 4775 4746
f 4746 4775 4776
f 4746 4776 4747
f 4747 4776 4777
f 4747 4777 4748
f 4748 4777 4778
f 4748 4778 4749
f 4749 4778 4779
f 4749 4779 4750
f 4750 4779 4780
f 4750 4780 4751
f 4751 4780 4781
f 4751 4781 4752
f 4752 4781 4782
f 4752 4782 4753
f 4753 4782 4783
f 4753 4783 4754
f 4754 4783 4784
f 4754 4784 4755
f 4755 4784 4785
f 4755 4785 4756
f 4756 4785 4786
f 4756 4786 4757
f 4757 4786 4787
f 4757 4787 4758
f 4758 4787 4788
f 4758 4788 4759
f 4759 4788 4789
f 4759 4789 4760
f 4760 4789 4790
f 4760 4790 4761
f 4761 4790 4791
f 4761 4791 4762
f 4762 4791 4792
f 4762 4792 4763
f 4763 4792 4793
f 4763 4793 4764
f 4764 4793 4794
f 4764 4794 4765
f 4765 4794 4795
f 4765 4795 4766
f 4766 4795 4796
f 4766 4796 4767
f 4767 4796 4797
f 4767 4797 4768
f 4768 4797 4798
f 4768 4798 4769
f 4769 4798 4799
f 4769 4799 4770
f 4770 4799 4800
f 4771 4801 4772
f 4772 4801 4802
f 4772 4802 4773
f 4773 4802 4803
f 4773 4803 4774
f 4774 4803 4804
f 4774 4804 4775
f 4775 4804 4805
f 4775 4805 4776
f 4776 4805 4806
f 4776 4806 4777
f 4777 4806 4807
f 4777 4807 4778
f 4778 4807 4808
f 4778 4808 4779
f 4779 4808 4809
f 4779 4809 4780
f 4780 4809 4810
f 4780 4810 4781
f 4781 4810 4811
f 4781 4811 4782
f 4782 4811 4812
f 4782 4812 4783
f 4783 4812 4813
f 4783 4813 4784
f 4784 4813 4814
f 4784 4814 4785
f 4785 4814 4815
f 4785 4815 4786
f 4786 4815 4816
f 4786 4816 4787
f 4787 4816 4817
f 4787 4817 4788
f 4788 4817 4818
f 4788 4818 4789
f 4789 4818 4819
f 4789 4819 4790
f 4790 4819 4820
f 4790 4820 4791
f 4791 4820 4821
f 4791 4821 4792
f 4792 4821 4822
f 4792 4822 4793
f 4793 4822 4823
f 4793 4823 4794
f 4794 4823 4824
f 4794 4824 4795
f 4795 4824 4825
f 4795 4825 4796
f 4796 4825 4826
f 4796 4826 4797
f 4797 4826 4827
f 4797 4827 4798
f 4798 4827 4828
f 4798 4828 4799
f 4799 4828 4829
f 4799 4829 4800
f 4800 4829 4830
f 4801 4831 4802
f 4802 4831 4832
f 4802 4832 4803
f 4803 4832 4833
f 4803 4833 4804
f 4804 4833 4834
f 4804 4834 4805
f 4805 4834 4835
f 4805 4835 4806
f 4806 4835 4836
f 4806 4836 4807
f 4807 4836 4837
f 4807 4837 4808
f 4808 4837 4838
f 4808 4838 4809
f 4809 4838 4839
f 4809 4839 4810
f 4810 4839 4840
f 4810 4840 4811
f 4811 4840 4841
f 4811 4841 4812
f 4812 4841 4842
f 4812 4842 4813
f 4813 4842 4843
f 4813 4843 4814
f 4814 4843 4844
f 4814 4844 4815
f 4815 4844 4845
f 4815 4845 4816
f 4816 4845 4846
f 4816 4846 4817
f 4817 4846 4847
f 4817 4847 4818
f 4818 4847 4848
f 4818 4848 4819
f 4819 4848 4849
f 4819 4849 4820
f 4820 4849 4850
f 4820 4850 4821
f 4821 4850 4851
f 4821 4851 4822
f 4822 4851 4852
f 4822 4852 4823
f 4823 4852 4853
f 4823 4853 4824
f 4824 4853 4854
f 4824 4854 4825
f 4825 4854 4855
f 4825 4855 4826
f 4826 4855 4856
f 4826 4856 4827
f 4827 4856 4857
f 4827 4857 4828
f 4828 4857 4858
f 4828 4858 4829
f 4829 4858 4859
f 4829 4859 4830
f 4830 4859 4860
f 4831 4861 4832
f 4832 4861 4862
f 4832 4862 4833
f 4833 4862 4863
f 4833 4863 4834
f 4834 4863 4864
f 4834 4864 4835
f 4835 4864 4865
f 4835 4865 4836
f 4836 4865 4866
f 4836 4866 4837
f 4837 4866 4867
f 4837 4867 4838
f 4838 4867 4868
f 4838 4868 4839
f 4839 4868 4869
f 4839 4869 4840
f 4840 4869 4870
f 4840 4870 4841
f 4841 4870 4871
f 4841 4871 4842
f 4842 4871 4872
f 4842 4872 4843
f 4843 4872 4873
f 4843 4873 4844
f 4844 4873 4874
f 4844 4874 4845
f 4845 4874 4875
f 4845 4875 4846
f 4846 4875 4876
f 4846 4876 4847
f 4847 4876 4877
f 4847 4877 4848
f 4848 4877 4878
f 4848 4878 4849
f 4849 4878 4879
f 4849 4879 4850
f 4850 4879 4880
f 4850 4880 4851
f 4851 4880 4881
f 4851 4881 4852
f 4852 4881 4882
f 4852 4882 4853
f 4853 4882 4883
f 4853 4883 4854
f 4854 4883 4884
f 4854 4884 4855
f 4855 4884 4885
f 4855 4885 4856
f 4856 4885 4886
f 4856 4886 4857
f 4857 4886 4887
f 4857 4887 4858
f 4858 4887 4888
f 4858 4888 4859
f 4859 4888 4889
f 4859 4889 4860
f 4860 4889 4890
f 4861 4891 4862
f 4862 4891 4892
f 4862 4892 4863
f 4863 4892 4893
f 4863 4893 4864
f 4864 4893 4894
f 4864 4894 4865
f 4865 4894 4895
f 4865 4895 4866
f 4866 4895 4896
f 4866 4896 4867
f 4867 4896 4897
f 4867 4897 4868
f 4868 4897 4898
f 4868 4898 4869
f 4869 4898 4899
f 4869 4899 4870
f 4870 4899 4900
f 4870 4900 4871
f 4871 4900 4901
f 4871 4901 4872
f 4872 4901 4902
f 4872 4902 4873
f 4873 4902 4903
f 4873 4903 4874
f 4874 4903 4904
f 4874 4904 4875
f 4875 4904 4905
f 4875 4905 4876
f 4876 4905 4906
f 4876 4906 4877
f 4877 4906 4907
f 4877 4907 4878
f 4878 4907 4908
f 4878 4908 4879
f 4879 4908 4909
f 4879 4909 4880
f 4880 4909 4910
f 4880 4910 4881
f 4881 4910 4911
f 4881 4911 4882
f 4882 4911 4912
f 4882 4912 4883
f 4883 4912 4913
f 4883 4913 4884
f 4884 4913 4914
f 4884 4914 4885
f 4885 4914 4915
f 4885 4915 4886
f 4886 4915 4916
f 4886 4916 4887
f 4887 4916 4917
f 4887 4917 4888
f 4888 4917 4918
f 4888 4918 4889
f 4889 4918 4919
f 4889 4919 4890
f 4890 4919 4920
f 4891 4921 4892
f 4892 4921 4922
f 4892 4922 4893
f 4893 4922 4923
f 4893 4923 4894
f 4894 4923 4924
f 4894 4924 4895
f 4895 4924 4925
f 4895 4925 4896
f 4896 4925 4926
f 4896 4926 4897
f 4897 4926 4927
f 4897 4927 4898
f 4898 4927 4928
f 4898 4928 4899
f 4899 4928 4929
f 4899 4929 4900
f 4900 4929 4930
f 4900 4930 4901
f 4901 4930 4931
f 4901 4931 4902
f 4902 4931 4932
f 4902 4932 4903
f 4903 4932 4933
f 4903 4933 4904
f 4904 4933 4934
f 4904 4934 4905
f 4905 4934 4935
f 4905 4935 4906
f 4906 4935 4936
f 4906 4936 4907
f 4907 4936 4937
f 4907 4937 4908
f 4908 4937 4938
f 4908 4938 4909
f 4909 4938 4939
f 4909 4939 4910
f 4910 4939 4940
f 4910 4940 4911
f 4911 4940 4941
f 4911 4941 4912
f 4912 4941 4942
f 4912 4942 4913
f 4913 4942 4943
f 4913 4943 4914
f 4914 4943 4944
f 4914 4944 4915
f 4915 4944 4945
f 4915 4945 4916
f 4916 4945 4946
f 4916 4946 4917
f 4917 4946 4947
f 4917 4947 4918
f 4918 4947 4948
f 4918 4948 4919
f 4919 4948 4949
f 4919 4949 4920
f 4920 4949 4950
f 4921 4951 4922
f 4922 4951 4952
f 4922 4952 4923
f 4923 4952 4953
f 4923 4953 4924
f 4924 4953 4954
f 4924 4954 4925
f 4925 4954 4955
f 4925 4955 4926
f 4926 4955 4956
f 4926 4956 4927
f 4927 4956 4957
f 4927 4957 4928
f 4928 4957 4958
f 4928 4958 4929
f 4929 4958 4959
f 4929 4959 4930
f 4930 4959 4960
f 4930 4960 4931
f 4931 4960 4961
f 4931 4961 4932
f 4932 4961 4962
f 4932 4962 4933
f 4933 4962 4963
f 4933 4963 4934
f 4934 4963 4964
f 4934 4964 4935
f 4935 4964 4965
f 4935 4965 4936
f 4936 4965 4966
f 4936 4966 4937
f 4937 4966 4967
f 4937 4967 4938
f 4938 4967 4968
f 4938 4968 4939
f 4939 4968 4969
f 4939 4969 4940
f 4940 4969 4970
f 4940 4970 4941
f 4941 4970 4971
f 4941 4971 4942
f 4942 4971 4972
f 4942 4972 4943
f 4943 4972 4973
f 4943 4973 4944
f 4944 4973 4974
f 4944 4974 4945
f 4945 4974 4975
f 4945 4975 4946
f 4946 4975 4976
f 4946 4976 4947
f 4947 4976 4977
f 4947 4977 4948
f 4948 4977 4978
f 4948 4978 4949
f 4949 4978 4979
f 4949 4979 4950
f 4950 4979 4980
f 4951 4981 4952
f 4952 4981 4982
f 4952 4982 4953
f 4953 4982 4983
f 4953 4983 4954
f 4954 4983 4984
f 4954 4984 4955
f 4955 4984 4985
f 4955 4985 4956
f 4956 4985 4986
f 4956 4986 4957
f 4957 4986 4987
f 4957 4987 4958
f 4958 4987 4988
f 4958 4988 4959
f 4959 4988 4989
f 4959 4989 4960
f 4960 4989 4990
f 4960 4990 4961
f 4961 4990 4991
f 4961 4991 4962
f 4962 4991 4992
f 4962 4992 4963
f 4963 4992 4993
f 4963 4993 4964
f 4964 4993 4994
f 4964 4994 4965
f 4965 4994 4995
f 4965 4995 4966
f 4966 4995 4996
f 4966 4996 4967
f 4967 4996 4997
f 4967 4997 4968
f 4968 4997 4998
f 4968 4998 4969
f 4969 4998 4999
f 4969 4999 4970
f 4970 4999 5000
f 4970 5000 4971
f 4971 5000 5001
f 4971 5001 4972
f 4972 5001 5002
f 4972 5002 4973
f 4973 5002 5003
f 4973 5003 4974
f 4974 5003 5004
f 4974 5004 4975
f 4975 5004 5005
f 4975 5005 4976
f 4976 5005 5006
f 4976 5006 4977
f 4977 5006 5007
f 4977 5007 4978
f 4978 5007 5008
f 4978 5008 4979
f 4979 5008 5009
f 4979 5009 4980
f 4980 5009 5010
f 4981 5011 4982
f 4982 5011 5012
f 4982 5012 4983
f 4983 5012 5013
f 4983 5013 4984
f 4984 5013 5014
f 4984 5014 4985
f 4985 5014 5015
f 4985 5015 4986
f 4986 5015 5016
f 4986 5016 4987
f 4987 5016 5017
f 4987 5017 4988
f 4988 5017 5018
f 4988 5018 4989
f 4989 5018 5019
f 4989 5019 4990
f 4990 5019 5020
f 4990 5020 4991
f 4991 5020 5021
f 4991 5021 4992
f 4992 5021 5022
f 4992 5022 4993
f 4993 5022 5023
f 4993 5023 4994
f 4994 5023 5024
f 4994 5024 4995
f 4995 5024 5025
f 4995 5025 4996
f 4996 5025 5026
f 4996 5026 4997
f 4997 5026 5027
f 4997 5027 4998
f 4998 5027 5028
f 4998 5028 4999
f 4999 5028 5029
f 4999 5029 5000
f 5000 5029 5030
f 5000 5030 5001
f 5001 5030 5031
f 5001 5031 5002
f 5002 5031 5032
f 5002 5032 5003
f 5003 5032 5033
f 5003 5033 5004
f 5004 5033 5034
f 5004 5034 5005
f 5005 5034 5035
f 5005 5035 5006
f 5006 5035 5036
f 5006 5036 5007
f 5007 5036 5037
f 5007 5037 5008
f 5008 5037 5038
f 5008 5038 5009
f 5009 5038 5039
f 5009 5039 5010
f 5010 5039 5040
f 5011 5041 5012
f 5012 5041 5042
f 5012 5042 5013
f 5013 5042 5043
f 5013 5043 5014
f 5014 5043 5044
f 5014 5044 5015
f 5015 5044 5045
f 5015 5045 5016
f 5016 5045 5046
f 5016 5046 5017
f 5017 5046 5047
f 5017 5047 5018
f 5018 5047 5048
f 5018 5048 5019
f 5019 5048 5049
f 5019 5049 5020
f 5020 5049 5050
f 5020 5050 5021
f 5021 5050 5051
f 5021 5051 5022
f 5022 5051 5052
f 5022 5052 5023
f 5023 5052 5053
f 5023 5053 5024
f 5024 5053 5054
f 5024 5054 5025
f 5025 5054 5055
f 5025 5055 5026
f 5026 5055 5056
f 5026 5056 5027
f 5027 5056 5057
f 5027 5057 5028
f 5028 5057 5058
f 5028 5058 5029
f 5029 5058 5059
f 5029 5059 5030
f 5030 5059 5060
f 5030 5060 5031
f 5031 5060 5061
f 5031 5061 5032
f 5032 5061 5062
f 5032 5062 5033
f 5033 5062 5063
f 5033 5063 5034
f 5034 5063 5064
f 5034 5064 5035
f 5035 5064 5065
f 5035 5065 5036
f 5036 5065 5066
f 5036 5066 5037
f 5037 5066 5067
f 5037 5067 5038
f 5038 5067 5068
f 5038 5068 5039
f 5039 5068 5069
f 5039 5069 5040
f 5040 5069 5070
f 5041 5071 5042
f 5042 5071 5072
f 5042 5072 5043
f 5043 5072 5073
f 5043 5073 5044
f 5044 5073 5074
f 5044 5074 5045
f 5045 5074 5075
f 5045 5075 5046
f 5046 5075 5076
f 5046 5076 5047
f 5047 5076 5077
f 5047 5077 5048
f 5048 5077 5078
f 5048 5078 5049
f 5049 5078 5079
f 5049 5079 5050
f 5050 5079 5080
f 5050 5080 5051
f 5051 5080 5081
f 5051 5081 5052
f 5052 5081 5082
f 5052 5082 5053
f 5053 5082 5083
f 5053 5083 5054
f 5054 5083 5084
f 5054 5084 5055
f 5055 5084 5085
f 5055 5085 5056
f 5056 5085 5086
f 5056 5086 5057
f 5057 5086 5087
f 5057 5087 5058
f 5058 5087 5088
f 5058 5088 5059
f 5059 5088 5089
f 5059 5089 5060
f 5060 5089 5090
f 5060 5090 5061
f 5061 5090 5091
f 5061 5091 5062
f 5062 5091 5092
f 5062 5092 5063
f 5063 5092 5093
f 5063 5093 5064
f 5064 5093 5094
f 5064 5094 5065
f 5065 5094 5095
f 5065 5095 5066
f 5066 5095 5096
f 5066 5096 5067
f 5067 5096 5097
f 5067 5097 5068
f 5068 5097 5098
f 5068 5098 5069
f 5069 5098 5099
f 5069 5099 5070
f 5070 5099 5100
f 5071 5101 5072
f 5072 5101 5102
f 5072 5102 5073
f 5073 5102 5103
f 5073 5103 5074
f 5074 5103 5104
f 5074 5104 5075
f 5075 5104 5105
f 5075 5105 5076
f 5076 5105 5106
f 5076 5106 5077
f 5077 5106 5107
f 5077 5107 5078
f 5078 5107 5108
f 5078 5108 5079
f 5079 5108 5109
f 5079 5109 5080
f 5080 5109 5110
f 5080 5110 5081
f 5081 5110 5111
f 5081 5111 5082
f 5082 5111 5112
f 5082 5112 5083
f 5083 5112 5113
f 5083 5113 5084
f 5084 5113 5114
f 5084 5114 5085
f 5085 5114 5115
f 5085 5115 5086
f 5086 5115 5116
f 5086 5116 5087
f 5087 5116 5117
f 5087 5117 5088
f 5088 5117 5118
f 5088 5118 5089
f 5089 5118 5119
f 5089 5119 5090
f 5090 5119 5120
f 5090 5120 5091
f 5091 5120 5121
f 5091 5121 5092
f 5092 5121 5122
f 5092 5122 5093
f 5093 5122 5123
f 5093 5123 5094
f 5094 5123 5124
f 5094 5124 5095
f 5095 5124 5125
f 5095 5125 5096
f 5096 5125 5126
f 5096 5126 5097
f 5097 5126 5127
f 5097 5127 5098
f 5098 5127 5128
f 5098 5128 5099
f 5099 5128 5129
f 5099 5129 5100
f 5100 5129 5130
f 5101 5131 5102
f 5102 5131 5132
f 5102 5132 5103
f 5103 5132 5133
f 5103 5133 5104
f 5104 5133 5134
f 5104 5134 5105
f 5105 5134 5135
f 5105 5135 5106
f 5106 5135 5136
f 5106 5136 5107
f 5107 5136 5137
f 5107 5137 5108
f 5108 5137 5138
f 5108 5138 5109
f 5109 5138 5139
f 5109 5139 5110
f 5110 5139 5140
f 5110 5140 5111
f 5111 5140 5141
f 5111 5141 5112
f 5112 5141 5142
f 5112 5142 5113
f 5113 5142 5143
f 5113 5143 5114
f 5114 5143 5144
f 5114 5144 5115
f 5115 5144 5145
f 5115 5145 5116
f 5116 5145 5146
f 5116 5146 5117
f 5117 5146 5147
f 5117 5147 5118
f 5118 5147 5148
f 5118 5148 5119
f 5119 5148 5149
f 5119 5149 5120
f 5120 5149 5150
f 5120 5150 5121
f 5121 5150 5151
f 5121 5151 5122
f 5122 5151 5152
f 5122 5152 5123
f 5123 5152 5153
f 5123 5153 5124
f 5124 5153 5154
f 5124 5154 5125
f 5125 5154 5155
f 5125 5155 5126
f 5126 5155 5156
f 5126 5156 5127
f 5127 5156 5157
f 5127 5157 5128
f 5128 5157 5158
f 5128 5158 5129
f 5129 5158 5159
f 5129 5159 5130
f 5130 5159 5160
f 5131 5161 5132
f 5132 5161 5162
f 5132 5162 5133
f 5133 5162 5163
f 5133 5163 5134
f 5134 5163 5164
f 5134 5164 5135
f 5135 5164 5165
f 5135 5165 5136
f 5136 5165 5166
f 5136 5166 5137
f 5137 5166 5167
f 5137 5167 5138
f 5138 5167 5168
f 5138 5168 5139
f 5139 5168 5169
f 5139 5169 5140
f 5140 5169 5170
f 5140 5170 5141
f 5141 5170 5171
f 5141 5171 5142
f 5142 5171 5172
f 5142 5172 5143
f 5143 5172 5173
f 5143 5173 5144
f 5144 5173 5174
f 5144 5174 5145
f 5145 5174 5175
f 5145 5175 5146
f 5146 5175 5176
f 5146 5176 5147
f 5147 5176 5177
f 5147 5177 5148
f 5148 5177 5178
f 5148 5178 5149
f 5149 5178 5179
f 5149 5179 5150
f 5150 5179 5180
f 5150 5180 5151
f 5151 5180 5181
f 5151 5181 5152
f 5152 5181 5182
f 5152 5182 5153
f 5153 5182 5183
f 5153 5183 5154
f 5154 5183 5184
f 5154 5184 5155
f 5155 5184 5185
f 5155 5185 5156
f 5156 5185 5186
f 5156 5186 5157
f 5157 5186 5187
f 5157 5187 5158
f 5158 5187 5188
f 5158 5188 5159
f 5159 5188 5189
f 5159 5189 5160
f 5160 5189 5190
f 5161 5191 5162
f 5162 5191 5192
f 5162 5192 5163
f 5163 5192 5193
f 5163 5193 5164
f 5164 5193 5194
f 5164 5194 5165
f 5165 5194 5195
f 5165 5195 5166
f 5166 5195 5196
f 5166 5196 5167
f 5167 5196 5197
f 5167 5197 5168
f 5168 5197 5198
f 5168 5198 5169
f 5169 5198 5199
f 5169 5199 5170
f 5170 5199 5200
f 5170 5200 5171
f 5171 5200 5201
f 5171 5201 5172
f 5172 5201 5202
f 5172 5202 5173
f 5173 5202 5203
f 5173 5203 5174
f 5174 5203 5204
f 5174 5204 5175
f 5175 5204 5205
f 5175 5205 5176
f 5176 5205 5206
f 5176 5206 5177
f 5177 5206 5207
f 5177 5207 5178
f 5178 5207 5208
f 5178 5208 5179
f 5179 5208 5209
f 5179 5209 5180
f 5180 5209 5210
f 5180 5210 5181
f 5181 5210 5211
f 5181 5211 5182
f 5182 5211 5212
f 5182 5212 5183
f 5183 5212 5213
f 5183 5213 5184
f 5184 5213 5214
f 5184 5214 5185
f 5185 5214 5215
f 5185 5215 5186
f 5186 5215 5216
f 5186 5216 5187
f 5187 5216 5217
f 5187 5217 5188
f 5188 5217 5218
f 5188 5218 5189
f 5189 5218 5219
f 5189 5219 5190
f 5190 5219 5220
f 5191 5221 5192
f 5192 5221 5222
f 5192 5222 5193
f 5193 5222 5223
f 5193 5223 5194
f 5194 5223 5224
f 5194 5224 5195
f 5195 5224 5225
f 5195 5225 5196
f 5196 5225 5226
f 5196 5226 5197
f 5197 5226 5227
f 5197 5227 5198
f 5198 5227 5228
f 5198 5228 5199
f 5199 5228 5229
f 5199 5229 5200
f 5200 5229 5230
f 5200 5230 5201
f 5201 5230 5231
f 5201 5231 5202
f 5202 5231 5232
f 5202 5232 5203
f 5203 5232 5233
f 5203 5233 5204
f 5204 5233 5234
f 5204 5234 5205
f 5205 5234 5235
f 5205 5235 5206
f 5206 5235 5236
f 5206 5236 5207
f 5207 5236 5237
f 5207 5237 5208
f 5208 5237 5238
f 5208 5238 5209
f 5209 5238 5239
f 5209 5239 5210
f 5210 5239 5240
f 5210 5240 5211
f 5211 5240 5241
f 5211 5241 5212
f 5212 5241 5242
f 5212 5242 5213
f 5213 5242 5243
f 5213 5243 5214
f 5214 5243 5244
f 5214 5244 5215
f 5215 5244 5245
f 5215 5245 5216
f 5216 5245 5246
f 5216 5246 5217
f 5217 5246 5247
f 5217 5247 5218
f 5218 5247 5248
f 5218 5248 5219
f 5219 5248 5249
f 5219 5249 5220
f 5220 5249 5250
f 5221 5251 5222
f 5222 5251 5252
f 5222 5252 5223
f 5223 5252 5253
f 5223 5253 5224
f 5224 5253 5254
f 5224 5254 5225
f 5225 5254 5255
f 5225 5255 5226
f 5226 5255 5256
f 5226 5256 5227
f 5227 5256 5257
f 5227 5257 5228
f 5228 5257 5258
f 5228 5258 5229
f 5229 5258 5259
f 5229 5259 5230
f 5230 5259 5260
f 5230 5260 5231
f 5231 5260 5261
f 5231 5261 5232
f 5232 5261 5262
f 5232 5262 5233
f 5233 5262 5263
f 5233 5263 5234
f 5234 5263 5264
f 5234 5264 5235
f 5235 5264 5265
f 5235 5265 5236
f 5236 5265 5266
f 5236 5266 5237
f 5237 5266 5267
f 5237 5267 5238
f 5238 5267 5268
f 5238 5268 5239
f 5239 5268 5269
f 5239 5269 5240
f 5240 5269 5270
f 5240 5270 5241
f 5241 5270 5271
f 5241 5271 5242
f 5242 5271 5272
f 5242 5272 5243
f 5243 5272 5273
f 5243 5273 5244
f 5244 5273 5274
f 5244 5274 5245
f 5245 5274 5275
f 5245 5275 5246
f 5246 5275 5276
f 5246 5276 5247
f 5247 5276 5277
f 5247 5277 5248
f 5248 5277 5278
f 5248 5278 5249
f 5249 5278 5279
f 5249 5279 5250
f 5250 5279 5280
f 5251 5281 5252
f 5252 5281 5282
f 5252 5282 5253
f 5253 5282 5283
f 5253 5283 5254
f 5254 5283 5284
f 5254 5284 5255
f 5255 5284 5285
f 5255 5285 5256
f 5256 5285 5286
f 5256 5286 5257
f 5257 5286 5287
f 5257 5287 5258
f 5258 5287 5288
f 5258 5288 5259
f 5259 5288 5289
f 5259 5289 5260
f 5260 5289 5290
f 5260 5290 5261
f 5261 5290 5291
f 5261 5291 5262
f 5262 5291 5292
f 5262 5292 5263
f 5263 5292 5293
f 5263 5293 5264
f 5264 5293 5294
f 5264 5294 5265
f 5265 5294 5295
f 5265 5295 5266
f 5266 5295 5296
f 5266 5296 5267
f 5267 5296 5297
f 5267 5297 5268
f 5268 5297 5298
f 5268 5298 5269
f 5269 5298 5299
f 5269 5299 5270
f 5270 5299 5300
f 5270 5300 5271
f 5271 5300 5301
f 5271 5301 5272
f 5272 5301 5302
f 5272 5302 5273
f 5273 5302 5303
f 5273 5303 5274
f 5274 5303 5304
f 5274 5304 5275
f 5275 5304 5305
f 5275 5305 5276
f 5276 5305 5306
f 5276 5306 5277
f 5277 5306 5307
f 5277 5307 5278
f 5278 5307 5308
f 5278 5308 5279
f 5279 5308 5309
f 5279 5309 5280
f 5280 5309 5310
f 5281 5311 5282
f 5282 5311 5312
f 5282 5312 5283
f 5283 5312 5313
f 5283 5313 5284
f 5284 5313 5314
f 5284 5314 5285
f 5285 5314 5315
f 5285 5315 5286
f 5286 5315 5316
f 5286 5316 5287
f 5287 5316 5317
f 5287 5317 5288
f 5288 5317 5318
f 5288 5318 5289
f 5289 5318 5319
f 5289 5319 5290
f 5290 5319 5320
f 5290 5320 5291
f 5291 5320 5321
f 5291 5321 5292
f 5292 5321 5322
f 5292 5322 5293
f 5293 5322 5323
f 5293 5323 5294
f 5294 5323 5324
f 5294 5324 5295
f 5295 5324 5325
f 5295 5325 5296
f 5296 5325 5326
f 5296 5326 5297
f 5297 5326 5327
f 5297 5327 5298
f 5298 5327 5328
f 5298 5328 5299
f 5299 5328 5329
f 5299 5329 5300
f 5300 5329 5330
f 5300 5330 5301
f 5301 5330 5331
f 5301 5331 5302
f 5302 5331 5332
f 5302 5332 5303
f 5303 5332 5333
f 5303 5333 5304
f 5304 5333 5334
f 5304 5334 5305
f 5305 5334 5335
f 5305 5335 5306
f 5306 5335 5336
f 5306 5336 5307
f 5307 5336 5337
f 5307 5337 5308
f 5308 5337 5338
f 5308 5338 5309
f 5309 5338 5339
f 5309 5339 5310
f 5310 5339 5340
f 5311 5341 5312
f 5312 5341 5342
f 5312 5342 5313
f 5313 5342 5343
f 5313 5343 5314
f 5314 5343 5344
f 5314 5344 5315
f 5315 5344 5345
f 5315 5345 5316
f 5316 5345 5346
f 5316 5346 5317
f 5317 5346 5347
f 5317 5347 5318
f 5318 5347 5348
f 5318 5348 5319
f 5319 5348 5349
f 5319 5349 5320
f 5320 5349 5350
f 5320 5350 5321
f 5321 5350 5351
f 5321 5351 5322
f 5322 5351 5352
f 5322 5352 5323
f 5323 5352 5353
f 5323 5353 5324
f 5324 5353 5354
f 5324 5354 5325
f 5325 5354 5355
f 5325 5355 5326
f 5326 5355 5356
f 5326 5356 5327
f 5327 5356 5357
f 5327 5357 5328
f 5328 5357 5358
f 5328 5358 5329
f 5329 5358 5359
f 5329 5359 5330
f 5330 5359 5360
f 5330 5360 5331
f 5331 5360 5361
f 5331 5361 5332
f 5332 5361 5362
f 5332 5362 5333
f 5333 5362 5363
f 5333 5363 5334
f 5334 5363 5364
f 5334 5364 5335
f 5335 5364 5365
f 5335 5365 5336
f 5336 5365 5366
f 5336 5366 5337
f 5337 5366 5367
f 5337 5367 5338
f 5338 5367 5368
f 5338 5368 5339
f 5339 5368 5369
f 5339 5369 5340
f 5340 5369 5370
f 5341 5371 5342
f 5342 5371 5372
f 5342 5372 5343
f 5343 5372 5373
f 5343 5373 5344
f 5344 5373 5374
f 5344 5374 5345
f 5345 5374 5375
f 5345 5375 5346
f 5346 5375 5376
f 5346 5376 5347
f 5347 5376 5377
f 5347 5377 5348
f 5348 5377 5378
f 5348 5378 5349
f 5349 5378 5379
f 5349 5379 5350
f 5350 5379 5380
f 5350 5380 5351
f 5351 5380 5381
f 5351 5381 5352
f 5352 5381 5382
f 5352 5382 5353
f 5353 5382 5383
f 5353 5383 5354
f 5354 5383 5384
f 5354 5384 5355
f 5355 5384 5385
f 5355 5385 5356
f 5356 5385 5386
f 5356 5386 5357
f 5357 5386 5387
f 5357 5387 5358
f 5358 5387 5388
f 5358 5388 5359
f 5359 5388 5389
f 5359 5389 5360
f 5360 5389 5390
f 5360 5390 5361
f 5361 5390 5391
f 5361 5391 5362
f 5362 5391 5392
f 5362 5392 5363
f 5363 5392 5393
f 5363 5393 5364
f 5364 5393 5394
f 5364 5394 5365
f 5365 5394 5395
f 5365 5395 5366
f 5366 5395 5396
f 5366 5396 5367
f 5367 5396 5397
f 5367 5397 5368
f 5368 5397 5398
f 5368 5398 5369
f 5369 5398 5399
f 5369 5399 5370
f 5370 5399 5400
