# hollow_cylinder_very_dense.obj
# vertices: 1920, triangles: 3360
# generated by gen_meshes.py
o object
v 0.4000000000 0.0000000000 0.0000000000
v 0.3978087581 0.0418113853 0.0000000000
v 0.3912590403 0.0831646763 0.0000000000
v 0.3804226065 0.1236067977 0.0000000000
v 0.3654181831 0.1626946572 0.0000000000
v 0.3464101615 0.2000000000 0.0000000000
v 0.3236067977 0.2351141009 0.0000000000
v 0.2972579302 0.2676522425 0.0000000000
v 0.2676522425 0.2972579302 0.0000000000
v 0.2351141009 0.3236067977 0.0000000000
v 0.2000000000 0.3464101615 0.0000000000
v 0.1626946572 0.3654181831 0.0000000000
v 0.1236067977 0.3804226065 0.0000000000
v 0.0831646763 0.3912590403 0.0000000000
v 0.0418113853 0.3978087581 0.0000000000
v 0.0000000000 0.4000000000 0.0000000000
v -0.0418113853 0.3978087581 0.0000000000
v -0.0831646763 0.3912590403 0.0000000000
v -0.1236067977 0.3804226065 0.0000000000
v -0.1626946572 0.3654181831 0.0000000000
v -0.2000000000 0.3464101615 0.0000000000
v -0.2351141009 0.3236067977 0.0000000000
v -0.2676522425 0.2972579302 0.0000000000
v -0.2972579302 0.2676522425 0.0000000000
v -0.3236067977 0.2351141009 0.0000000000
v -0.3464101615 0.2000000000 0.0000000000
v -0.3654181831 0.1626946572 0.0000000000
v -0.3804226065 0.1236067977 0.0000000000
v -0.3912590403 0.0831646763 0.0000000000
v -0.3978087581 0.0418113853 0.0000000000
v -0.4000000000 0.0000000000 0.0000000000
v -0.3978087581 -0.0418113853 0.0000000000
v -0.3912590403 -0.0831646763 0.0000000000
v -0.3804226065 -0.1236067977 0.0000000000
v -0.3654181831 -0.1626946572 0.0000000000
v -0.3464101615 -0.2000000000 0.0000000000
v -0.3236067977 -0.2351141009 0.0000000000
v -0.2972579302 -0.2676522425 0.0000000000
v -0.2676522425 -0.2972579302 0.0000000000
v -0.2351141009 -0.3236067977 0.0000000000
v -0.2000000000 -0.3464101615 0.0000000000
v -0.1626946572 -0.3654181831 0.0000000000
v -0.1236067977 -0.3804226065 0.0000000000
v -0.0831646763 -0.3912590403 0.0000000000
v -0.0418113853 -0.3978087581 0.0000000000
v -0.0000000000 -0.4000000000 0.0000000000
v 0.0418113853 -0.3978087581 0.0000000000
v 0.0831646763 -0.3912590403 0.0000000000
v 0.1236067977 -0.3804226065 0.0000000000
v 0.1626946572 -0.3654181831 0.0000000000
v 0.2000000000 -0.3464101615 0.0000000000
v 0.2351141009 -0.3236067977 0.0000000000
v 0.2676522425 -0.2972579302 0.0000000000
v 0.2972579302 -0.2676522425 0.0000000000
v 0.3236067977 -0.2351141009 0.0000000000
v 0.3464101615 -0.2000000000 0.0000000000
v 0.3654181831 -0.1626946572 0.0000000000
v 0.3804226065 -0.1236067977 0.0000000000
v 0.3912590403 -0.0831646763 0.0000000000
v 0.3978087581 -0.0418113853 0.0000000000
v 0.4000000000 0.0000000000 0.0500000000
v 0.3978087581 0.0418113853 0.0500000000
v 0.3912590403 0.0831646763 0.0500000000
v 0.3804226065 0.1236067977 0.0500000000
v 0.3654181831 0.1626946572 0.0500000000
v 0.3464101615 0.2000000000 0.0500000000
v 0.3236067977 0.2351141009 0.0500000000
v 0.2972579302 0.2676522425 0.0500000000
v 0.2676522425 0.2972579302 0.0500000000
v 0.2351141009 0.3236067977 0.0500000000
v 0.2000000000 0.3464101615 0.0500000000
v 0.1626946572 0.3654181831 0.0500000000
v 0.1236067977 0.3804226065 0.0500000000
v 0.0831646763 0.3912590403 0.0500000000
v 0.0418113853 0.3978087581 0.0500000000
v 0.0000000000 0.4000000000 0.0500000000
v -0.0418113853 0.3978087581 0.0500000000
v -0.0831646763 0.3912590403 0.0500000000
v -0.1236067977 0.3804226065 0.0500000000
v -0.1626946572 0.3654181831 0.0500000000
v -0.2000000000 0.3464101615 0.0500000000
v -0.2351141009 0.3236067977 0.0500000000
v -0.2676522425 0.2972579302 0.0500000000
v -0.2972579302 0.2676522425 0.0500000000
v -0.3236067977 0.2351141009 0.0500000000
v -0.3464101615 0.2000000000 0.0500000000
v -0.3654181831 0.1626946572 0.0500000000
v -0.3804226065 0.1236067977 0.0500000000
v -0.3912590403 0.0831646763 0.0500000000
v -0.3978087581 0.0418113853 0.0500000000
v -0.4000000000 0.0000000000 0.0500000000
v -0.3978087581 -0.0418113853 0.0500000000
v -0.3912590403 -0.0831646763 0.0500000000
v -0.3804226065 -0.1236067977 0.0500000000
v -0.3654181831 -0.1626946572 0.0500000000
v -0.3464101615 -0.2000000000 0.0500000000
v -0.3236067977 -0.2351141009 0.0500000000
v -0.2972579302 -0.2676522425 0.0500000000
v -0.2676522425 -0.2972579302 0.0500000000
v -0.2351141009 -0.3236067977 0.0500000000
v -0.2000000000 -0.3464101615 0.0500000000
v -0.1626946572 -0.3654181831 0.0500000000
v -0.1236067977 -0.3804226065 0.0500000000
v -0.0831646763 -0.3912590403 0.0500000000
v -0.0418113853 -0.3978087581 0.0500000000
v -0.0000000000 -0.4000000000 0.0500000000
v 0.0418113853 -0.3978087581 0.0500000000
v 0.0831646763 -0.3912590403 0.0500000000
v 0.1236067977 -0.3804226065 0.0500000000
v 0.1626946572 -0.3654181831 0.0500000000
v 0.2000000000 -0.3464101615 0.0500000000
v 0.2351141009 -0.3236067977 0.0500000000
v 0.2676522425 -0.2972579302 0.0500000000
v 0.2972579302 -0.2676522425 0.0500000000
v 0.3236067977 -0.2351141009 0.0500000000
v 0.3464101615 -0.2000000000 0.0500000000
v 0.3654181831 -0.1626946572 0.0500000000
v 0.3804226065 -0.1236067977 0.0500000000
v 0.3912590403 -0.0831646763 0.0500000000
v 0.3978087581 -0.0418113853 0.0500000000
v 0.4000000000 0.0000000000 0.1000000000
v 0.3978087581 0.0418113853 0.1000000000
v 0.3912590403 0.0831646763 0.1000000000
v 0.3804226065 0.1236067977 0.1000000000
v 0.3654181831 0.1626946572 0.1000000000
v 0.3464101615 0.2000000000 0.1000000000
v 0.3236067977 0.2351141009 0.1000000000
v 0.2972579302 0.2676522425 0.1000000000
v 0.2676522425 0.2972579302 0.1000000000
v 0.2351141009 0.3236067977 0.1000000000
v 0.2000000000 0.3464101615 0.1000000000
v 0.1626946572 0.3654181831 0.1000000000
v 0.1236067977 0.3804226065 0.1000000000
v 0.0831646763 0.3912590403 0.1000000000
v 0.0418113853 0.3978087581 0.1000000000
v 0.0000000000 0.4000000000 0.1000000000
v -0.0418113853 0.3978087581 0.1000000000
v -0.0831646763 0.3912590403 0.1000000000
v -0.1236067977 0.3804226065 0.1000000000
v -0.1626946572 0.3654181831 0.1000000000
v -0.2000000000 0.3464101615 0.1000000000
v -0.2351141009 0.3236067977 0.1000000000
v -0.2676522425 0.2972579302 0.1000000000
v -0.2972579302 0.2676522425 0.1000000000
v -0.3236067977 0.2351141009 0.1000000000
v -0.3464101615 0.2000000000 0.1000000000
v -0.3654181831 0.1626946572 0.1000000000
v -0.3804226065 0.1236067977 0.1000000000
v -0.3912590403 0.0831646763 0.1000000000
v -0.3978087581 0.0418113853 0.1000000000
v -0.4000000000 0.0000000000 0.1000000000
v -0.3978087581 -0.0418113853 0.1000000000
v -0.3912590403 -0.0831646763 0.1000000000
v -0.3804226065 -0.1236067977 0.1000000000
v -0.3654181831 -0.1626946572 0.1000000000
v -0.3464101615 -0.2000000000 0.1000000000
v -0.3236067977 -0.2351141009 0.1000000000
v -0.2972579302 -0.2676522425 0.1000000000
v -0.2676522425 -0.2972579302 0.1000000000
v -0.2351141009 -0.3236067977 0.1000000000
v -0.2000000000 -0.3464101615 0.1000000000
v -0.1626946572 -0.3654181831 0.1000000000
v -0.1236067977 -0.3804226065 0.1000000000
v -0.0831646763 -0.3912590403 0.1000000000
v -0.0418113853 -0.3978087581 0.1000000000
v -0.0000000000 -0.4000000000 0.1000000000
v 0.0418113853 -0.3978087581 0.1000000000
v 0.0831646763 -0.3912590403 0.1000000000
v 0.1236067977 -0.3804226065 0.1000000000
v 0.1626946572 -0.3654181831 0.1000000000
v 0.2000000000 -0.3464101615 0.1000000000
v 0.2351141009 -0.3236067977 0.1000000000
v 0.2676522425 -0.2972579302 0.1000000000
v 0.2972579302 -0.2676522425 0.1000000000
v 0.3236067977 -0.2351141009 0.1000000000
v 0.3464101615 -0.2000000000 0.1000000000
v 0.3654181831 -0.1626946572 0.1000000000
v 0.3804226065 -0.1236067977 0.1000000000
v 0.3912590403 -0.0831646763 0.1000000000
v 0.3978087581 -0.0418113853 0.1000000000
v 0.4000000000 0.0000000000 0.1500000000
v 0.3978087581 0.0418113853 0.1500000000
v 0.3912590403 0.0831646763 0.1500000000
v 0.3804226065 0.1236067977 0.1500000000
v 0.3654181831 0.1626946572 0.1500000000
v 0.3464101615 0.2000000000 0.1500000000
v 0.3236067977 0.2351141009 0.1500000000
v 0.2972579302 0.2676522425 0.1500000000
v 0.2676522425 0.2972579302 0.1500000000
v 0.2351141009 0.3236067977 0.1500000000
v 0.2000000000 0.3464101615 0.1500000000
v 0.1626946572 0.3654181831 0.1500000000
v 0.1236067977 0.3804226065 0.1500000000
v 0.0831646763 0.3912590403 0.1500000000
v 0.0418113853 0.3978087581 0.1500000000
v 0.0000000000 0.4000000000 0.1500000000
v -0.0418113853 0.3978087581 0.1500000000
v -0.0831646763 0.3912590403 0.1500000000
v -0.1236067977 0.3804226065 0.1500000000
v -0.1626946572 0.3654181831 0.1500000000
v -0.2000000000 0.3464101615 0.1500000000
v -0.2351141009 0.3236067977 0.1500000000
v -0.2676522425 0.2972579302 0.1500000000
v -0.2972579302 0.2676522425 0.1500000000
v -0.3236067977 0.2351141009 0.1500000000
v -0.3464101615 0.2000000000 0.1500000000
v -0.3654181831 0.1626946572 0.1500000000
v -0.3804226065 0.1236067977 0.1500000000
v -0.3912590403 0.0831646763 0.1500000000
v -0.3978087581 0.0418113853 0.1500000000
v -0.4000000000 0.0000000000 0.1500000000
v -0.3978087581 -0.0418113853 0.1500000000
v -0.3912590403 -0.0831646763 0.1500000000
v -0.3804226065 -0.1236067977 0.1500000000
v -0.3654181831 -0.1626946572 0.1500000000
v -0.3464101615 -0.2000000000 0.1500000000
v -0.3236067977 -0.2351141009 0.1500000000
v -0.2972579302 -0.2676522425 0.1500000000
v -0.2676522425 -0.2972579302 0.1500000000
v -0.2351141009 -0.3236067977 0.1500000000
v -0.2000000000 -0.3464101615 0.1500000000
v -0.1626946572 -0.3654181831 0.1500000000
v -0.1236067977 -0.3804226065 0.1500000000
v -0.0831646763 -0.3912590403 0.1500000000
v -0.0418113853 -0.3978087581 0.1500000000
v -0.0000000000 -0.4000000000 0.1500000000
v 0.0418113853 -0.3978087581 0.1500000000
v 0.0831646763 -0.3912590403 0.1500000000
v 0.1236067977 -0.3804226065 0.1500000000
v 0.1626946572 -0.3654181831 0.1500000000
v 0.2000000000 -0.3464101615 0.1500000000
v 0.2351141009 -0.3236067977 0.1500000000
v 0.2676522425 -0.2972579302 0.1500000000
v 0.2972579302 -0.2676522425 0.1500000000
v 0.3236067977 -0.2351141009 0.1500000000
v 0.3464101615 -0.2000000000 0.1500000000
v 0.3654181831 -0.1626946572 0.1500000000
v 0.3804226065 -0.1236067977 0.1500000000
v 0.3912590403 -0.0831646763 0.1500000000
v 0.3978087581 -0.0418113853 0.1500000000
v 0.4000000000 0.0000000000 0.2000000000
v 0.3978087581 0.0418113853 0.2000000000
v 0.3912590403 0.0831646763 0.2000000000
v 0.3804226065 0.1236067977 0.2000000000
v 0.3654181831 0.1626946572 0.2000000000
v 0.3464101615 0.2000000000 0.2000000000
v 0.3236067977 0.2351141009 0.2000000000
v 0.2972579302 0.2676522425 0.2000000000
v 0.2676522425 0.2972579302 0.2000000000
v 0.2351141009 0.3236067977 0.2000000000
v 0.2000000000 0.3464101615 0.2000000000
v 0.1626946572 0.3654181831 0.2000000000
v 0.1236067977 0.3804226065 0.2000000000
v 0.0831646763 0.3912590403 0.2000000000
v 0.0418113853 0.3978087581 0.2000000000
v 0.0000000000 0.4000000000 0.2000000000
v -0.0418113853 0.3978087581 0.2000000000
v -0.0831646763 0.3912590403 0.2000000000
v -0.1236067977 0.3804226065 0.2000000000
v -0.1626946572 0.3654181831 0.2000000000
v -0.2000000000 0.3464101615 0.2000000000
v -0.2351141009 0.3236067977 0.2000000000
v -0.2676522425 0.2972579302 0.2000000000
v -0.2972579302 0.2676522425 0.2000000000
v -0.3236067977 0.2351141009 0.2000000000
v -0.3464101615 0.2000000000 0.2000000000
v -0.3654181831 0.1626946572 0.2000000000
v -0.3804226065 0.1236067977 0.2000000000
v -0.3912590403 0.0831646763 0.2000000000
v -0.3978087581 0.0418113853 0.2000000000
v -0.4000000000 0.0000000000 0.2000000000
v -0.3978087581 -0.0418113853 0.2000000000
v -0.3912590403 -0.0831646763 0.2000000000
v -0.3804226065 -0.1236067977 0.2000000000
v -0.3654181831 -0.1626946572 0.2000000000
v -0.3464101615 -0.2000000000 0.2000000000
v -0.3236067977 -0.2351141009 0.2000000000
v -0.2972579302 -0.2676522425 0.2000000000
v -0.2676522425 -0.2972579302 0.2000000000
v -0.2351141009 -0.3236067977 0.2000000000
v -0.2000000000 -0.3464101615 0.2000000000
v -0.1626946572 -0.3654181831 0.2000000000
v -0.1236067977 -0.3804226065 0.2000000000
v -0.0831646763 -0.3912590403 0.2000000000
v -0.0418113853 -0.3978087581 0.2000000000
v -0.0000000000 -0.4000000000 0.2000000000
v 0.0418113853 -0.3978087581 0.2000000000
v 0.0831646763 -0.3912590403 0.2000000000
v 0.1236067977 -0.3804226065 0.2000000000
v 0.1626946572 -0.3654181831 0.2000000000
v 0.2000000000 -0.3464101615 0.2000000000
v 0.2351141009 -0.3236067977 0.2000000000
v 0.2676522425 -0.2972579302 0.2000000000
v 0.2972579302 -0.2676522425 0.2000000000
v 0.3236067977 -0.2351141009 0.2000000000
v 0.3464101615 -0.2000000000 0.2000000000
v 0.3654181831 -0.1626946572 0.2000000000
v 0.3804226065 -0.1236067977 0.2000000000
v 0.3912590403 -0.0831646763 0.2000000000
v 0.3978087581 -0.0418113853 0.2000000000
v 0.4000000000 0.0000000000 0.2500000000
v 0.3978087581 0.0418113853 0.2500000000
v 0.3912590403 0.0831646763 0.2500000000
v 0.3804226065 0.1236067977 0.2500000000
v 0.3654181831 0.1626946572 0.2500000000
v 0.3464101615 0.2000000000 0.2500000000
v 0.3236067977 0.2351141009 0.2500000000
v 0.2972579302 0.2676522425 0.2500000000
v 0.2676522425 0.2972579302 0.2500000000
v 0.2351141009 0.3236067977 0.2500000000
v 0.2000000000 0.3464101615 0.2500000000
v 0.1626946572 0.3654181831 0.2500000000
v 0.1236067977 0.3804226065 0.2500000000
v 0.0831646763 0.3912590403 0.2500000000
v 0.0418113853 0.3978087581 0.2500000000
v 0.0000000000 0.4000000000 0.2500000000
v -0.0418113853 0.3978087581 0.2500000000
v -0.0831646763 0.3912590403 0.2500000000
v -0.1236067977 0.3804226065 0.2500000000
v -0.1626946572 0.3654181831 0.2500000000
v -0.2000000000 0.3464101615 0.2500000000
v -0.2351141009 0.3236067977 0.2500000000
v -0.2676522425 0.2972579302 0.2500000000
v -0.2972579302 0.2676522425 0.2500000000
v -0.3236067977 0.2351141009 0.2500000000
v -0.3464101615 0.2000000000 0.2500000000
v -0.3654181831 0.1626946572 0.2500000000
v -0.3804226065 0.1236067977 0.2500000000
v -0.3912590403 0.0831646763 0.2500000000
v -0.3978087581 0.0418113853 0.2500000000
v -0.4000000000 0.0000000000 0.2500000000
v -0.3978087581 -0.0418113853 0.2500000000
v -0.3912590403 -0.0831646763 0.2500000000
v -0.3804226065 -0.1236067977 0.2500000000
v -0.3654181831 -0.1626946572 0.2500000000
v -0.3464101615 -0.2000000000 0.2500000000
v -0.3236067977 -0.2351141009 0.2500000000
v -0.2972579302 -0.2676522425 0.2500000000
v -0.2676522425 -0.2972579302 0.2500000000
v -0.2351141009 -0.3236067977 0.2500000000
v -0.2000000000 -0.3464101615 0.2500000000
v -0.1626946572 -0.3654181831 0.2500000000
v -0.1236067977 -0.3804226065 0.2500000000
v -0.0831646763 -0.3912590403 0.2500000000
v -0.0418113853 -0.3978087581 0.2500000000
v -0.0000000000 -0.4000000000 0.2500000000
v 0.0418113853 -0.3978087581 0.2500000000
v 0.0831646763 -0.3912590403 0.2500000000
v 0.1236067977 -0.3804226065 0.2500000000
v 0.1626946572 -0.3654181831 0.2500000000
v 0.2000000000 -0.3464101615 0.2500000000
v 0.2351141009 -0.3236067977 0.2500000000
v 0.2676522425 -0.2972579302 0.2500000000
v 0.2972579302 -0.2676522425 0.2500000000
v 0.3236067977 -0.2351141009 0.2500000000
v 0.3464101615 -0.2000000000 0.2500000000
v 0.3654181831 -0.1626946572 0.2500000000
v 0.3804226065 -0.1236067977 0.2500000000
v 0.3912590403 -0.0831646763 0.2500000000
v 0.3978087581 -0.0418113853 0.2500000000
v 0.4000000000 0.0000000000 0.3000000000
v 0.3978087581 0.0418113853 0.3000000000
v 0.3912590403 0.0831646763 0.3000000000
v 0.3804226065 0.1236067977 0.3000000000
v 0.3654181831 0.1626946572 0.3000000000
v 0.3464101615 0.2000000000 0.3000000000
v 0.3236067977 0.2351141009 0.3000000000
v 0.2972579302 0.2676522425 0.3000000000
v 0.2676522425 0.2972579302 0.3000000000
v 0.2351141009 0.3236067977 0.3000000000
v 0.2000000000 0.3464101615 0.3000000000
v 0.1626946572 0.3654181831 0.3000000000
v 0.1236067977 0.3804226065 0.3000000000
v 0.0831646763 0.3912590403 0.3000000000
v 0.0418113853 0.3978087581 0.3000000000
v 0.0000000000 0.4000000000 0.3000000000
v -0.0418113853 0.3978087581 0.3000000000
v -0.0831646763 0.3912590403 0.3000000000
v -0.1236067977 0.3804226065 0.3000000000
v -0.1626946572 0.3654181831 0.3000000000
v -0.2000000000 0.3464101615 0.3000000000
v -0.2351141009 0.3236067977 0.3000000000
v -0.2676522425 0.2972579302 0.3000000000
v -0.2972579302 0.2676522425 0.3000000000
v -0.3236067977 0.2351141009 0.3000000000
v -0.3464101615 0.2000000000 0.3000000000
v -0.3654181831 0.1626946572 0.3000000000
v -0.3804226065 0.1236067977 0.3000000000
v -0.3912590403 0.0831646763 0.3000000000
v -0.3978087581 0.0418113853 0.3000000000
v -0.4000000000 0.0000000000 0.3000000000
v -0.3978087581 -0.0418113853 0.3000000000
v -0.3912590403 -0.0831646763 0.3000000000
v -0.3804226065 -0.1236067977 0.3000000000
v -0.3654181831 -0.1626946572 0.3000000000
v -0.3464101615 -0.2000000000 0.3000000000
v -0.3236067977 -0.2351141009 0.3000000000
v -0.2972579302 -0.2676522425 0.3000000000
v -0.2676522425 -0.2972579302 0.3000000000
v -0.2351141009 -0.3236067977 0.3000000000
v -0.2000000000 -0.3464101615 0.3000000000
v -0.1626946572 -0.3654181831 0.3000000000
v -0.1236067977 -0.3804226065 0.3000000000
v -0.0831646763 -0.3912590403 0.3000000000
v -0.0418113853 -0.3978087581 0.3000000000
v -0.0000000000 -0.4000000000 0.3000000000
v 0.0418113853 -0.3978087581 0.3000000000
v 0.0831646763 -0.3912590403 0.3000000000
v 0.1236067977 -0.3804226065 0.3000000000
v 0.1626946572 -0.3654181831 0.3000000000
v 0.2000000000 -0.3464101615 0.3000000000
v 0.2351141009 -0.3236067977 0.3000000000
v 0.2676522425 -0.2972579302 0.3000000000
v 0.2972579302 -0.2676522425 0.3000000000
v 0.3236067977 -0.2351141009 0.3000000000
v 0.3464101615 -0.2000000000 0.3000000000
v 0.3654181831 -0.1626946572 0.3000000000
v 0.3804226065 -0.1236067977 0.3000000000
v 0.3912590403 -0.0831646763 0.3000000000
v 0.3978087581 -0.0418113853 0.3000000000
v 0.4000000000 0.0000000000 0.3500000000
v 0.3978087581 0.0418113853 0.3500000000
v 0.3912590403 0.0831646763 0.3500000000
v 0.3804226065 0.1236067977 0.3500000000
v 0.3654181831 0.1626946572 0.3500000000
v 0.3464101615 0.2000000000 0.3500000000
v 0.3236067977 0.2351141009 0.3500000000
v 0.2972579302 0.2676522425 0.3500000000
v 0.2676522425 0.2972579302 0.3500000000
v 0.2351141009 0.3236067977 0.3500000000
v 0.2000000000 0.3464101615 0.3500000000
v 0.1626946572 0.3654181831 0.3500000000
v 0.1236067977 0.3804226065 0.3500000000
v 0.0831646763 0.3912590403 0.3500000000
v 0.0418113853 0.3978087581 0.3500000000
v 0.0000000000 0.4000000000 0.3500000000
v -0.0418113853 0.3978087581 0.3500000000
v -0.0831646763 0.3912590403 0.3500000000
v -0.1236067977 0.3804226065 0.3500000000
v -0.1626946572 0.3654181831 0.3500000000
v -0.2000000000 0.3464101615 0.3500000000
v -0.2351141009 0.3236067977 0.3500000000
v -0.2676522425 0.2972579302 0.3500000000
v -0.2972579302 0.2676522425 0.3500000000
v -0.3236067977 0.2351141009 0.3500000000
v -0.3464101615 0.2000000000 0.3500000000
v -0.3654181831 0.1626946572 0.3500000000
v -0.3804226065 0.1236067977 0.3500000000
v -0.3912590403 0.0831646763 0.3500000000
v -0.3978087581 0.0418113853 0.3500000000
v -0.4000000000 0.0000000000 0.3500000000
v -0.3978087581 -0.0418113853 0.3500000000
v -0.3912590403 -0.0831646763 0.3500000000
v -0.3804226065 -0.1236067977 0.3500000000
v -0.3654181831 -0.1626946572 0.3500000000
v -0.3464101615 -0.2000000000 0.3500000000
v -0.3236067977 -0.2351141009 0.3500000000
v -0.2972579302 -0.2676522425 0.3500000000
v -0.2676522425 -0.2972579302 0.3500000000
v -0.2351141009 -0.3236067977 0.3500000000
v -0.2000000000 -0.3464101615 0.3500000000
v -0.1626946572 -0.3654181831 0.3500000000
v -0.1236067977 -0.3804226065 0.3500000000
v -0.0831646763 -0.3912590403 0.3500000000
v -0.0418113853 -0.3978087581 0.3500000000
v -0.0000000000 -0.4000000000 0.3500000000
v 0.0418113853 -0.3978087581 0.3500000000
v 0.0831646763 -0.3912590403 0.3500000000
v 0.1236067977 -0.3804226065 0.3500000000
v 0.1626946572 -0.3654181831 0.3500000000
v 0.2000000000 -0.3464101615 0.3500000000
v 0.2351141009 -0.3236067977 0.3500000000
v 0.2676522425 -0.2972579302 0.3500000000
v 0.2972579302 -0.2676522425 0.3500000000
v 0.3236067977 -0.2351141009 0.3500000000
v 0.3464101615 -0.2000000000 0.3500000000
v 0.3654181831 -0.1626946572 0.3500000000
v 0.3804226065 -0.1236067977 0.3500000000
v 0.3912590403 -0.0831646763 0.3500000000
v 0.3978087581 -0.0418113853 0.3500000000
v 0.4000000000 0.0000000000 0.4000000000
v 0.3978087581 0.0418113853 0.4000000000
v 0.3912590403 0.0831646763 0.4000000000
v 0.3804226065 0.1236067977 0.4000000000
v 0.3654181831 0.1626946572 0.4000000000
v 0.3464101615 0.2000000000 0.4000000000
v 0.3236067977 0.2351141009 0.4000000000
v 0.2972579302 0.2676522425 0.4000000000
v 0.2676522425 0.2972579302 0.4000000000
v 0.2351141009 0.3236067977 0.4000000000
v 0.2000000000 0.3464101615 0.4000000000
v 0.1626946572 0.3654181831 0.4000000000
v 0.1236067977 0.3804226065 0.4000000000
v 0.0831646763 0.3912590403 0.4000000000
v 0.0418113853 0.3978087581 0.4000000000
v 0.0000000000 0.4000000000 0.4000000000
v -0.0418113853 0.3978087581 0.4000000000
v -0.0831646763 0.3912590403 0.4000000000
v -0.1236067977 0.3804226065 0.4000000000
v -0.1626946572 0.3654181831 0.4000000000
v -0.2000000000 0.3464101615 0.4000000000
v -0.2351141009 0.3236067977 0.4000000000
v -0.2676522425 0.2972579302 0.4000000000
v -0.2972579302 0.2676522425 0.4000000000
v -0.3236067977 0.2351141009 0.4000000000
v -0.3464101615 0.2000000000 0.4000000000
v -0.3654181831 0.1626946572 0.4000000000
v -0.3804226065 0.1236067977 0.4000000000
v -0.3912590403 0.0831646763 0.4000000000
v -0.3978087581 0.0418113853 0.4000000000
v -0.4000000000 0.0000000000 0.4000000000
v -0.3978087581 -0.0418113853 0.4000000000
v -0.3912590403 -0.0831646763 0.4000000000
v -0.3804226065 -0.1236067977 0.4000000000
v -0.3654181831 -0.1626946572 0.4000000000
v -0.3464101615 -0.2000000000 0.4000000000
v -0.3236067977 -0.2351141009 0.4000000000
v -0.2972579302 -0.2676522425 0.4000000000
v -0.2676522425 -0.2972579302 0.4000000000
v -0.2351141009 -0.3236067977 0.4000000000
v -0.2000000000 -0.3464101615 0.4000000000
v -0.1626946572 -0.3654181831 0.4000000000
v -0.1236067977 -0.3804226065 0.4000000000
v -0.0831646763 -0.3912590403 0.4000000000
v -0.0418113853 -0.3978087581 0.4000000000
v -0.0000000000 -0.4000000000 0.4000000000
v 0.0418113853 -0.3978087581 0.4000000000
v 0.0831646763 -0.3912590403 0.4000000000
v 0.1236067977 -0.3804226065 0.4000000000
v 0.1626946572 -0.3654181831 0.4000000000
v 0.2000000000 -0.3464101615 0.4000000000
v 0.2351141009 -0.3236067977 0.4000000000
v 0.2676522425 -0.2972579302 0.4000000000
v 0.2972579302 -0.2676522425 0.4000000000
v 0.3236067977 -0.2351141009 0.4000000000
v 0.3464101615 -0.2000000000 0.4000000000
v 0.3654181831 -0.1626946572 0.4000000000
v 0.3804226065 -0.1236067977 0.4000000000
v 0.3912590403 -0.0831646763 0.4000000000
v 0.3978087581 -0.0418113853 0.4000000000
v 0.4000000000 0.0000000000 0.4500000000
v 0.3978087581 0.0418113853 0.4500000000
v 0.3912590403 0.0831646763 0.4500000000
v 0.3804226065 0.1236067977 0.4500000000
v 0.3654181831 0.1626946572 0.4500000000
v 0.3464101615 0.2000000000 0.4500000000
v 0.3236067977 0.2351141009 0.4500000000
v 0.2972579302 0.2676522425 0.4500000000
v 0.2676522425 0.2972579302 0.4500000000
v 0.2351141009 0.3236067977 0.4500000000
v 0.2000000000 0.3464101615 0.4500000000
v 0.1626946572 0.3654181831 0.4500000000
v 0.1236067977 0.3804226065 0.4500000000
v 0.0831646763 0.3912590403 0.4500000000
v 0.0418113853 0.3978087581 0.4500000000
v 0.0000000000 0.4000000000 0.4500000000
v -0.0418113853 0.3978087581 0.4500000000
v -0.0831646763 0.3912590403 0.4500000000
v -0.1236067977 0.3804226065 0.4500000000
v -0.1626946572 0.3654181831 0.4500000000
v -0.2000000000 0.3464101615 0.4500000000
v -0.2351141009 0.3236067977 0.4500000000
v -0.2676522425 0.2972579302 0.4500000000
v -0.2972579302 0.2676522425 0.4500000000
v -0.3236067977 0.2351141009 0.4500000000
v -0.3464101615 0.2000000000 0.4500000000
v -0.3654181831 0.1626946572 0.4500000000
v -0.3804226065 0.1236067977 0.4500000000
v -0.3912590403 0.0831646763 0.4500000000
v -0.3978087581 0.0418113853 0.4500000000
v -0.4000000000 0.0000000000 0.4500000000
v -0.3978087581 -0.0418113853 0.4500000000
v -0.3912590403 -0.0831646763 0.4500000000
v -0.3804226065 -0.1236067977 0.4500000000
v -0.3654181831 -0.1626946572 0.4500000000
v -0.3464101615 -0.2000000000 0.4500000000
v -0.3236067977 -0.2351141009 0.4500000000
v -0.2972579302 -0.2676522425 0.4500000000
v -0.2676522425 -0.2972579302 0.4500000000
v -0.2351141009 -0.3236067977 0.4500000000
v -0.2000000000 -0.3464101615 0.4500000000
v -0.1626946572 -0.3654181831 0.4500000000
v -0.1236067977 -0.3804226065 0.4500000000
v -0.0831646763 -0.3912590403 0.4500000000
v -0.0418113853 -0.3978087581 0.4500000000
v -0.0000000000 -0.4000000000 0.4500000000
v 0.0418113853 -0.3978087581 0.4500000000
v 0.0831646763 -0.3912590403 0.4500000000
v 0.1236067977 -0.3804226065 0.4500000000
v 0.1626946572 -0.3654181831 0.4500000000
v 0.2000000000 -0.3464101615 0.4500000000
v 0.2351141009 -0.3236067977 0.4500000000
v 0.2676522425 -0.2972579302 0.4500000000
v 0.2972579302 -0.2676522425 0.4500000000
v 0.3236067977 -0.2351141009 0.4500000000
v 0.3464101615 -0.2000000000 0.4500000000
v 0.3654181831 -0.1626946572 0.4500000000
v 0.3804226065 -0.1236067977 0.4500000000
v 0.3912590403 -0.0831646763 0.4500000000
v 0.3978087581 -0.0418113853 0.4500000000
v 0.4000000000 0.0000000000 0.5000000000
v 0.3978087581 0.0418113853 0.5000000000
v 0.3912590403 0.0831646763 0.5000000000
v 0.3804226065 0.1236067977 0.5000000000
v 0.3654181831 0.1626946572 0.5000000000
v 0.3464101615 0.2000000000 0.5000000000
v 0.3236067977 0.2351141009 0.5000000000
v 0.2972579302 0.2676522425 0.5000000000
v 0.2676522425 0.2972579302 0.5000000000
v 0.2351141009 0.3236067977 0.5000000000
v 0.2000000000 0.3464101615 0.5000000000
v 0.1626946572 0.3654181831 0.5000000000
v 0.1236067977 0.3804226065 0.5000000000
v 0.0831646763 0.3912590403 0.5000000000
v 0.0418113853 0.3978087581 0.5000000000
v 0.0000000000 0.4000000000 0.5000000000
v -0.0418113853 0.3978087581 0.5000000000
v -0.0831646763 0.3912590403 0.5000000000
v -0.1236067977 0.3804226065 0.5000000000
v -0.1626946572 0.3654181831 0.5000000000
v -0.2000000000 0.3464101615 0.5000000000
v -0.2351141009 0.3236067977 0.5000000000
v -0.2676522425 0.2972579302 0.5000000000
v -0.2972579302 0.2676522425 0.5000000000
v -0.3236067977 0.2351141009 0.5000000000
v -0.3464101615 0.2000000000 0.5000000000
v -0.3654181831 0.1626946572 0.5000000000
v -0.3804226065 0.1236067977 0.5000000000
v -0.3912590403 0.0831646763 0.5000000000
v -0.3978087581 0.0418113853 0.5000000000
v -0.4000000000 0.0000000000 0.5000000000
v -0.3978087581 -0.0418113853 0.5000000000
v -0.3912590403 -0.0831646763 0.5000000000
v -0.3804226065 -0.1236067977 0.5000000000
v -0.3654181831 -0.1626946572 0.5000000000
v -0.3464101615 -0.2000000000 0.5000000000
v -0.3236067977 -0.2351141009 0.5000000000
v -0.2972579302 -0.2676522425 0.5000000000
v -0.2676522425 -0.2972579302 0.5000000000
v -0.2351141009 -0.3236067977 0.5000000000
v -0.2000000000 -0.3464101615 0.5000000000
v -0.1626946572 -0.3654181831 0.5000000000
v -0.1236067977 -0.3804226065 0.5000000000
v -0.0831646763 -0.3912590403 0.5000000000
v -0.0418113853 -0.3978087581 0.5000000000
v -0.0000000000 -0.4000000000 0.5000000000
v 0.0418113853 -0.3978087581 0.5000000000
v 0.0831646763 -0.3912590403 0.5000000000
v 0.1236067977 -0.3804226065 0.5000000000
v 0.1626946572 -0.3654181831 0.5000000000
v 0.2000000000 -0.3464101615 0.5000000000
v 0.2351141009 -0.3236067977 0.5000000000
v 0.2676522425 -0.2972579302 0.5000000000
v 0.2972579302 -0.2676522425 0.5000000000
v 0.3236067977 -0.2351141009 0.5000000000
v 0.3464101615 -0.2000000000 0.5000000000
v 0.3654181831 -0.1626946572 0.5000000000
v 0.3804226065 -0.1236067977 0.5000000000
v 0.3912590403 -0.0831646763 0.5000000000
v 0.3978087581 -0.0418113853 0.5000000000
v 0.6000000000 0.0000000000 0.0000000000
v 0.5967131372 0.0627170780 0.0000000000
v 0.5868885604 0.1247470145 0.0000000000
v 0.5706339098 0.1854101966 0.0000000000
v 0.5481272746 0.2440419858 0.0000000000
v 0.5196152423 0.3000000000 0.0000000000
v 0.4854101966 0.3526711514 0.0000000000
v 0.4458868953 0.4014783638 0.0000000000
v 0.4014783638 0.4458868953 0.0000000000
v 0.3526711514 0.4854101966 0.0000000000
v 0.3000000000 0.5196152423 0.0000000000
v 0.2440419858 0.5481272746 0.0000000000
v 0.1854101966 0.5706339098 0.0000000000
v 0.1247470145 0.5868885604 0.0000000000
v 0.0627170780 0.5967131372 0.0000000000
v 0.0000000000 0.6000000000 0.0000000000
v -0.0627170780 0.5967131372 0.0000000000
v -0.1247470145 0.5868885604 0.0000000000
v -0.1854101966 0.5706339098 0.0000000000
v -0.2440419858 0.5481272746 0.0000000000
v -0.3000000000 0.5196152423 0.0000000000
v -0.3526711514 0.4854101966 0.0000000000
v -0.4014783638 0.4458868953 0.0000000000
v -0.4458868953 0.4014783638 0.0000000000
v -0.4854101966 0.3526711514 0.0000000000
v -0.5196152423 0.3000000000 0.0000000000
v -0.5481272746 0.2440419858 0.0000000000
v -0.5706339098 0.1854101966 0.0000000000
v -0.5868885604 0.1247470145 0.0000000000
v -0.5967131372 0.0627170780 0.0000000000
v -0.6000000000 0.0000000000 0.0000000000
v -0.5967131372 -0.0627170780 0.0000000000
v -0.5868885604 -0.1247470145 0.0000000000
v -0.5706339098 -0.1854101966 0.0000000000
v -0.5481272746 -0.2440419858 0.0000000000
v -0.5196152423 -0.3000000000 0.0000000000
v -0.4854101966 -0.3526711514 0.0000000000
v -0.4458868953 -0.4014783638 0.0000000000
v -0.4014783638 -0.4458868953 0.0000000000
v -0.3526711514 -0.4854101966 0.0000000000
v -0.3000000000 -0.5196152423 0.0000000000
v -0.2440419858 -0.5481272746 0.0000000000
v -0.1854101966 -0.5706339098 0.0000000000
v -0.1247470145 -0.5868885604 0.0000000000
v -0.0627170780 -0.5967131372 0.0000000000
v -0.0000000000 -0.6000000000 0.0000000000
v 0.0627170780 -0.5967131372 0.0000000000
v 0.1247470145 -0.5868885604 0.0000000000
v 0.1854101966 -0.5706339098 0.0000000000
v 0.2440419858 -0.5481272746 0.0000000000
v 0.3000000000 -0.5196152423 0.0000000000
v 0.3526711514 -0.4854101966 0.0000000000
v 0.4014783638 -0.4458868953 0.0000000000
v 0.4458868953 -0.4014783638 0.0000000000
v 0.4854101966 -0.3526711514 0.0000000000
v 0.5196152423 -0.3000000000 0.0000000000
v 0.5481272746 -0.2440419858 0.0000000000
v 0.5706339098 -0.1854101966 0.0000000000
v 0.5868885604 -0.1247470145 0.0000000000
v 0.5967131372 -0.0627170780 0.0000000000
v 0.6000000000 0.0000000000 0.0500000000
v 0.5967131372 0.0627170780 0.0500000000
v 0.5868885604 0.1247470145 0.0500000000
v 0.5706339098 0.1854101966 0.0500000000
v 0.5481272746 0.2440419858 0.0500000000
v 0.5196152423 0.3000000000 0.0500000000
v 0.4854101966 0.3526711514 0.0500000000
v 0.4458868953 0.4014783638 0.0500000000
v 0.4014783638 0.4458868953 0.0500000000
v 0.3526711514 0.4854101966 0.0500000000
v 0.3000000000 0.5196152423 0.0500000000
v 0.2440419858 0.5481272746 0.0500000000
v 0.1854101966 0.5706339098 0.0500000000
v 0.1247470145 0.5868885604 0.0500000000
v 0.0627170780 0.5967131372 0.0500000000
v 0.0000000000 0.6000000000 0.0500000000
v -0.0627170780 0.5967131372 0.0500000000
v -0.1247470145 0.5868885604 0.0500000000
v -0.1854101966 0.5706339098 0.0500000000
v -0.2440419858 0.5481272746 0.0500000000
v -0.3000000000 0.5196152423 0.0500000000
v -0.3526711514 0.4854101966 0.0500000000
v -0.4014783638 0.4458868953 0.0500000000
v -0.4458868953 0.4014783638 0.0500000000
v -0.4854101966 0.3526711514 0.0500000000
v -0.5196152423 0.3000000000 0.0500000000
v -0.5481272746 0.2440419858 0.0500000000
v -0.5706339098 0.1854101966 0.0500000000
v -0.5868885604 0.1247470145 0.0500000000
v -0.5967131372 0.0627170780 0.0500000000
v -0.6000000000 0.0000000000 0.0500000000
v -0.5967131372 -0.0627170780 0.0500000000
v -0.5868885604 -0.1247470145 0.0500000000
v -0.5706339098 -0.1854101966 0.0500000000
v -0.5481272746 -0.2440419858 0.0500000000
v -0.5196152423 -0.3000000000 0.0500000000
v -0.4854101966 -0.3526711514 0.0500000000
v -0.4458868953 -0.4014783638 0.0500000000
v -0.4014783638 -0.4458868953 0.0500000000
v -0.3526711514 -0.4854101966 0.0500000000
v -0.3000000000 -0.5196152423 0.0500000000
v -0.2440419858 -0.5481272746 0.0500000000
v -0.1854101966 -0.5706339098 0.0500000000
v -0.1247470145 -0.5868885604 0.0500000000
v -0.0627170780 -0.5967131372 0.0500000000
v -0.0000000000 -0.6000000000 0.0500000000
v 0.0627170780 -0.5967131372 0.0500000000
v 0.1247470145 -0.5868885604 0.0500000000
v 0.1854101966 -0.5706339098 0.0500000000
v 0.2440419858 -0.5481272746 0.0500000000
v 0.3000000000 -0.5196152423 0.0500000000
v 0.3526711514 -0.4854101966 0.0500000000
v 0.4014783638 -0.4458868953 0.0500000000
v 0.4458868953 -0.4014783638 0.0500000000
v 0.4854101966 -0.3526711514 0.0500000000
v 0.5196152423 -0.3000000000 0.0500000000
v 0.5481272746 -0.2440419858 0.0500000000
v 0.5706339098 -0.1854101966 0.0500000000
v 0.5868885604 -0.1247470145 0.0500000000
v 0.5967131372 -0.0627170780 0.0500000000
v 0.6000000000 0.0000000000 0.1000000000
v 0.5967131372 0.0627170780 0.1000000000
v 0.5868885604 0.1247470145 0.1000000000
v 0.5706339098 0.1854101966 0.1000000000
v 0.5481272746 0.2440419858 0.1000000000
v 0.5196152423 0.3000000000 0.1000000000
v 0.4854101966 0.3526711514 0.1000000000
v 0.4458868953 0.4014783638 0.1000000000
v 0.4014783638 0.4458868953 0.1000000000
v 0.3526711514 0.4854101966 0.1000000000
v 0.3000000000 0.5196152423 0.1000000000
v 0.2440419858 0.5481272746 0.1000000000
v 0.1854101966 0.5706339098 0.1000000000
v 0.1247470145 0.5868885604 0.1000000000
v 0.0627170780 0.5967131372 0.1000000000
v 0.0000000000 0.6000000000 0.1000000000
v -0.0627170780 0.5967131372 0.1000000000
v -0.1247470145 0.5868885604 0.1000000000
v -0.1854101966 0.5706339098 0.1000000000
v -0.2440419858 0.5481272746 0.1000000000
v -0.3000000000 0.5196152423 0.1000000000
v -0.3526711514 0.4854101966 0.1000000000
v -0.4014783638 0.4458868953 0.1000000000
v -0.4458868953 0.4014783638 0.1000000000
v -0.4854101966 0.3526711514 0.1000000000
v -0.5196152423 0.3000000000 0.1000000000
v -0.5481272746 0.2440419858 0.1000000000
v -0.5706339098 0.1854101966 0.1000000000
v -0.5868885604 0.1247470145 0.1000000000
v -0.5967131372 0.0627170780 0.1000000000
v -0.6000000000 0.0000000000 0.1000000000
v -0.5967131372 -0.0627170780 0.1000000000
v -0.5868885604 -0.1247470145 0.1000000000
v -0.5706339098 -0.1854101966 0.1000000000
v -0.5481272746 -0.2440419858 0.1000000000
v -0.5196152423 -0.3000000000 0.1000000000
v -0.4854101966 -0.3526711514 0.1000000000
v -0.4458868953 -0.4014783638 0.1000000000
v -0.4014783638 -0.4458868953 0.1000000000
v -0.3526711514 -0.4854101966 0.1000000000
v -0.3000000000 -0.5196152423 0.1000000000
v -0.2440419858 -0.5481272746 0.1000000000
v -0.1854101966 -0.5706339098 0.1000000000
v -0.1247470145 -0.5868885604 0.1000000000
v -0.0627170780 -0.5967131372 0.1000000000
v -0.0000000000 -0.6000000000 0.1000000000
v 0.0627170780 -0.5967131372 0.1000000000
v 0.1247470145 -0.5868885604 0.1000000000
v 0.1854101966 -0.5706339098 0.1000000000
v 0.2440419858 -0.5481272746 0.1000000000
v 0.3000000000 -0.5196152423 0.1000000000
v 0.3526711514 -0.4854101966 0.1000000000
v 0.4014783638 -0.4458868953 0.1000000000
v 0.4458868953 -0.4014783638 0.1000000000
v 0.4854101966 -0.3526711514 0.1000000000
v 0.5196152423 -0.3000000000 0.1000000000
v 0.5481272746 -0.2440419858 0.1000000000
v 0.5706339098 -0.1854101966 0.1000000000
v 0.5868885604 -0.1247470145 0.1000000000
v 0.5967131372 -0.0627170780 0.1000000000
v 0.6000000000 0.0000000000 0.1500000000
v 0.5967131372 0.0627170780 0.1500000000
v 0.5868885604 0.1247470145 0.1500000000
v 0.5706339098 0.1854101966 0.1500000000
v 0.5481272746 0.2440419858 0.1500000000
v 0.5196152423 0.3000000000 0.1500000000
v 0.4854101966 0.3526711514 0.1500000000
v 0.4458868953 0.4014783638 0.1500000000
v 0.4014783638 0.4458868953 0.1500000000
v 0.3526711514 0.4854101966 0.1500000000
v 0.3000000000 0.5196152423 0.1500000000
v 0.2440419858 0.5481272746 0.1500000000
v 0.1854101966 0.5706339098 0.1500000000
v 0.1247470145 0.5868885604 0.1500000000
v 0.0627170780 0.5967131372 0.1500000000
v 0.0000000000 0.6000000000 0.1500000000
v -0.0627170780 0.5967131372 0.1500000000
v -0.1247470145 0.5868885604 0.1500000000
v -0.1854101966 0.5706339098 0.1500000000
v -0.2440419858 0.5481272746 0.1500000000
v -0.3000000000 0.5196152423 0.1500000000
v -0.3526711514 0.4854101966 0.1500000000
v -0.4014783638 0.4458868953 0.1500000000
v -0.4458868953 0.4014783638 0.1500000000
v -0.4854101966 0.3526711514 0.1500000000
v -0.5196152423 0.3000000000 0.1500000000
v -0.5481272746 0.2440419858 0.1500000000
v -0.5706339098 0.1854101966 0.1500000000
v -0.5868885604 0.1247470145 0.1500000000
v -0.5967131372 0.0627170780 0.1500000000
v -0.6000000000 0.0000000000 0.1500000000
v -0.5967131372 -0.0627170780 0.1500000000
v -0.5868885604 -0.1247470145 0.1500000000
v -0.5706339098 -0.1854101966 0.1500000000
v -0.5481272746 -0.2440419858 0.1500000000
v -0.5196152423 -0.3000000000 0.1500000000
v -0.4854101966 -0.3526711514 0.1500000000
v -0.4458868953 -0.4014783638 0.1500000000
v -0.4014783638 -0.4458868953 0.1500000000
v -0.3526711514 -0.4854101966 0.1500000000
v -0.3000000000 -0.5196152423 0.1500000000
v -0.2440419858 -0.5481272746 0.1500000000
v -0.1854101966 -0.5706339098 0.1500000000
v -0.1247470145 -0.5868885604 0.1500000000
v -0.0627170780 -0.5967131372 0.1500000000
v -0.0000000000 -0.6000000000 0.1500000000
v 0.0627170780 -0.5967131372 0.1500000000
v 0.1247470145 -0.5868885604 0.1500000000
v 0.1854101966 -0.5706339098 0.1500000000
v 0.2440419858 -0.5481272746 0.1500000000
v 0.3000000000 -0.5196152423 0.1500000000
v 0.3526711514 -0.4854101966 0.1500000000
v 0.4014783638 -0.4458868953 0.1500000000
v 0.4458868953 -0.4014783638 0.1500000000
v 0.4854101966 -0.3526711514 0.1500000000
v 0.5196152423 -0.3000000000 0.1500000000
v 0.5481272746 -0.2440419858 0.1500000000
v 0.5706339098 -0.1854101966 0.1500000000
v 0.5868885604 -0.1247470145 0.1500000000
v 0.5967131372 -0.0627170780 0.1500000000
v 0.6000000000 0.0000000000 0.2000000000
v 0.5967131372 0.0627170780 0.2000000000
v 0.5868885604 0.1247470145 0.2000000000
v 0.5706339098 0.1854101966 0.2000000000
v 0.5481272746 0.2440419858 0.2000000000
v 0.5196152423 0.3000000000 0.2000000000
v 0.4854101966 0.3526711514 0.2000000000
v 0.4458868953 0.4014783638 0.2000000000
v 0.4014783638 0.4458868953 0.2000000000
v 0.3526711514 0.4854101966 0.2000000000
v 0.3000000000 0.5196152423 0.2000000000
v 0.2440419858 0.5481272746 0.2000000000
v 0.1854101966 0.5706339098 0.2000000000
v 0.1247470145 0.5868885604 0.2000000000
v 0.0627170780 0.5967131372 0.2000000000
v 0.0000000000 0.6000000000 0.2000000000
v -0.0627170780 0.5967131372 0.2000000000
v -0.1247470145 0.5868885604 0.2000000000
v -0.1854101966 0.5706339098 0.2000000000
v -0.2440419858 0.5481272746 0.2000000000
v -0.3000000000 0.5196152423 0.2000000000
v -0.3526711514 0.4854101966 0.2000000000
v -0.4014783638 0.4458868953 0.2000000000
v -0.4458868953 0.4014783638 0.2000000000
v -0.4854101966 0.3526711514 0.2000000000
v -0.5196152423 0.3000000000 0.2000000000
v -0.5481272746 0.2440419858 0.2000000000
v -0.5706339098 0.1854101966 0.2000000000
v -0.5868885604 0.1247470145 0.2000000000
v -0.5967131372 0.0627170780 0.2000000000
v -0.6000000000 0.0000000000 0.2000000000
v -0.5967131372 -0.0627170780 0.2000000000
v -0.5868885604 -0.1247470145 0.2000000000
v -0.5706339098 -0.1854101966 0.2000000000
v -0.5481272746 -0.2440419858 0.2000000000
v -0.5196152423 -0.3000000000 0.2000000000
v -0.4854101966 -0.3526711514 0.2000000000
v -0.4458868953 -0.4014783638 0.2000000000
v -0.4014783638 -0.4458868953 0.2000000000
v -0.3526711514 -0.4854101966 0.2000000000
v -0.3000000000 -0.5196152423 0.2000000000
v -0.2440419858 -0.5481272746 0.2000000000
v -0.1854101966 -0.5706339098 0.2000000000
v -0.1247470145 -0.5868885604 0.2000000000
v -0.0627170780 -0.5967131372 0.2000000000
v -0.0000000000 -0.6000000000 0.2000000000
v 0.0627170780 -0.5967131372 0.2000000000
v 0.1247470145 -0.5868885604 0.2000000000
v 0.1854101966 -0.5706339098 0.2000000000
v 0.2440419858 -0.5481272746 0.2000000000
v 0.3000000000 -0.5196152423 0.2000000000
v 0.3526711514 -0.4854101966 0.2000000000
v 0.4014783638 -0.4458868953 0.2000000000
v 0.4458868953 -0.4014783638 0.2000000000
v 0.4854101966 -0.3526711514 0.2000000000
v 0.5196152423 -0.3000000000 0.2000000000
v 0.5481272746 -0.2440419858 0.2000000000
v 0.5706339098 -0.1854101966 0.2000000000
v 0.5868885604 -0.1247470145 0.2000000000
v 0.5967131372 -0.0627170780 0.2000000000
v 0.6000000000 0.0000000000 0.2500000000
v 0.5967131372 0.0627170780 0.2500000000
v 0.5868885604 0.1247470145 0.2500000000
v 0.5706339098 0.1854101966 0.2500000000
v 0.5481272746 0.2440419858 0.2500000000
v 0.5196152423 0.3000000000 0.2500000000
v 0.4854101966 0.3526711514 0.2500000000
v 0.4458868953 0.4014783638 0.2500000000
v 0.4014783638 0.4458868953 0.2500000000
v 0.3526711514 0.4854101966 0.2500000000
v 0.3000000000 0.5196152423 0.2500000000
v 0.2440419858 0.5481272746 0.2500000000
v 0.1854101966 0.5706339098 0.2500000000
v 0.1247470145 0.5868885604 0.2500000000
v 0.0627170780 0.5967131372 0.2500000000
v 0.0000000000 0.6000000000 0.2500000000
v -0.0627170780 0.5967131372 0.2500000000
v -0.1247470145 0.5868885604 0.2500000000
v -0.1854101966 0.5706339098 0.2500000000
v -0.2440419858 0.5481272746 0.2500000000
v -0.3000000000 0.5196152423 0.2500000000
v -0.3526711514 0.4854101966 0.2500000000
v -0.4014783638 0.4458868953 0.2500000000
v -0.4458868953 0.4014783638 0.2500000000
v -0.4854101966 0.3526711514 0.2500000000
v -0.5196152423 0.3000000000 0.2500000000
v -0.5481272746 0.2440419858 0.2500000000
v -0.5706339098 0.1854101966 0.2500000000
v -0.5868885604 0.1247470145 0.2500000000
v -0.5967131372 0.0627170780 0.2500000000
v -0.6000000000 0.0000000000 0.2500000000
v -0.5967131372 -0.0627170780 0.2500000000
v -0.5868885604 -0.1247470145 0.2500000000
v -0.5706339098 -0.1854101966 0.2500000000
v -0.5481272746 -0.2440419858 0.2500000000
v -0.5196152423 -0.3000000000 0.2500000000
v -0.4854101966 -0.3526711514 0.2500000000
v -0.4458868953 -0.4014783638 0.2500000000
v -0.4014783638 -0.4458868953 0.2500000000
v -0.3526711514 -0.4854101966 0.2500000000
v -0.3000000000 -0.5196152423 0.2500000000
v -0.2440419858 -0.5481272746 0.2500000000
v -0.1854101966 -0.5706339098 0.2500000000
v -0.1247470145 -0.5868885604 0.2500000000
v -0.0627170780 -0.5967131372 0.2500000000
v -0.0000000000 -0.6000000000 0.2500000000
v 0.0627170780 -0.5967131372 0.2500000000
v 0.1247470145 -0.5868885604 0.2500000000
v 0.1854101966 -0.5706339098 0.2500000000
v 0.2440419858 -0.5481272746 0.2500000000
v 0.3000000000 -0.5196152423 0.2500000000
v 0.3526711514 -0.4854101966 0.2500000000
v 0.4014783638 -0.4458868953 0.2500000000
v 0.4458868953 -0.4014783638 0.2500000000
v 0.4854101966 -0.3526711514 0.2500000000
v 0.5196152423 -0.3000000000 0.2500000000
v 0.5481272746 -0.2440419858 0.2500000000
v 0.5706339098 -0.1854101966 0.2500000000
v 0.5868885604 -0.1247470145 0.2500000000
v 0.5967131372 -0.0627170780 0.2500000000
v 0.6000000000 0.0000000000 0.3000000000
v 0.5967131372 0.0627170780 0.3000000000
v 0.5868885604 0.1247470145 0.3000000000
v 0.5706339098 0.1854101966 0.3000000000
v 0.5481272746 0.2440419858 0.3000000000
v 0.5196152423 0.3000000000 0.3000000000
v 0.4854101966 0.3526711514 0.3000000000
v 0.4458868953 0.4014783638 0.3000000000
v 0.4014783638 0.4458868953 0.3000000000
v 0.3526711514 0.4854101966 0.3000000000
v 0.3000000000 0.5196152423 0.3000000000
v 0.2440419858 0.5481272746 0.3000000000
v 0.1854101966 0.5706339098 0.3000000000
v 0.1247470145 0.5868885604 0.3000000000
v 0.0627170780 0.5967131372 0.3000000000
v 0.0000000000 0.6000000000 0.3000000000
v -0.0627170780 0.5967131372 0.3000000000
v -0.1247470145 0.5868885604 0.3000000000
v -0.1854101966 0.5706339098 0.3000000000
v -0.2440419858 0.5481272746 0.3000000000
v -0.3000000000 0.5196152423 0.3000000000
v -0.3526711514 0.4854101966 0.3000000000
v -0.4014783638 0.4458868953 0.3000000000
v -0.4458868953 0.4014783638 0.3000000000
v -0.4854101966 0.3526711514 0.3000000000
v -0.5196152423 0.3000000000 0.3000000000
v -0.5481272746 0.2440419858 0.3000000000
v -0.5706339098 0.1854101966 0.3000000000
v -0.5868885604 0.1247470145 0.3000000000
v -0.5967131372 0.0627170780 0.3000000000
v -0.6000000000 0.0000000000 0.3000000000
v -0.5967131372 -0.0627170780 0.3000000000
v -0.5868885604 -0.1247470145 0.3000000000
v -0.5706339098 -0.1854101966 0.3000000000
v -0.5481272746 -0.2440419858 0.3000000000
v -0.5196152423 -0.3000000000 0.3000000000
v -0.4854101966 -0.3526711514 0.3000000000
v -0.4458868953 -0.4014783638 0.3000000000
v -0.4014783638 -0.4458868953 0.3000000000
v -0.3526711514 -0.4854101966 0.3000000000
v -0.3000000000 -0.5196152423 0.3000000000
v -0.2440419858 -0.5481272746 0.3000000000
v -0.1854101966 -0.5706339098 0.3000000000
v -0.1247470145 -0.5868885604 0.3000000000
v -0.0627170780 -0.5967131372 0.3000000000
v -0.0000000000 -0.6000000000 0.3000000000
v 0.0627170780 -0.5967131372 0.3000000000
v 0.1247470145 -0.5868885604 0.3000000000
v 0.1854101966 -0.5706339098 0.3000000000
v 0.2440419858 -0.5481272746 0.3000000000
v 0.3000000000 -0.5196152423 0.3000000000
v 0.3526711514 -0.4854101966 0.3000000000
v 0.4014783638 -0.4458868953 0.3000000000
v 0.4458868953 -0.4014783638 0.3000000000
v 0.4854101966 -0.3526711514 0.3000000000
v 0.5196152423 -0.3000000000 0.3000000000
v 0.5481272746 -0.2440419858 0.3000000000
v 0.5706339098 -0.1854101966 0.3000000000
v 0.5868885604 -0.1247470145 0.3000000000
v 0.5967131372 -0.0627170780 0.3000000000
v 0.6000000000 0.0000000000 0.3500000000
v 0.5967131372 0.0627170780 0.3500000000
v 0.5868885604 0.1247470145 0.3500000000
v 0.5706339098 0.1854101966 0.3500000000
v 0.5481272746 0.2440419858 0.3500000000
v 0.5196152423 0.3000000000 0.3500000000
v 0.4854101966 0.3526711514 0.3500000000
v 0.4458868953 0.4014783638 0.3500000000
v 0.4014783638 0.4458868953 0.3500000000
v 0.3526711514 0.4854101966 0.3500000000
v 0.3000000000 0.5196152423 0.3500000000
v 0.2440419858 0.5481272746 0.3500000000
v 0.1854101966 0.5706339098 0.3500000000
v 0.1247470145 0.5868885604 0.3500000000
v 0.0627170780 0.5967131372 0.3500000000
v 0.0000000000 0.6000000000 0.3500000000
v -0.0627170780 0.5967131372 0.3500000000
v -0.1247470145 0.5868885604 0.3500000000
v -0.1854101966 0.5706339098 0.3500000000
v -0.2440419858 0.5481272746 0.3500000000
v -0.3000000000 0.5196152423 0.3500000000
v -0.3526711514 0.4854101966 0.3500000000
v -0.4014783638 0.4458868953 0.3500000000
v -0.4458868953 0.4014783638 0.3500000000
v -0.4854101966 0.3526711514 0.3500000000
v -0.5196152423 0.3000000000 0.3500000000
v -0.5481272746 0.2440419858 0.3500000000
v -0.5706339098 0.1854101966 0.3500000000
v -0.5868885604 0.1247470145 0.3500000000
v -0.5967131372 0.0627170780 0.3500000000
v -0.6000000000 0.0000000000 0.3500000000
v -0.5967131372 -0.0627170780 0.3500000000
v -0.5868885604 -0.1247470145 0.3500000000
v -0.5706339098 -0.1854101966 0.3500000000
v -0.5481272746 -0.2440419858 0.3500000000
v -0.5196152423 -0.3000000000 0.3500000000
v -0.4854101966 -0.3526711514 0.3500000000
v -0.4458868953 -0.4014783638 0.3500000000
v -0.4014783638 -0.4458868953 0.3500000000
v -0.3526711514 -0.4854101966 0.3500000000
v -0.3000000000 -0.5196152423 0.3500000000
v -0.2440419858 -0.5481272746 0.3500000000
v -0.1854101966 -0.5706339098 0.3500000000
v -0.1247470145 -0.5868885604 0.3500000000
v -0.0627170780 -0.5967131372 0.3500000000
v -0.0000000000 -0.6000000000 0.3500000000
v 0.0627170780 -0.5967131372 0.3500000000
v 0.1247470145 -0.5868885604 0.3500000000
v 0.1854101966 -0.5706339098 0.3500000000
v 0.2440419858 -0.5481272746 0.3500000000
v 0.3000000000 -0.5196152423 0.3500000000
v 0.3526711514 -0.4854101966 0.3500000000
v 0.4014783638 -0.4458868953 0.3500000000
v 0.4458868953 -0.4014783638 0.3500000000
v 0.4854101966 -0.3526711514 0.3500000000
v 0.5196152423 -0.3000000000 0.3500000000
v 0.5481272746 -0.2440419858 0.3500000000
v 0.5706339098 -0.1854101966 0.3500000000
v 0.5868885604 -0.1247470145 0.3500000000
v 0.5967131372 -0.0627170780 0.3500000000
v 0.6000000000 0.0000000000 0.4000000000
v 0.5967131372 0.0627170780 0.4000000000
v 0.5868885604 0.1247470145 0.4000000000
v 0.5706339098 0.1854101966 0.4000000000
v 0.5481272746 0.2440419858 0.4000000000
v 0.5196152423 0.3000000000 0.4000000000
v 0.4854101966 0.3526711514 0.4000000000
v 0.4458868953 0.4014783638 0.4000000000
v 0.4014783638 0.4458868953 0.4000000000
v 0.3526711514 0.4854101966 0.4000000000
v 0.3000000000 0.5196152423 0.4000000000
v 0.2440419858 0.5481272746 0.4000000000
v 0.1854101966 0.5706339098 0.4000000000
v 0.1247470145 0.5868885604 0.4000000000
v 0.0627170780 0.5967131372 0.4000000000
v 0.0000000000 0.6000000000 0.4000000000
v -0.0627170780 0.5967131372 0.4000000000
v -0.1247470145 0.5868885604 0.4000000000
v -0.1854101966 0.5706339098 0.4000000000
v -0.2440419858 0.5481272746 0.4000000000
v -0.3000000000 0.5196152423 0.4000000000
v -0.3526711514 0.4854101966 0.4000000000
v -0.4014783638 0.4458868953 0.4000000000
v -0.4458868953 0.4014783638 0.4000000000
v -0.4854101966 0.3526711514 0.4000000000
v -0.5196152423 0.3000000000 0.4000000000
v -0.5481272746 0.2440419858 0.4000000000
v -0.5706339098 0.1854101966 0.4000000000
v -0.5868885604 0.1247470145 0.4000000000
v -0.5967131372 0.0627170780 0.4000000000
v -0.6000000000 0.0000000000 0.4000000000
v -0.5967131372 -0.0627170780 0.4000000000
v -0.5868885604 -0.1247470145 0.4000000000
v -0.5706339098 -0.1854101966 0.4000000000
v -0.5481272746 -0.2440419858 0.4000000000
v -0.5196152423 -0.3000000000 0.4000000000
v -0.4854101966 -0.3526711514 0.4000000000
v -0.4458868953 -0.4014783638 0.4000000000
v -0.4014783638 -0.4458868953 0.4000000000
v -0.3526711514 -0.4854101966 0.4000000000
v -0.3000000000 -0.5196152423 0.4000000000
v -0.2440419858 -0.5481272746 0.4000000000
v -0.1854101966 -0.5706339098 0.4000000000
v -0.1247470145 -0.5868885604 0.4000000000
v -0.0627170780 -0.5967131372 0.4000000000
v -0.0000000000 -0.6000000000 0.4000000000
v 0.0627170780 -0.5967131372 0.4000000000
v 0.1247470145 -0.5868885604 0.4000000000
v 0.1854101966 -0.5706339098 0.4000000000
v 0.2440419858 -0.5481272746 0.4000000000
v 0.3000000000 -0.5196152423 0.4000000000
v 0.3526711514 -0.4854101966 0.4000000000
v 0.4014783638 -0.4458868953 0.4000000000
v 0.4458868953 -0.4014783638 0.4000000000
v 0.4854101966 -0.3526711514 0.4000000000
v 0.5196152423 -0.3000000000 0.4000000000
v 0.5481272746 -0.2440419858 0.4000000000
v 0.5706339098 -0.1854101966 0.4000000000
v 0.5868885604 -0.1247470145 0.4000000000
v 0.5967131372 -0.0627170780 0.4000000000
v 0.6000000000 0.0000000000 0.4500000000
v 0.5967131372 0.0627170780 0.4500000000
v 0.5868885604 0.1247470145 0.4500000000
v 0.5706339098 0.1854101966 0.4500000000
v 0.5481272746 0.2440419858 0.4500000000
v 0.5196152423 0.3000000000 0.4500000000
v 0.4854101966 0.3526711514 0.4500000000
v 0.4458868953 0.4014783638 0.4500000000
v 0.4014783638 0.4458868953 0.4500000000
v 0.3526711514 0.4854101966 0.4500000000
v 0.3000000000 0.5196152423 0.4500000000
v 0.2440419858 0.5481272746 0.4500000000
v 0.1854101966 0.5706339098 0.4500000000
v 0.1247470145 0.5868885604 0.4500000000
v 0.0627170780 0.5967131372 0.4500000000
v 0.0000000000 0.6000000000 0.4500000000
v -0.0627170780 0.5967131372 0.4500000000
v -0.1247470145 0.5868885604 0.4500000000
v -0.1854101966 0.5706339098 0.4500000000
v -0.2440419858 0.5481272746 0.4500000000
v -0.3000000000 0.5196152423 0.4500000000
v -0.3526711514 0.4854101966 0.4500000000
v -0.4014783638 0.4458868953 0.4500000000
v -0.4458868953 0.4014783638 0.4500000000
v -0.4854101966 0.3526711514 0.4500000000
v -0.5196152423 0.3000000000 0.4500000000
v -0.5481272746 0.2440419858 0.4500000000
v -0.5706339098 0.1854101966 0.4500000000
v -0.5868885604 0.1247470145 0.4500000000
v -0.5967131372 0.0627170780 0.4500000000
v -0.6000000000 0.0000000000 0.4500000000
v -0.5967131372 -0.0627170780 0.4500000000
v -0.5868885604 -0.1247470145 0.4500000000
v -0.5706339098 -0.1854101966 0.4500000000
v -0.5481272746 -0.2440419858 0.4500000000
v -0.5196152423 -0.3000000000 0.4500000000
v -0.4854101966 -0.3526711514 0.4500000000
v -0.4458868953 -0.4014783638 0.4500000000
v -0.4014783638 -0.4458868953 0.4500000000
v -0.3526711514 -0.4854101966 0.4500000000
v -0.3000000000 -0.5196152423 0.4500000000
v -0.2440419858 -0.5481272746 0.4500000000
v -0.1854101966 -0.5706339098 0.4500000000
v -0.1247470145 -0.5868885604 0.4500000000
v -0.0627170780 -0.5967131372 0.4500000000
v -0.0000000000 -0.6000000000 0.4500000000
v 0.0627170780 -0.5967131372 0.4500000000
v 0.1247470145 -0.5868885604 0.4500000000
v 0.1854101966 -0.5706339098 0.4500000000
v 0.2440419858 -0.5481272746 0.4500000000
v 0.3000000000 -0.5196152423 0.4500000000
v 0.3526711514 -0.4854101966 0.4500000000
v 0.4014783638 -0.4458868953 0.4500000000
v 0.4458868953 -0.4014783638 0.4500000000
v 0.4854101966 -0.3526711514 0.4500000000
v 0.5196152423 -0.3000000000 0.4500000000
v 0.5481272746 -0.2440419858 0.4500000000
v 0.5706339098 -0.1854101966 0.4500000000
v 0.5868885604 -0.1247470145 0.4500000000
v 0.5967131372 -0.0627170780 0.4500000000
v 0.6000000000 0.0000000000 0.5000000000
v 0.5967131372 0.0627170780 0.5000000000
v 0.5868885604 0.1247470145 0.5000000000
v 0.5706339098 0.1854101966 0.5000000000
v 0.5481272746 0.2440419858 0.5000000000
v 0.5196152423 0.3000000000 0.5000000000
v 0.4854101966 0.3526711514 0.5000000000
v 0.4458868953 0.4014783638 0.5000000000
v 0.4014783638 0.4458868953 0.5000000000
v 0.3526711514 0.4854101966 0.5000000000
v 0.3000000000 0.5196152423 0.5000000000
v 0.2440419858 0.5481272746 0.5000000000
v 0.1854101966 0.5706339098 0.5000000000
v 0.1247470145 0.5868885604 0.5000000000
v 0.0627170780 0.5967131372 0.5000000000
v 0.0000000000 0.6000000000 0.5000000000
v -0.0627170780 0.5967131372 0.5000000000
v -0.1247470145 0.5868885604 0.5000000000
v -0.1854101966 0.5706339098 0.5000000000
v -0.2440419858 0.5481272746 0.5000000000
v -0.3000000000 0.5196152423 0.5000000000
v -0.3526711514 0.4854101966 0.5000000000
v -0.4014783638 0.4458868953 0.5000000000
v -0.4458868953 0.4014783638 0.5000000000
v -0.4854101966 0.3526711514 0.5000000000
v -0.5196152423 0.3000000000 0.5000000000
v -0.5481272746 0.2440419858 0.5000000000
v -0.5706339098 0.1854101966 0.5000000000
v -0.5868885604 0.1247470145 0.5000000000
v -0.5967131372 0.0627170780 0.5000000000
v -0.6000000000 0.0000000000 0.5000000000
v -0.5967131372 -0.0627170780 0.5000000000
v -0.5868885604 -0.1247470145 0.5000000000
v -0.5706339098 -0.1854101966 0.5000000000
v -0.5481272746 -0.2440419858 0.5000000000
v -0.5196152423 -0.3000000000 0.5000000000
v -0.4854101966 -0.3526711514 0.5000000000
v -0.4458868953 -0.4014783638 0.5000000000
v -0.4014783638 -0.4458868953 0.5000000000
v -0.3526711514 -0.4854101966 0.5000000000
v -0.3000000000 -0.5196152423 0.5000000000
v -0.2440419858 -0.5481272746 0.5000000000
v -0.1854101966 -0.5706339098 0.5000000000
v -0.1247470145 -0.5868885604 0.5000000000
v -0.0627170780 -0.5967131372 0.5000000000
v -0.0000000000 -0.6000000000 0.5000000000
v 0.0627170780 -0.5967131372 0.5000000000
v 0.1247470145 -0.5868885604 0.5000000000
v 0.1854101966 -0.5706339098 0.5000000000
v 0.2440419858 -0.5481272746 0.5000000000
v 0.3000000000 -0.5196152423 0.5000000000
v 0.3526711514 -0.4854101966 0.5000000000
v 0.4014783638 -0.4458868953 0.5000000000
v 0.4458868953 -0.4014783638 0.5000000000
v 0.4854101966 -0.3526711514 0.5000000000
v 0.5196152423 -0.3000000000 0.5000000000
v 0.5481272746 -0.2440419858 0.5000000000
v 0.5706339098 -0.1854101966 0.5000000000
v 0.5868885604 -0.1247470145 0.5000000000
v 0.5967131372 -0.0627170780 0.5000000000
v 0.4000000000 0.0000000000 0.0000000000
v 0.4500000000 0.0000000000 0.0000000000
v 0.5000000000 0.0000000000 0.0000000000
v 0.5500000000 0.0000000000 0.0000000000
v 0.6000000000 0.0000000000 0.0000000000
v 0.3978087581 0.0418113853 0.0000000000
v 0.4475348529 0.0470378085 0.0000000000
v 0.4972609477 0.0522642316 0.0000000000
v 0.5469870425 0.0574906548 0.0000000000
v 0.5967131372 0.0627170780 0.0000000000
v 0.3912590403 0.0831646763 0.0000000000
v 0.4401664203 0.0935602609 0.0000000000
v 0.4890738004 0.1039558454 0.0000000000
v 0.5379811804 0.1143514299 0.0000000000
v 0.5868885604 0.1247470145 0.0000000000
v 0.3804226065 0.1236067977 0.0000000000
v 0.4279754323 0.1390576475 0.0000000000
v 0.4755282581 0.1545084972 0.0000000000
v 0.5230810840 0.1699593469 0.0000000000
v 0.5706339098 0.1854101966 0.0000000000
v 0.3654181831 0.1626946572 0.0000000000
v 0.4110954559 0.1830314894 0.0000000000
v 0.4567727288 0.2033683215 0.0000000000
v 0.5024500017 0.2237051537 0.0000000000
v 0.5481272746 0.2440419858 0.0000000000
v 0.3464101615 0.2000000000 0.0000000000
v 0.3897114317 0.2250000000 0.0000000000
v 0.4330127019 0.2500000000 0.0000000000
v 0.4763139721 0.2750000000 0.0000000000
v 0.5196152423 0.3000000000 0.0000000000
v 0.3236067977 0.2351141009 0.0000000000
v 0.3640576475 0.2645033635 0.0000000000
v 0.4045084972 0.2938926261 0.0000000000
v 0.4449593469 0.3232818888 0.0000000000
v 0.4854101966 0.3526711514 0.0000000000
v 0.2972579302 0.2676522425 0.0000000000
v 0.3344151715 0.3011087729 0.0000000000
v 0.3715724127 0.3345653032 0.0000000000
v 0.4087296540 0.3680218335 0.0000000000
v 0.4458868953 0.4014783638 0.0000000000
v 0.2676522425 0.2972579302 0.0000000000
v 0.3011087729 0.3344151715 0.0000000000
v 0.3345653032 0.3715724127 0.0000000000
v 0.3680218335 0.4087296540 0.0000000000
v 0.4014783638 0.4458868953 0.0000000000
v 0.2351141009 0.3236067977 0.0000000000
v 0.2645033635 0.3640576475 0.0000000000
v 0.2938926261 0.4045084972 0.0000000000
v 0.3232818888 0.4449593469 0.0000000000
v 0.3526711514 0.4854101966 0.0000000000
v 0.2000000000 0.3464101615 0.0000000000
v 0.2250000000 0.3897114317 0.0000000000
v 0.2500000000 0.4330127019 0.0000000000
v 0.2750000000 0.4763139721 0.0000000000
v 0.3000000000 0.5196152423 0.0000000000
v 0.1626946572 0.3654181831 0.0000000000
v 0.1830314894 0.4110954559 0.0000000000
v 0.2033683215 0.4567727288 0.0000000000
v 0.2237051537 0.5024500017 0.0000000000
v 0.2440419858 0.5481272746 0.0000000000
v 0.1236067977 0.3804226065 0.0000000000
v 0.1390576475 0.4279754323 0.0000000000
v 0.1545084972 0.4755282581 0.0000000000
v 0.1699593469 0.5230810840 0.0000000000
v 0.1854101966 0.5706339098 0.0000000000
v 0.0831646763 0.3912590403 0.0000000000
v 0.0935602609 0.4401664203 0.0000000000
v 0.1039558454 0.4890738004 0.0000000000
v 0.1143514299 0.5379811804 0.0000000000
v 0.1247470145 0.5868885604 0.0000000000
v 0.0418113853 0.3978087581 0.0000000000
v 0.0470378085 0.4475348529 0.0000000000
v 0.0522642316 0.4972609477 0.0000000000
v 0.0574906548 0.5469870425 0.0000000000
v 0.0627170780 0.5967131372 0.0000000000
v 0.0000000000 0.4000000000 0.0000000000
v 0.0000000000 0.4500000000 0.0000000000
v 0.0000000000 0.5000000000 0.0000000000
v 0.0000000000 0.5500000000 0.0000000000
v 0.0000000000 0.6000000000 0.0000000000
v -0.0418113853 0.3978087581 0.0000000000
v -0.0470378085 0.4475348529 0.0000000000
v -0.0522642316 0.4972609477 0.0000000000
v -0.0574906548 0.5469870425 0.0000000000
v -0.0627170780 0.5967131372 0.0000000000
v -0.0831646763 0.3912590403 0.0000000000
v -0.0935602609 0.4401664203 0.0000000000
v -0.1039558454 0.4890738004 0.0000000000
v -0.1143514299 0.5379811804 0.0000000000
v -0.1247470145 0.5868885604 0.0000000000
v -0.1236067977 0.3804226065 0.0000000000
v -0.1390576475 0.4279754323 0.0000000000
v -0.1545084972 0.4755282581 0.0000000000
v -0.1699593469 0.5230810840 0.0000000000
v -0.1854101966 0.5706339098 0.0000000000
v -0.1626946572 0.3654181831 0.0000000000
v -0.1830314894 0.4110954559 0.0000000000
v -0.2033683215 0.4567727288 0.0000000000
v -0.2237051537 0.5024500017 0.0000000000
v -0.2440419858 0.5481272746 0.0000000000
v -0.2000000000 0.3464101615 0.0000000000
v -0.2250000000 0.3897114317 0.0000000000
v -0.2500000000 0.4330127019 0.0000000000
v -0.2750000000 0.4763139721 0.0000000000
v -0.3000000000 0.5196152423 0.0000000000
v -0.2351141009 0.3236067977 0.0000000000
v -0.2645033635 0.3640576475 0.0000000000
v -0.2938926261 0.4045084972 0.0000000000
v -0.3232818888 0.4449593469 0.0000000000
v -0.3526711514 0.4854101966 0.0000000000
v -0.2676522425 0.2972579302 0.0000000000
v -0.3011087729 0.3344151715 0.0000000000
v -0.3345653032 0.3715724127 0.0000000000
v -0.3680218335 0.4087296540 0.0000000000
v -0.4014783638 0.4458868953 0.0000000000
v -0.2972579302 0.2676522425 0.0000000000
v -0.3344151715 0.3011087729 0.0000000000
v -0.3715724127 0.3345653032 0.0000000000
v -0.4087296540 0.3680218335 0.0000000000
v -0.4458868953 0.4014783638 0.0000000000
v -0.3236067977 0.2351141009 0.0000000000
v -0.3640576475 0.2645033635 0.0000000000
v -0.4045084972 0.2938926261 0.0000000000
v -0.4449593469 0.3232818888 0.0000000000
v -0.4854101966 0.3526711514 0.0000000000
v -0.3464101615 0.2000000000 0.0000000000
v -0.3897114317 0.2250000000 0.0000000000
v -0.4330127019 0.2500000000 0.0000000000
v -0.4763139721 0.2750000000 0.0000000000
v -0.5196152423 0.3000000000 0.0000000000
v -0.3654181831 0.1626946572 0.0000000000
v -0.4110954559 0.1830314894 0.0000000000
v -0.4567727288 0.2033683215 0.0000000000
v -0.5024500017 0.2237051537 0.0000000000
v -0.5481272746 0.2440419858 0.0000000000
v -0.3804226065 0.1236067977 0.0000000000
v -0.4279754323 0.1390576475 0.0000000000
v -0.4755282581 0.1545084972 0.0000000000
v -0.5230810840 0.1699593469 0.0000000000
v -0.5706339098 0.1854101966 0.0000000000
v -0.3912590403 0.0831646763 0.0000000000
v -0.4401664203 0.0935602609 0.0000000000
v -0.4890738004 0.1039558454 0.0000000000
v -0.5379811804 0.1143514299 0.0000000000
v -0.5868885604 0.1247470145 0.0000000000
v -0.3978087581 0.0418113853 0.0000000000
v -0.4475348529 0.0470378085 0.0000000000
v -0.4972609477 0.0522642316 0.0000000000
v -0.5469870425 0.0574906548 0.0000000000
v -0.5967131372 0.0627170780 0.0000000000
v -0.4000000000 0.0000000000 0.0000000000
v -0.4500000000 0.0000000000 0.0000000000
v -0.5000000000 0.0000000000 0.0000000000
v -0.5500000000 0.0000000000 0.0000000000
v -0.6000000000 0.0000000000 0.0000000000
v -0.3978087581 -0.0418113853 0.0000000000
v -0.4475348529 -0.0470378085 0.0000000000
v -0.4972609477 -0.0522642316 0.0000000000
v -0.5469870425 -0.0574906548 0.0000000000
v -0.5967131372 -0.0627170780 0.0000000000
v -0.3912590403 -0.0831646763 0.0000000000
v -0.4401664203 -0.0935602609 0.0000000000
v -0.4890738004 -0.1039558454 0.0000000000
v -0.5379811804 -0.1143514299 0.0000000000
v -0.5868885604 -0.1247470145 0.0000000000
v -0.3804226065 -0.1236067977 0.0000000000
v -0.4279754323 -0.1390576475 0.0000000000
v -0.4755282581 -0.1545084972 0.0000000000
v -0.5230810840 -0.1699593469 0.0000000000
v -0.5706339098 -0.1854101966 0.0000000000
v -0.3654181831 -0.1626946572 0.0000000000
v -0.4110954559 -0.1830314894 0.0000000000
v -0.4567727288 -0.2033683215 0.0000000000
v -0.5024500017 -0.2237051537 0.0000000000
v -0.5481272746 -0.2440419858 0.0000000000
v -0.3464101615 -0.2000000000 0.0000000000
v -0.3897114317 -0.2250000000 0.0000000000
v -0.4330127019 -0.2500000000 0.0000000000
v -0.4763139721 -0.2750000000 0.0000000000
v -0.5196152423 -0.3000000000 0.0000000000
v -0.3236067977 -0.2351141009 0.0000000000
v -0.3640576475 -0.2645033635 0.0000000000
v -0.4045084972 -0.2938926261 0.0000000000
v -0.4449593469 -0.3232818888 0.0000000000
v -0.4854101966 -0.3526711514 0.0000000000
v -0.2972579302 -0.2676522425 0.0000000000
v -0.3344151715 -0.3011087729 0.0000000000
v -0.3715724127 -0.3345653032 0.0000000000
v -0.4087296540 -0.3680218335 0.0000000000
v -0.4458868953 -0.4014783638 0.0000000000
v -0.2676522425 -0.2972579302 0.0000000000
v -0.3011087729 -0.3344151715 0.0000000000
v -0.3345653032 -0.3715724127 0.0000000000
v -0.3680218335 -0.4087296540 0.0000000000
v -0.4014783638 -0.4458868953 0.0000000000
v -0.2351141009 -0.3236067977 0.0000000000
v -0.2645033635 -0.3640576475 0.0000000000
v -0.2938926261 -0.4045084972 0.0000000000
v -0.3232818888 -0.4449593469 0.0000000000
v -0.3526711514 -0.4854101966 0.0000000000
v -0.2000000000 -0.3464101615 0.0000000000
v -0.2250000000 -0.3897114317 0.0000000000
v -0.2500000000 -0.4330127019 0.0000000000
v -0.2750000000 -0.4763139721 0.0000000000
v -0.3000000000 -0.5196152423 0.0000000000
v -0.1626946572 -0.3654181831 0.0000000000
v -0.1830314894 -0.4110954559 0.0000000000
v -0.2033683215 -0.4567727288 0.0000000000
v -0.2237051537 -0.5024500017 0.0000000000
v -0.2440419858 -0.5481272746 0.0000000000
v -0.1236067977 -0.3804226065 0.0000000000
v -0.1390576475 -0.4279754323 0.0000000000
v -0.1545084972 -0.4755282581 0.0000000000
v -0.1699593469 -0.5230810840 0.0000000000
v -0.1854101966 -0.5706339098 0.0000000000
v -0.0831646763 -0.3912590403 0.0000000000
v -0.0935602609 -0.4401664203 0.0000000000
v -0.1039558454 -0.4890738004 0.0000000000
v -0.1143514299 -0.5379811804 0.0000000000
v -0.1247470145 -0.5868885604 0.0000000000
v -0.0418113853 -0.3978087581 0.0000000000
v -0.0470378085 -0.4475348529 0.0000000000
v -0.0522642316 -0.4972609477 0.0000000000
v -0.0574906548 -0.5469870425 0.0000000000
v -0.0627170780 -0.5967131372 0.0000000000
v -0.0000000000 -0.4000000000 0.0000000000
v -0.0000000000 -0.4500000000 0.0000000000
v -0.0000000000 -0.5000000000 0.0000000000
v -0.0000000000 -0.5500000000 0.0000000000
v -0.0000000000 -0.6000000000 0.0000000000
v 0.0418113853 -0.3978087581 0.0000000000
v 0.0470378085 -0.4475348529 0.0000000000
v 0.0522642316 -0.4972609477 0.0000000000
v 0.0574906548 -0.5469870425 0.0000000000
v 0.0627170780 -0.5967131372 0.0000000000
v 0.0831646763 -0.3912590403 0.0000000000
v 0.0935602609 -0.4401664203 0.0000000000
v 0.1039558454 -0.4890738004 0.0000000000
v 0.1143514299 -0.5379811804 0.0000000000
v 0.1247470145 -0.5868885604 0.0000000000
v 0.1236067977 -0.3804226065 0.0000000000
v 0.1390576475 -0.4279754323 0.0000000000
v 0.1545084972 -0.4755282581 0.0000000000
v 0.1699593469 -0.5230810840 0.0000000000
v 0.1854101966 -0.5706339098 0.0000000000
v 0.1626946572 -0.3654181831 0.0000000000
v 0.1830314894 -0.4110954559 0.0000000000
v 0.2033683215 -0.4567727288 0.0000000000
v 0.2237051537 -0.5024500017 0.0000000000
v 0.2440419858 -0.5481272746 0.0000000000
v 0.2000000000 -0.3464101615 0.0000000000
v 0.2250000000 -0.3897114317 0.0000000000
v 0.2500000000 -0.4330127019 0.0000000000
v 0.2750000000 -0.4763139721 0.0000000000
v 0.3000000000 -0.5196152423 0.0000000000
v 0.2351141009 -0.3236067977 0.0000000000
v 0.2645033635 -0.3640576475 0.0000000000
v 0.2938926261 -0.4045084972 0.0000000000
v 0.3232818888 -0.4449593469 0.0000000000
v 0.3526711514 -0.4854101966 0.0000000000
v 0.2676522425 -0.2972579302 0.0000000000
v 0.3011087729 -0.3344151715 0.0000000000
v 0.3345653032 -0.3715724127 0.0000000000
v 0.3680218335 -0.4087296540 0.0000000000
v 0.4014783638 -0.4458868953 0.0000000000
v 0.2972579302 -0.2676522425 0.0000000000
v 0.3344151715 -0.3011087729 0.0000000000
v 0.3715724127 -0.3345653032 0.0000000000
v 0.4087296540 -0.3680218335 0.0000000000
v 0.4458868953 -0.4014783638 0.0000000000
v 0.3236067977 -0.2351141009 0.0000000000
v 0.3640576475 -0.2645033635 0.0000000000
v 0.4045084972 -0.2938926261 0.0000000000
v 0.4449593469 -0.3232818888 0.0000000000
v 0.4854101966 -0.3526711514 0.0000000000
v 0.3464101615 -0.2000000000 0.0000000000
v 0.3897114317 -0.2250000000 0.0000000000
v 0.4330127019 -0.2500000000 0.0000000000
v 0.4763139721 -0.2750000000 0.0000000000
v 0.5196152423 -0.3000000000 0.0000000000
v 0.3654181831 -0.1626946572 0.0000000000
v 0.4110954559 -0.1830314894 0.0000000000
v 0.4567727288 -0.2033683215 0.0000000000
v 0.5024500017 -0.2237051537 0.0000000000
v 0.5481272746 -0.2440419858 0.0000000000
v 0.3804226065 -0.1236067977 0.0000000000
v 0.4279754323 -0.1390576475 0.0000000000
v 0.4755282581 -0.1545084972 0.0000000000
v 0.5230810840 -0.1699593469 0.0000000000
v 0.5706339098 -0.1854101966 0.0000000000
v 0.3912590403 -0.0831646763 0.0000000000
v 0.4401664203 -0.0935602609 0.0000000000
v 0.4890738004 -0.1039558454 0.0000000000
v 0.5379811804 -0.1143514299 0.0000000000
v 0.5868885604 -0.1247470145 0.0000000000
v 0.3978087581 -0.0418113853 0.0000000000
v 0.4475348529 -0.0470378085 0.0000000000
v 0.4972609477 -0.0522642316 0.0000000000
v 0.5469870425 -0.0574906548 0.0000000000
v 0.5967131372 -0.0627170780 0.0000000000
v 0.4000000000 0.0000000000 0.5000000000
v 0.4500000000 0.0000000000 0.5000000000
v 0.5000000000 0.0000000000 0.5000000000
v 0.5500000000 0.0000000000 0.5000000000
v 0.6000000000 0.0000000000 0.5000000000
v 0.3978087581 0.0418113853 0.5000000000
v 0.4475348529 0.0470378085 0.5000000000
v 0.4972609477 0.0522642316 0.5000000000
v 0.5469870425 0.0574906548 0.5000000000
v 0.5967131372 0.0627170780 0.5000000000
v 0.3912590403 0.0831646763 0.5000000000
v 0.4401664203 0.0935602609 0.5000000000
v 0.4890738004 0.1039558454 0.5000000000
v 0.5379811804 0.1143514299 0.5000000000
v 0.5868885604 0.1247470145 0.5000000000
v 0.3804226065 0.1236067977 0.5000000000
v 0.4279754323 0.1390576475 0.5000000000
v 0.4755282581 0.1545084972 0.5000000000
v 0.5230810840 0.1699593469 0.5000000000
v 0.5706339098 0.1854101966 0.5000000000
v 0.3654181831 0.1626946572 0.5000000000
v 0.4110954559 0.1830314894 0.5000000000
v 0.4567727288 0.2033683215 0.5000000000
v 0.5024500017 0.2237051537 0.5000000000
v 0.5481272746 0.2440419858 0.5000000000
v 0.3464101615 0.2000000000 0.5000000000
v 0.3897114317 0.2250000000 0.5000000000
v 0.4330127019 0.2500000000 0.5000000000
v 0.4763139721 0.2750000000 0.5000000000
v 0.5196152423 0.3000000000 0.5000000000
v 0.3236067977 0.2351141009 0.5000000000
v 0.3640576475 0.2645033635 0.5000000000
v 0.4045084972 0.2938926261 0.5000000000
v 0.4449593469 0.3232818888 0.5000000000
v 0.4854101966 0.3526711514 0.5000000000
v 0.2972579302 0.2676522425 0.5000000000
v 0.3344151715 0.3011087729 0.5000000000
v 0.3715724127 0.3345653032 0.5000000000
v 0.4087296540 0.3680218335 0.5000000000
v 0.4458868953 0.4014783638 0.5000000000
v 0.2676522425 0.2972579302 0.5000000000
v 0.3011087729 0.3344151715 0.5000000000
v 0.3345653032 0.3715724127 0.5000000000
v 0.3680218335 0.4087296540 0.5000000000
v 0.4014783638 0.4458868953 0.5000000000
v 0.2351141009 0.3236067977 0.5000000000
v 0.2645033635 0.3640576475 0.5000000000
v 0.2938926261 0.4045084972 0.5000000000
v 0.3232818888 0.4449593469 0.5000000000
v 0.3526711514 0.4854101966 0.5000000000
v 0.2000000000 0.3464101615 0.5000000000
v 0.2250000000 0.3897114317 0.5000000000
v 0.2500000000 0.4330127019 0.5000000000
v 0.2750000000 0.4763139721 0.5000000000
v 0.3000000000 0.5196152423 0.5000000000
v 0.1626946572 0.3654181831 0.5000000000
v 0.1830314894 0.4110954559 0.5000000000
v 0.2033683215 0.4567727288 0.5000000000
v 0.2237051537 0.5024500017 0.5000000000
v 0.2440419858 0.5481272746 0.5000000000
v 0.1236067977 0.3804226065 0.5000000000
v 0.1390576475 0.4279754323 0.5000000000
v 0.1545084972 0.4755282581 0.5000000000
v 0.1699593469 0.5230810840 0.5000000000
v 0.1854101966 0.5706339098 0.5000000000
v 0.0831646763 0.3912590403 0.5000000000
v 0.0935602609 0.4401664203 0.5000000000
v 0.1039558454 0.4890738004 0.5000000000
v 0.1143514299 0.5379811804 0.5000000000
v 0.1247470145 0.5868885604 0.5000000000
v 0.0418113853 0.3978087581 0.5000000000
v 0.0470378085 0.4475348529 0.5000000000
v 0.0522642316 0.4972609477 0.5000000000
v 0.0574906548 0.5469870425 0.5000000000
v 0.0627170780 0.5967131372 0.5000000000
v 0.0000000000 0.4000000000 0.5000000000
v 0.0000000000 0.4500000000 0.5000000000
v 0.0000000000 0.5000000000 0.5000000000
v 0.0000000000 0.5500000000 0.5000000000
v 0.0000000000 0.6000000000 0.5000000000
v -0.0418113853 0.3978087581 0.5000000000
v -0.0470378085 0.4475348529 0.5000000000
v -0.0522642316 0.4972609477 0.5000000000
v -0.0574906548 0.5469870425 0.5000000000
v -0.0627170780 0.5967131372 0.5000000000
v -0.0831646763 0.3912590403 0.5000000000
v -0.0935602609 0.4401664203 0.5000000000
v -0.1039558454 0.4890738004 0.5000000000
v -0.1143514299 0.5379811804 0.5000000000
v -0.1247470145 0.5868885604 0.5000000000
v -0.1236067977 0.3804226065 0.5000000000
v -0.1390576475 0.4279754323 0.5000000000
v -0.1545084972 0.4755282581 0.5000000000
v -0.1699593469 0.5230810840 0.5000000000
v -0.1854101966 0.5706339098 0.5000000000
v -0.1626946572 0.3654181831 0.5000000000
v -0.1830314894 0.4110954559 0.5000000000
v -0.2033683215 0.4567727288 0.5000000000
v -0.2237051537 0.5024500017 0.5000000000
v -0.2440419858 0.5481272746 0.5000000000
v -0.2000000000 0.3464101615 0.5000000000
v -0.2250000000 0.3897114317 0.5000000000
v -0.2500000000 0.4330127019 0.5000000000
v -0.2750000000 0.4763139721 0.5000000000
v -0.3000000000 0.5196152423 0.5000000000
v -0.2351141009 0.3236067977 0.5000000000
v -0.2645033635 0.3640576475 0.5000000000
v -0.2938926261 0.4045084972 0.5000000000
v -0.3232818888 0.4449593469 0.5000000000
v -0.3526711514 0.4854101966 0.5000000000
v -0.2676522425 0.2972579302 0.5000000000
v -0.3011087729 0.3344151715 0.5000000000
v -0.3345653032 0.3715724127 0.5000000000
v -0.3680218335 0.4087296540 0.5000000000
v -0.4014783638 0.4458868953 0.5000000000
v -0.2972579302 0.2676522425 0.5000000000
v -0.3344151715 0.3011087729 0.5000000000
v -0.3715724127 0.3345653032 0.5000000000
v -0.4087296540 0.3680218335 0.5000000000
v -0.4458868953 0.4014783638 0.5000000000
v -0.3236067977 0.2351141009 0.5000000000
v -0.3640576475 0.2645033635 0.5000000000
v -0.4045084972 0.2938926261 0.5000000000
v -0.4449593469 0.3232818888 0.5000000000
v -0.4854101966 0.3526711514 0.5000000000
v -0.3464101615 0.2000000000 0.5000000000
v -0.3897114317 0.2250000000 0.5000000000
v -0.4330127019 0.2500000000 0.5000000000
v -0.4763139721 0.2750000000 0.5000000000
v -0.5196152423 0.3000000000 0.5000000000
v -0.3654181831 0.1626946572 0.5000000000
v -0.4110954559 0.1830314894 0.5000000000
v -0.4567727288 0.2033683215 0.5000000000
v -0.5024500017 0.2237051537 0.5000000000
v -0.5481272746 0.2440419858 0.5000000000
v -0.3804226065 0.1236067977 0.5000000000
v -0.4279754323 0.1390576475 0.5000000000
v -0.4755282581 0.1545084972 0.5000000000
v -0.5230810840 0.1699593469 0.5000000000
v -0.5706339098 0.1854101966 0.5000000000
v -0.3912590403 0.0831646763 0.5000000000
v -0.4401664203 0.0935602609 0.5000000000
v -0.4890738004 0.1039558454 0.5000000000
v -0.5379811804 0.1143514299 0.5000000000
v -0.5868885604 0.1247470145 0.5000000000
v -0.3978087581 0.0418113853 0.5000000000
v -0.4475348529 0.0470378085 0.5000000000
v -0.4972609477 0.0522642316 0.5000000000
v -0.5469870425 0.0574906548 0.5000000000
v -0.5967131372 0.0627170780 0.5000000000
v -0.4000000000 0.0000000000 0.5000000000
v -0.4500000000 0.0000000000 0.5000000000
v -0.5000000000 0.0000000000 0.5000000000
v -0.5500000000 0.0000000000 0.5000000000
v -0.6000000000 0.0000000000 0.5000000000
v -0.3978087581 -0.0418113853 0.5000000000
v -0.4475348529 -0.0470378085 0.5000000000
v -0.4972609477 -0.0522642316 0.5000000000
v -0.5469870425 -0.0574906548 0.5000000000
v -0.5967131372 -0.0627170780 0.5000000000
v -0.3912590403 -0.0831646763 0.5000000000
v -0.4401664203 -0.0935602609 0.5000000000
v -0.4890738004 -0.1039558454 0.5000000000
v -0.5379811804 -0.1143514299 0.5000000000
v -0.5868885604 -0.1247470145 0.5000000000
v -0.3804226065 -0.1236067977 0.5000000000
v -0.4279754323 -0.1390576475 0.5000000000
v -0.4755282581 -0.1545084972 0.5000000000
v -0.5230810840 -0.1699593469 0.5000000000
v -0.5706339098 -0.1854101966 0.5000000000
v -0.3654181831 -0.1626946572 0.5000000000
v -0.4110954559 -0.1830314894 0.5000000000
v -0.4567727288 -0.2033683215 0.5000000000
v -0.5024500017 -0.2237051537 0.5000000000
v -0.5481272746 -0.2440419858 0.5000000000
v -0.3464101615 -0.2000000000 0.5000000000
v -0.3897114317 -0.2250000000 0.5000000000
v -0.4330127019 -0.2500000000 0.5000000000
v -0.4763139721 -0.2750000000 0.5000000000
v -0.5196152423 -0.3000000000 0.5000000000
v -0.3236067977 -0.2351141009 0.5000000000
v -0.3640576475 -0.2645033635 0.5000000000
v -0.4045084972 -0.2938926261 0.5000000000
v -0.4449593469 -0.3232818888 0.5000000000
v -0.4854101966 -0.3526711514 0.5000000000
v -0.2972579302 -0.2676522425 0.5000000000
v -0.3344151715 -0.3011087729 0.5000000000
v -0.3715724127 -0.3345653032 0.5000000000
v -0.4087296540 -0.3680218335 0.5000000000
v -0.4458868953 -0.4014783638 0.5000000000
v -0.2676522425 -0.2972579302 0.5000000000
v -0.3011087729 -0.3344151715 0.5000000000
v -0.3345653032 -0.3715724127 0.5000000000
v -0.3680218335 -0.4087296540 0.5000000000
v -0.4014783638 -0.4458868953 0.5000000000
v -0.2351141009 -0.3236067977 0.5000000000
v -0.2645033635 -0.3640576475 0.5000000000
v -0.2938926261 -0.4045084972 0.5000000000
v -0.3232818888 -0.4449593469 0.5000000000
v -0.3526711514 -0.4854101966 0.5000000000
v -0.2000000000 -0.3464101615 0.5000000000
v -0.2250000000 -0.3897114317 0.5000000000
v -0.2500000000 -0.4330127019 0.5000000000
v -0.2750000000 -0.4763139721 0.5000000000
v -0.3000000000 -0.5196152423 0.5000000000
v -0.1626946572 -0.3654181831 0.5000000000
v -0.1830314894 -0.4110954559 0.5000000000
v -0.2033683215 -0.4567727288 0.5000000000
v -0.2237051537 -0.5024500017 0.5000000000
v -0.2440419858 -0.5481272746 0.5000000000
v -0.1236067977 -0.3804226065 0.5000000000
v -0.1390576475 -0.4279754323 0.5000000000
v -0.1545084972 -0.4755282581 0.5000000000
v -0.1699593469 -0.5230810840 0.5000000000
v -0.1854101966 -0.5706339098 0.5000000000
v -0.0831646763 -0.3912590403 0.5000000000
v -0.0935602609 -0.4401664203 0.5000000000
v -0.1039558454 -0.4890738004 0.5000000000
v -0.1143514299 -0.5379811804 0.5000000000
v -0.1247470145 -0.5868885604 0.5000000000
v -0.0418113853 -0.3978087581 0.5000000000
v -0.0470378085 -0.4475348529 0.5000000000
v -0.0522642316 -0.4972609477 0.5000000000
v -0.0574906548 -0.5469870425 0.5000000000
v -0.0627170780 -0.5967131372 0.5000000000
v -0.0000000000 -0.4000000000 0.5000000000
v -0.0000000000 -0.4500000000 0.5000000000
v -0.0000000000 -0.5000000000 0.5000000000
v -0.0000000000 -0.5500000000 0.5000000000
v -0.0000000000 -0.6000000000 0.5000000000
v 0.0418113853 -0.3978087581 0.5000000000
v 0.0470378085 -0.4475348529 0.5000000000
v 0.0522642316 -0.4972609477 0.5000000000
v 0.0574906548 -0.5469870425 0.5000000000
v 0.0627170780 -0.5967131372 0.5000000000
v 0.0831646763 -0.3912590403 0.5000000000
v 0.0935602609 -0.4401664203 0.5000000000
v 0.1039558454 -0.4890738004 0.5000000000
v 0.1143514299 -0.5379811804 0.5000000000
v 0.1247470145 -0.5868885604 0.5000000000
v 0.1236067977 -0.3804226065 0.5000000000
v 0.1390576475 -0.4279754323 0.5000000000
v 0.1545084972 -0.4755282581 0.5000000000
v 0.1699593469 -0.5230810840 0.5000000000
v 0.1854101966 -0.5706339098 0.5000000000
v 0.1626946572 -0.3654181831 0.5000000000
v 0.1830314894 -0.4110954559 0.5000000000
v 0.2033683215 -0.4567727288 0.5000000000
v 0.2237051537 -0.5024500017 0.5000000000
v 0.2440419858 -0.5481272746 0.5000000000
v 0.2000000000 -0.3464101615 0.5000000000
v 0.2250000000 -0.3897114317 0.5000000000
v 0.2500000000 -0.4330127019 0.5000000000
v 0.2750000000 -0.4763139721 0.5000000000
v 0.3000000000 -0.5196152423 0.5000000000
v 0.2351141009 -0.3236067977 0.5000000000
v 0.2645033635 -0.3640576475 0.5000000000
v 0.2938926261 -0.4045084972 0.5000000000
v 0.3232818888 -0.4449593469 0.5000000000
v 0.3526711514 -0.4854101966 0.5000000000
v 0.2676522425 -0.2972579302 0.5000000000
v 0.3011087729 -0.3344151715 0.5000000000
v 0.3345653032 -0.3715724127 0.5000000000
v 0.3680218335 -0.4087296540 0.5000000000
v 0.4014783638 -0.4458868953 0.5000000000
v 0.2972579302 -0.2676522425 0.5000000000
v 0.3344151715 -0.3011087729 0.5000000000
v 0.3715724127 -0.3345653032 0.5000000000
v 0.4087296540 -0.3680218335 0.5000000000
v 0.4458868953 -0.4014783638 0.5000000000
v 0.3236067977 -0.2351141009 0.5000000000
v 0.3640576475 -0.2645033635 0.5000000000
v 0.4045084972 -0.2938926261 0.5000000000
v 0.4449593469 -0.3232818888 0.5000000000
v 0.4854101966 -0.3526711514 0.5000000000
v 0.3464101615 -0.2000000000 0.5000000000
v 0.3897114317 -0.2250000000 0.5000000000
v 0.4330127019 -0.2500000000 0.5000000000
v 0.4763139721 -0.2750000000 0.5000000000
v 0.5196152423 -0.3000000000 0.5000000000
v 0.3654181831 -0.1626946572 0.5000000000
v 0.4110954559 -0.1830314894 0.5000000000
v 0.4567727288 -0.2033683215 0.5000000000
v 0.5024500017 -0.2237051537 0.5000000000
v 0.5481272746 -0.2440419858 0.5000000000
v 0.3804226065 -0.1236067977 0.5000000000
v 0.4279754323 -0.1390576475 0.5000000000
v 0.4755282581 -0.1545084972 0.5000000000
v 0.5230810840 -0.1699593469 0.5000000000
v 0.5706339098 -0.1854101966 0.5000000000
v 0.3912590403 -0.0831646763 0.5000000000
v 0.4401664203 -0.0935602609 0.5000000000
v 0.4890738004 -0.1039558454 0.5000000000
v 0.5379811804 -0.1143514299 0.5000000000
v 0.5868885604 -0.1247470145 0.5000000000
v 0.3978087581 -0.0418113853 0.5000000000
v 0.4475348529 -0.0470378085 0.5000000000
v 0.4972609477 -0.0522642316 0.5000000000
v 0.5469870425 -0.0574906548 0.5000000000
v 0.5967131372 -0.0627170780 0.5000000000
f 1 61 2
f 2 61 62
f 2 62 3
f 3 62 63
f 3 63 4
f 4 63 64
f 4 64 5
f 5 64 65
f 5 65 6
f 6 65 66
f 6 66 7
f 7 66 67
f 7 67 8
f 8 67 68
f 8 68 9
f 9 68 69
f 9 69 10
f 10 69 70
f 10 70 11
f 11 70 71
f 11 71 12
f 12 71 72
f 12 72 13
f 13 72 73
f 13 73 14
f 14 73 74
f 14 74 15
f 15 74 75
f 15 75 16
f 16 75 76
f 16 76 17
f 17 76 77
f 17 77 18
f 18 77 78
f 18 78 19
f 19 78 79
f 19 79 20
f 20 79 80
f 20 80 21
f 21 80 81
f 21 81 22
f 22 81 82
f 22 82 23
f 23 82 83
f 23 83 24
f 24 83 84
f 24 84 25
f 25 84 85
f 25 85 26
f 26 85 86
f 26 86 27
f 27 86 87
f 27 87 28
f 28 87 88
f 28 88 29
f 29 88 89
f 29 89 30
f 30 89 90
f 30 90 31
f 31 90 91
f 31 91 32
f 32 91 92
f 32 92 33
f 33 92 93
f 33 93 34
f 34 93 94
f 34 94 35
f 35 94 95
f 35 95 36
f 36 95 96
f 36 96 37
f 37 96 97
f 37 97 38
f 38 97 98
f 38 98 39
f 39 98 99
f 39 99 40
f 40 99 100
f 40 100 41
f 41 100 101
f 41 101 42
f 42 101 102
f 42 102 43
f 43 102 103
f 43 103 44
f 44 103 104
f 44 104 45
f 45 104 105
f 45 105 46
f 46 105 106
f 46 106 47
f 47 106 107
f 47 107 48
f 48 107 108
f 48 108 49
f 49 108 109
f 49 109 50
f 50 109 110
f 50 110 51
f 51 110 111
f 51 111 52
f 52 111 112
f 52 112 53
f 53 112 113
f 53 113 54
f 54 113 114
f 54 114 55
f 55 114 115
f 55 115 56
f 56 115 116
f 56 116 57
f 57 116 117
f 57 117 58
f 58 117 118
f 58 118 59
f 59 118 119
f 59 119 60
f 60 119 120
f 60 120 1
f 1 120 61
f 61 121 62
f 62 121 122
f 62 122 63
f 63 122 123
f 63 123 64
f 64 123 124
f 64 124 65
f 65 124 125
f 65 125 66
f 66 125 126
f 66 126 67
f 67 126 127
f 67 127 68
f 68 127 128
f 68 128 69
f 69 128 129
f 69 129 70
f 70 129 130
f 70 130 71
f 71 130 131
f 71 131 72
f 72 131 132
f 72 132 73
f 73 132 133
f 73 133 74
f 74 133 134
f 74 134 75
f 75 134 135
f 75 135 76
f 76 135 136
f 76 136 77
f 77 136 137
f 77 137 78
f 78 137 138
f 78 138 79
f 79 138 139
f 79 139 80
f 80 139 140
f 80 140 81
f 81 140 141
f 81 141 82
f 82 141 142
f 82 142 83
f 83 142 143
f 83 143 84
f 84 143 144
f 84 144 85
f 85 144 145
f 85 145 86
f 86 145 146
f 86 146 87
f 87 146 147
f 87 147 88
f 88 147 148
f 88 148 89
f 89 148 149
f 89 149 90
f 90 149 150
f 90 150 91
f 91 150 151
f 91 151 92
f 92 151 152
f 92 152 93
f 93 152 153
f 93 153 94
f 94 153 154
f 94 154 95
f 95 154 155
f 95 155 96
f 96 155 156
f 96 156 97
f 97 156 157
f 97 157 98
f 98 157 158
f 98 158 99
f 99 158 159
f 99 159 100
f 100 159 160
f 100 160 101
f 101 160 161
f 101 161 102
f 102 161 162
f 102 162 103
f 103 162 163
f 103 163 104
f 104 163 164
f 104 164 105
f 105 164 165
f 105 165 106
f 106 165 166
f 106 166 107
f 107 166 167
f 107 167 108
f 108 167 168
f 108 168 109
f 109 168 169
f 109 169 110
f 110 169 170
f 110 170 111
f 111 170 171
f 111 171 112
f 112 171 172
f 112 172 113
f 113 172 173
f 113 173 114
f 114 173 174
f 114 174 115
f 115 174 175
f 115 175 116
f 116 175 176
f 116 176 117
f 117 176 177
f 117 177 118
f 118 177 178
f 118 178 119
f 119 178 179
f 119 179 120
f 120 179 180
f 120 180 61
f 61 180 121
f 121 181 122
f 122 181 182
f 122 182 123
f 123 182 183
f 123 183 124
f 124 183 184
f 124 184 125
f 125 184 185
f 125 185 126
f 126 185 186
f 126 186 127
f 127 186 187
f 127 187 128
f 128 187 188
f 128 188 129
f 129 188 189
f 129 189 130
f 130 189 190
f 130 190 131
f 131 190 191
f 131 191 132
f 132 191 192
f 132 192 133
f 133 192 193
f 133 193 134
f 134 193 194
f 134 194 135
f 135 194 195
f 135 195 136
f 136 195 196
f 136 196 137
f 137 196 197
f 137 197 138
f 138 197 198
f 138 198 139
f 139 198 199
f 139 199 140
f 140 199 200
f 140 200 141
f 141 200 201
f 141 201 142
f 142 201 202
f 142 202 143
f 143 202 203
f 143 203 144
f 144 203 204
f 144 204 145
f 145 204 205
f 145 205 146
f 146 205 206
f 146 206 147
f 147 206 207
f 147 207 148
f 148 207 208
f 148 208 149
f 149 208 209
f 149 209 150
f 150 209 210
f 150 210 151
f 151 210 211
f 151 211 152
f 152 211 212
f 152 212 153
f 153 212 213
f 153 213 154
f 154 213 214
f 154 214 155
f 155 214 215
f 155 215 156
f 156 215 216
f 156 216 157
f 157 216 217
f 157 217 158
f 158 217 218
f 158 218 159
f 159 218 219
f 159 219 160
f 160 219 220
f 160 220 161
f 161 220 221
f 161 221 162
f 162 221 222
f 162 222 163
f 163 222 223
f 163 223 164
f 164 223 224
f 164 224 165
f 165 224 225
f 165 225 166
f 166 225 226
f 166 226 167
f 167 226 227
f 167 227 168
f 168 227 228
f 168 228 169
f 169 228 229
f 169 229 170
f 170 229 230
f 170 230 171
f 171 230 231
f 171 231 172
f 172 231 232
f 172 232 173
f 173 232 233
f 173 233 174
f 174 233 234
f 174 234 175
f 175 234 235
f 175 235 176
f 176 235 236
f 176 236 177
f 177 236 237
f 177 237 178
f 178 237 238
f 178 238 179
f 179 238 239
f 179 239 180
f 180 239 240
f 180 240 121
f 121 240 181
f 181 241 182
f 182 241 242
f 182 242 183
f 183 242 243
f 183 243 184
f 184 243 244
f 184 244 185
f 185 244 245
f 185 245 186
f 186 245 246
f 186 246 187
f 187 246 247
f 187 247 188
f 188 247 248
f 188 248 189
f 189 248 249
f 189 249 190
f 190 249 250
f 190 250 191
f 191 250 251
f 191 251 192
f 192 251 252
f 192 252 193
f 193 252 253
f 193 253 194
f 194 253 254
f 194 254 195
f 195 254 255
f 195 255 196
f 196 255 256
f 196 256 197
f 197 256 257
f 197 257 198
f 198 257 258
f 198 258 199
f 199 258 259
f 199 259 200
f 200 259 260
f 200 260 201
f 201 260 261
f 201 261 202
f 202 261 262
f 202 262 203
f 203 262 263
f 203 263 204
f 204 263 264
f 204 264 205
f 205 264 265
f 205 265 206
f 206 265 266
f 206 266 207
f 207 266 267
f 207 267 208
f 208 267 268
f 208 268 209
f 209 268 269
f 209 269 210
f 210 269 270
f 210 270 211
f 211 270 271
f 211 271 212
f 212 271 272
f 212 272 213
f 213 272 273
f 213 273 214
f 214 273 274
f 214 274 215
f 215 274 275
f 215 275 216
f 216 275 276
f 216 276 217
f 217 276 277
f 217 277 218
f 218 277 278
f 218 278 219
f 219 278 279
f 219 279 220
f 220 279 280
f 220 280 221
f 221 280 281
f 221 281 222
f 222 281 282
f 222 282 223
f 223 282 283
f 223 283 224
f 224 283 284
f 224 284 225
f 225 284 285
f 225 285 226
f 226 285 286
f 226 286 227
f 227 286 287
f 227 287 228
f 228 287 288
f 228 288 229
f 229 288 289
f 229 289 230
f 230 289 290
f 230 290 231
f 231 290 291
f 231 291 232
f 232 291 292
f 232 292 233
f 233 292 293
f 233 293 234
f 234 293 294
f 234 294 235
f 235 294 295
f 235 295 236
f 236 295 296
f 236 296 237
f 237 296 297
f 237 297 238
f 238 297 298
f 238 298 239
f 239 298 299
f 239 299 240
f 240 299 300
f 240 300 181
f 181 300 241
f 241 301 242
f 242 301 302
f 242 302 243
f 243 302 303
f 243 303 244
f 244 303 304
f 244 304 245
f 245 304 305
f 245 305 246
f 246 305 306
f 246 306 247
f 247 306 307
f 247 307 248
f 248 307 308
f 248 308 249
f 249 308 309
f 249 309 250
f 250 309 310
f 250 310 251
f 251 310 311
f 251 311 252
f 252 311 312
f 252 312 253
f 253 312 313
f 253 313 254
f 254 313 314
f 254 314 255
f 255 314 315
f 255 315 256
f 256 315 316
f 256 316 257
f 257 316 317
f 257 317 258
f 258 317 318
f 258 318 259
f 259 318 319
f 259 319 260
f 260 319 320
f 260 320 261
f 261 320 321
f 261 321 262
f 262 321 322
f 262 322 263
f 263 322 323
f 263 323 264
f 264 323 324
f 264 324 265
f 265 324 325
f 265 325 266
f 266 325 326
f 266 326 267
f 267 326 327
f 267 327 268
f 268 327 328
f 268 328 269
f 269 328 329
f 269 329 270
f 270 329 330
f 270 330 271
f 271 330 331
f 271 331 272
f 272 331 332
f 272 332 273
f 273 332 333
f 273 333 274
f 274 333 334
f 274 334 275
f 275 334 335
f 275 335 276
f 276 335 336
f 276 336 277
f 277 336 337
f 277 337 278
f 278 337 338
f 278 338 279
f 279 338 339
f 279 339 280
f 280 339 340
f 280 340 281
f 281 340 341
f 281 341 282
f 282 341 342
f 282 342 283
f 283 342 343
f 283 343 284
f 284 343 344
f 284 344 285
f 285 344 345
f 285 345 286
f 286 345 346
f 286 346 287
f 287 346 347
f 287 347 288
f 288 347 348
f 288 348 289
f 289 348 349
f 289 349 290
f 290 349 350
f 290 350 291
f 291 350 351
f 291 351 292
f 292 351 352
f 292 352 293
f 293 352 353
f 293 353 294
f 294 353 354
f 294 354 295
f 295 354 355
f 295 355 296
f 296 355 356
f 296 356 297
f 297 356 357
f 297 357 298
f 298 357 358
f 298 358 299
f 299 358 359
f 299 359 300
f 300 359 360
f 300 360 241
f 241 360 301
f 301 361 302
f 302 361 362
f 302 362 303
f 303 362 363
f 303 363 304
f 304 363 364
f 304 364 305
f 305 364 365
f 305 365 306
f 306 365 366
f 306 366 307
f 307 366 367
f 307 367 308
f 308 367 368
f 308 368 309
f 309 368 369
f 309 369 310
f 310 369 370
f 310 370 311
f 311 370 371
f 311 371 312
f 312 371 372
f 312 372 313
f 313 372 373
f 313 373 314
f 314 373 374
f 314 374 315
f 315 374 375
f 315 375 316
f 316 375 376
f 316 376 317
f 317 376 377
f 317 377 318
f 318 377 378
f 318 378 319
f 319 378 379
f 319 379 320
f 320 379 380
f 320 380 321
f 321 380 381
f 321 381 322
f 322 381 382
f 322 382 323
f 323 382 383
f 323 383 324
f 324 383 384
f 324 384 325
f 325 384 385
f 325 385 326
f 326 385 386
f 326 386 327
f 327 386 387
f 327 387 328
f 328 387 388
f 328 388 329
f 329 388 389
f 329 389 330
f 330 389 390
f 330 390 331
f 331 390 391
f 331 391 332
f 332 391 392
f 332 392 333
f 333 392 393
f 333 393 334
f 334 393 394
f 334 394 335
f 335 394 395
f 335 395 336
f 336 395 396
f 336 396 337
f 337 396 397
f 337 397 338
f 338 397 398
f 338 398 339
f 339 398 399
f 339 399 340
f 340 399 400
f 340 400 341
f 341 400 401
f 341 401 342
f 342 401 402
f 342 402 343
f 343 402 403
f 343 403 344
f 344 403 404
f 344 404 345
f 345 404 405
f 345 405 346
f 346 405 406
f 346 406 347
f 347 406 407
f 347 407 348
f 348 407 408
f 348 408 349
f 349 408 409
f 349 409 350
f 350 409 410
f 350 410 351
f 351 410 411
f 351 411 352
f 352 411 412
f 352 412 353
f 353 412 413
f 353 413 354
f 354 413 414
f 354 414 355
f 355 414 415
f 355 415 356
f 356 415 416
f 356 416 357
f 357 416 417
f 357 417 358
f 358 417 418
f 358 418 359
f 359 418 419
f 359 419 360
f 360 419 420
f 360 420 301
f 301 420 361
f 361 421 362
f 362 421 422
f 362 422 363
f 363 422 423
f 363 423 364
f 364 423 424
f 364 424 365
f 365 424 425
f 365 425 366
f 366 425 426
f 366 426 367
f 367 426 427
f 367 427 368
f 368 427 428
f 368 428 369
f 369 428 429
f 369 429 370
f 370 429 430
f 370 430 371
f 371 430 431
f 371 431 372
f 372 431 432
f 372 432 373
f 373 432 433
f 373 433 374
f 374 433 434
f 374 434 375
f 375 434 435
f 375 435 376
f 376 435 436
f 376 436 377
f 377 436 437
f 377 437 378
f 378 437 438
f 378 438 379
f 379 438 439
f 379 439 380
f 380 439 440
f 380 440 381
f 381 440 441
f 381 441 382
f 382 441 442
f 382 442 383
f 383 442 443
f 383 443 384
f 384 443 444
f 384 444 385
f 385 444 445
f 385 445 386
f 386 445 446
f 386 446 387
f 387 446 447
f 387 447 388
f 388 447 448
f 388 448 389
f 389 448 449
f 389 449 390
f 390 449 450
f 390 450 391
f 391 450 451
f 391 451 392
f 392 451 452
f 392 452 393
f 393 452 453
f 393 453 394
f 394 453 454
f 394 454 395
f 395 454 455
f 395 455 396
f 396 455 456
f 396 456 397
f 397 456 457
f 397 457 398
f 398 457 458
f 398 458 399
f 399 458 459
f 399 459 400
f 400 459 460
f 400 460 401
f 401 460 461
f 401 461 402
f 402 461 462
f 402 462 403
f 403 462 463
f 403 463 404
f 404 463 464
f 404 464 405
f 405 464 465
f 405 465 406
f 406 465 466
f 406 466 407
f 407 466 467
f 407 467 408
f 408 467 468
f 408 468 409
f 409 468 469
f 409 469 410
f 410 469 470
f 410 470 411
f 411 470 471
f 411 471 412
f 412 471 472
f 412 472 413
f 413 472 473
f 413 473 414
f 414 473 474
f 414 474 415
f 415 474 475
f 415 475 416
f 416 475 476
f 416 476 417
f 417 476 477
f 417 477 418
f 418 477 478
f 418 478 419
f 419 478 479
f 419 479 420
f 420 479 480
f 420 480 361
f 361 480 421
f 421 481 422
f 422 481 482
f 422 482 423
f 423 482 483
f 423 483 424
f 424 483 484
f 424 484 425
f 425 484 485
f 425 485 426
f 426 485 486
f 426 486 427
f 427 486 487
f 427 487 428
f 428 487 488
f 428 488 429
f 429 488 489
f 429 489 430
f 430 489 490
f 430 490 431
f 431 490 491
f 431 491 432
f 432 491 492
f 432 492 433
f 433 492 493
f 433 493 434
f 434 493 494
f 434 494 435
f 435 494 495
f 435 495 436
f 436 495 496
f 436 496 437
f 437 496 497
f 437 497 438
f 438 497 498
f 438 498 439
f 439 498 499
f 439 499 440
f 440 499 500
f 440 500 441
f 441 500 501
f 441 501 442
f 442 501 502
f 442 502 443
f 443 502 503
f 443 503 444
f 444 503 504
f 444 504 445
f 445 504 505
f 445 505 446
f 446 505 506
f 446 506 447
f 447 506 507
f 447 507 448
f 448 507 508
f 448 508 449
f 449 508 509
f 449 509 450
f 450 509 510
f 450 510 451
f 451 510 511
f 451 511 452
f 452 511 512
f 452 512 453
f 453 512 513
f 453 513 454
f 454 513 514
f 454 514 455
f 455 514 515
f 455 515 456
f 456 515 516
f 456 516 457
f 457 516 517
f 457 517 458
f 458 517 518
f 458 518 459
f 459 518 519
f 459 519 460
f 460 519 520
f 460 520 461
f 461 520 521
f 461 521 462
f 462 521 522
f 462 522 463
f 463 522 523
f 463 523 464
f 464 523 524
f 464 524 465
f 465 524 525
f 465 525 466
f 466 525 526
f 466 526 467
f 467 526 527
f 467 527 468
f 468 527 528
f 468 528 469
f 469 528 529
f 469 529 470
f 470 529 530
f 470 530 471
f 471 530 531
f 471 531 472
f 472 531 532
f 472 532 473
f 473 532 533
f 473 533 474
f 474 533 534
f 474 534 475
f 475 534 535
f 475 535 476
f 476 535 536
f 476 536 477
f 477 536 537
f 477 537 478
f 478 537 538
f 478 538 479
f 479 538 539
f 479 539 480
f 480 539 540
f 480 540 421
f 421 540 481
f 481 541 482
f 482 541 542
f 482 542 483
f 483 542 543
f 483 543 484
f 484 543 544
f 484 544 485
f 485 544 545
f 485 545 486
f 486 545 546
f 486 546 487
f 487 546 547
f 487 547 488
f 488 547 548
f 488 548 489
f 489 548 549
f 489 549 490
f 490 549 550
f 490 550 491
f 491 550 551
f 491 551 492
f 492 551 552
f 492 552 493
f 493 552 553
f 493 553 494
f 494 553 554
f 494 554 495
f 495 554 555
f 495 555 496
f 496 555 556
f 496 556 497
f 497 556 557
f 497 557 498
f 498 557 558
f 498 558 499
f 499 558 559
f 499 559 500
f 500 559 560
f 500 560 501
f 501 560 561
f 501 561 502
f 502 561 562
f 502 562 503
f 503 562 563
f 503 563 504
f 504 563 564
f 504 564 505
f 505 564 565
f 505 565 506
f 506 565 566
f 506 566 507
f 507 566 567
f 507 567 508
f 508 567 568
f 508 568 509
f 509 568 569
f 509 569 510
f 510 569 570
f 510 570 511
f 511 570 571
f 511 571 512
f 512 571 572
f 512 572 513
f 513 572 573
f 513 573 514
f 514 573 574
f 514 574 515
f 515 574 575
f 515 575 516
f 516 575 576
f 516 576 517
f 517 576 577
f 517 577 518
f 518 577 578
f 518 578 519
f 519 578 579
f 519 579 520
f 520 579 580
f 520 580 521
f 521 580 581
f 521 581 522
f 522 581 582
f 522 582 523
f 523 582 583
f 523 583 524
f 524 583 584
f 524 584 525
f 525 584 585
f 525 585 526
f 526 585 586
f 526 586 527
f 527 586 587
f 527 587 528
f 528 587 588
f 528 588 529
f 529 588 589
f 529 589 530
f 530 589 590
f 530 590 531
f 531 590 591
f 531 591 532
f 532 591 592
f 532 592 533
f 533 592 593
f 533 593 534
f 534 593 594
f 534 594 535
f 535 594 595
f 535 595 536
f 536 595 596
f 536 596 537
f 537 596 597
f 537 597 538
f 538 597 598
f 538 598 539
f 539 598 599
f 539 599 540
f 540 599 600
f 540 600 481
f 481 600 541
f 541 601 542
f 542 601 602
f 542 602 543
f 543 602 603
f 543 603 544
f 544 603 604
f 544 604 545
f 545 604 605
f 545 605 546
f 546 605 606
f 546 606 547
f 547 606 607
f 547 607 548
f 548 607 608
f 548 608 549
f 549 608 609
f 549 609 550
f 550 609 610
f 550 610 551
f 551 610 611
f 551 611 552
f 552 611 612
f 552 612 553
f 553 612 613
f 553 613 554
f 554 613 614
f 554 614 555
f 555 614 615
f 555 615 556
f 556 615 616
f 556 616 557
f 557 616 617
f 557 617 558
f 558 617 618
f 558 618 559
f 559 618 619
f 559 619 560
f 560 619 620
f 560 620 561
f 561 620 621
f 561 621 562
f 562 621 622
f 562 622 563
f 563 622 623
f 563 623 564
f 564 623 624
f 564 624 565
f 565 624 625
f 565 625 566
f 566 625 626
f 566 626 567
f 567 626 627
f 567 627 568
f 568 627 628
f 568 628 569
f 569 628 629
f 569 629 570
f 570 629 630
f 570 630 571
f 571 630 631
f 571 631 572
f 572 631 632
f 572 632 573
f 573 632 633
f 573 633 574
f 574 633 634
f 574 634 575
f 575 634 635
f 575 635 576
f 576 635 636
f 576 636 577
f 577 636 637
f 577 637 578
f 578 637 638
f 578 638 579
f 579 638 639
f 579 639 580
f 580 639 640
f 580 640 581
f 581 640 641
f 581 641 582
f 582 641 642
f 582 642 583
f 583 642 643
f 583 643 584
f 584 643 644
f 584 644 585
f 585 644 645
f 585 645 586
f 586 645 646
f 586 646 587
f 587 646 647
f 587 647 588
f 588 647 648
f 588 648 589
f 589 648 649
f 589 649 590
f 590 649 650
f 590 650 591
f 591 650 651
f 591 651 592
f 592 651 652
f 592 652 593
f 593 652 653
f 593 653 594
f 594 653 654
f 594 654 595
f 595 654 655
f 595 655 596
f 596 655 656
f 596 656 597
f 597 656 657
f 597 657 598
f 598 657 658
f 598 658 599
f 599 658 659
f 599 659 600
f 600 659 660
f 600 660 541
f 541 660 601
f 661 662 721
f 662 722 721
f 662 663 722
f 663 723 722
f 663 664 723
f 664 724 723
f 664 665 724
f 665 725 724
f 665 666 725
f 666 726 725
f 666 667 726
f 667 727 726
f 667 668 727
f 668 728 727
f 668 669 728
f 669 729 728
f 669 670 729
f 670 730 729
f 670 671 730
f 671 731 730
f 671 672 731
f 672 732 731
f 672 673 732
f 673 733 732
f 673 674 733
f 674 734 733
f 674 675 734
f 675 735 734
f 675 676 735
f 676 736 735
f 676 677 736
f 677 737 736
f 677 678 737
f 678 738 737
f 678 679 738
f 679 739 738
f 679 680 739
f 680 740 739
f 680 681 740
f 681 741 740
f 681 682 741
f 682 742 741
f 682 683 742
f 683 743 742
f 683 684 743
f 684 744 743
f 684 685 744
f 685 745 744
f 685 686 745
f 686 746 745
f 686 687 746
f 687 747 746
f 687 688 747
f 688 748 747
f 688 689 748
f 689 749 748
f 689 690 749
f 690 750 749
f 690 691 750
f 691 751 750
f 691 692 751
f 692 752 751
f 692 693 752
f 693 753 752
f 693 694 753
f 694 754 753
f 694 695 754
f 695 755 754
f 695 696 755
f 696 756 755
f 696 697 756
f 697 757 756
f 697 698 757
f 698 758 757
f 698 699 758
f 699 759 758
f 699 700 759
f 700 760 759
f 700 701 760
f 701 761 760
f 701 702 761
f 702 762 761
f 702 703 762
f 703 763 762
f 703 704 763
f 704 764 763
f 704 705 764
f 705 765 764
f 705 706 765
f 706 766 765
f 706 707 766
f 707 767 766
f 707 708 767
f 708 768 767
f 708 709 768
f 709 769 768
f 709 710 769
f 710 770 769
f 710 711 770
f 711 771 770
f 711 712 771
f 712 772 771
f 712 713 772
f 713 773 772
f 713 714 773
f 714 774 773
f 714 715 774
f 715 775 774
f 715 716 775
f 716 776 775
f 716 717 776
f 717 777 776
f 717 718 777
f 718 778 777
f 718 719 778
f 719 779 778
f 719 720 779
f 720 780 779
f 720 661 780
f 661 721 780
f 721 722 781
f 722 782 781
f 722 723 782
f 723 783 782
f 723 724 783
f 724 784 783
f 724 725 784
f 725 785 784
f 725 726 785
f 726 786 785
f 726 727 786
f 727 787 786
f 727 728 787
f 728 788 787
f 728 729 788
f 729 789 788
f 729 730 789
f 730 790 789
f 730 731 790
f 731 791 790
f 731 732 791
f 732 792 791
f 732 733 792
f 733 793 792
f 733 734 793
f 734 794 793
f 734 735 794
f 735 795 794
f 735 736 795
f 736 796 795
f 736 737 796
f 737 797 796
f 737 738 797
f 738 798 797
f 738 739 798
f 739 799 798
f 739 740 799
f 740 800 799
f 740 741 800
f 741 801 800
f 741 742 801
f 742 802 801
f 742 743 802
f 743 803 802
f 743 744 803
f 744 804 803
f 744 745 804
f 745 805 804
f 745 746 805
f 746 806 805
f 746 747 806
f 747 807 806
f 747 748 807
f 748 808 807
f 748 749 808
f 749 809 808
f 749 750 809
f 750 810 809
f 750 751 810
f 751 811 810
f 751 752 811
f 752 812 811
f 752 753 812
f 753 813 812
f 753 754 813
f 754 814 813
f 754 755 814
f 755 815 814
f 755 756 815
f 756 816 815
f 756 757 816
f 757 817 816
f 757 758 817
f 758 818 817
f 758 759 818
f 759 819 818
f 759 760 819
f 760 820 819
f 760 761 820
f 761 821 820
f 761 762 821
f 762 822 821
f 762 763 822
f 763 823 822
f 763 764 823
f 764 824 823
f 764 765 824
f 765 825 824
f 765 766 825
f 766 826 825
f 766 767 826
f 767 827 826
f 767 768 827
f 768 828 827
f 768 769 828
f 769 829 828
f 769 770 829
f 770 830 829
f 770 771 830
f 771 831 830
f 771 772 831
f 772 832 831
f 772 773 832
f 773 833 832
f 773 774 833
f 774 834 833
f 774 775 834
f 775 835 834
f 775 776 835
f 776 836 835
f 776 777 836
f 777 837 836
f 777 778 837
f 778 838 837
f 778 779 838
f 779 839 838
f 779 780 839
f 780 840 839
f 780 721 840
f 721 781 840
f 781 782 841
f 782 842 841
f 782 783 842
f 783 843 842
f 783 784 843
f 784 844 843
f 784 785 844
f 785 845 844
f 785 786 845
f 786 846 845
f 786 787 846
f 787 847 846
f 787 788 847
f 788 848 847
f 788 789 848
f 789 849 848
f 789 790 849
f 790 850 849
f 790 791 850
f 791 851 850
f 791 792 851
f 792 852 851
f 792 793 852
f 793 853 852
f 793 794 853
f 794 854 853
f 794 795 854
f 795 855 854
f 795 796 855
f 796 856 855
f 796 797 856
f 797 857 856
f 797 798 857
f 798 858 857
f 798 799 858
f 799 859 858
f 799 800 859
f 800 860 859
f 800 801 860
f 801 861 860
f 801 802 861
f 802 862 861
f 802 803 862
f 803 863 862
f 803 804 863
f 804 864 863
f 804 805 864
f 805 865 864
f 805 806 865
f 806 866 865
f 806 807 866
f 807 867 866
f 807 808 867
f 808 868 867
f 808 809 868
f 809 869 868
f 809 810 869
f 810 870 869
f 810 811 870
f 811 871 870
f 811 812 871
f 812 872 871
f 812 813 872
f 813 873 872
f 813 814 873
f 814 874 873
f 814 815 874
f 815 875 874
f 815 816 875
f 816 876 875
f 816 817 876
f 817 877 876
f 817 818 877
f 818 878 877
f 818 819 878
f 819 879 878
f 819 820 879
f 820 880 879
f 820 821 880
f 821 881 880
f 821 822 881
f 822 882 881
f 822 823 882
f 823 883 882
f 823 824 883
f 824 884 883
f 824 825 884
f 825 885 884
f 825 826 885
f 826 886 885
f 826 827 886
f 827 887 886
f 827 828 887
f 828 888 887
f 828 829 888
f 829 889 888
f 829 830 889
f 830 890 889
f 830 831 890
f 831 891 890
f 831 832 891
f 832 892 891
f 832 833 892
f 833 893 892
f 833 834 893
f 834 894 893
f 834 835 894
f 835 895 894
f 835 836 895
f 836 896 895
f 836 837 896
f 837 897 896
f 837 838 897
f 838 898 897
f 838 839 898
f 839 899 898
f 839 840 899
f 840 900 899
f 840 781 900
f 781 841 900
f 841 842 901
f 842 902 901
f 842 843 902
f 843 903 902
f 843 844 903
f 844 904 903
f 844 845 904
f 845 905 904
f 845 846 905
f 846 906 905
f 846 847 906
f 847 907 906
f 847 848 907
f 848 908 907
f 848 849 908
f 849 909 908
f 849 850 909
f 850 910 909
f 850 851 910
f 851 911 910
f 851 852 911
f 852 912 911
f 852 853 912
f 853 913 912
f 853 854 913
f 854 914 913
f 854 855 914
f 855 915 914
f 855 856 915
f 856 916 915
f 856 857 916
f 857 917 916
f 857 858 917
f 858 918 917
f 858 859 918
f 859 919 918
f 859 860 919
f 860 920 919
f 860 861 920
f 861 921 920
f 861 862 921
f 862 922 921
f 862 863 922
f 863 923 922
f 863 864 923
f 864 924 923
f 864 865 924
f 865 925 924
f 865 866 925
f 866 926 925
f 866 867 926
f 867 927 926
f 867 868 927
f 868 928 927
f 868 869 928
f 869 929 928
f 869 870 929
f 870 930 929
f 870 871 930
f 871 931 930
f 871 872 931
f 872 932 931
f 872 873 932
f 873 933 932
f 873 874 933
f 874 934 933
f 874 875 934
f 875 935 934
f 875 876 935
f 876 936 935
f 876 877 936
f 877 937 936
f 877 878 937
f 878 938 937
f 878 879 938
f 879 939 938
f 879 880 939
f 880 940 939
f 880 881 940
f 881 941 940
f 881 882 941
f 882 942 941
f 882 883 942
f 883 943 942
f 883 884 943
f 884 944 943
f 884 885 944
f 885 945 944
f 885 886 945
f 886 946 945
f 886 887 946
f 887 947 946
f 887 888 947
f 888 948 947
f 888 889 948
f 889 949 948
f 889 890 949
f 890 950 949
f 890 891 950
f 891 951 950
f 891 892 951
f 892 952 951
f 892 893 952
f 893 953 952
f 893 894 953
f 894 954 953
f 894 895 954
f 895 955 954
f 895 896 955
f 896 956 955
f 896 897 956
f 897 957 956
f 897 898 957
f 898 958 957
f 898 899 958
f 899 959 958
f 899 900 959
f 900 960 959
f 900 841 960
f 841 901 960
f 901 902 961
f 902 962 961
f 902 903 962
f 903 963 962
f 903 904 963
f 904 964 963
f 904 905 964
f 905 965 964
f 905 906 965
f 906 966 965
f 906 907 966
f 907 967 966
f 907 908 967
f 908 968 967
f 908 909 968
f 909 969 968
f 909 910 969
f 910 970 969
f 910 911 970
f 911 971 970
f 911 912 971
f 912 972 971
f 912 913 972
f 913 973 972
f 913 914 973
f 914 974 973
f 914 915 974
f 915 975 974
f 915 916 975
f 916 976 975
f 916 917 976
f 917 977 976
f 917 918 977
f 918 978 977
f 918 919 978
f 919 979 978
f 919 920 979
f 920 980 979
f 920 921 980
f 921 981 980
f 921 922 981
f 922 982 981
f 922 923 982
f 923 983 982
f 923 924 983
f 924 984 983
f 924 925 984
f 925 985 984
f 925 926 985
f 926 986 985
f 926 927 986
f 927 987 986
f 927 928 987
f 928 988 987
f 928 929 988
f 929 989 988
f 929 930 989
f 930 990 989
f 930 931 990
f 931 991 990
f 931 932 991
f 932 992 991
f 932 933 992
f 933 993 992
f 933 934 993
f 934 994 993
f 934 935 994
f 935 995 994
f 935 936 995
f 936 996 995
f 936 937 996
f 937 997 996
f 937 938 997
f 938 998 997
f 938 939 998
f 939 999 998
f 939 940 999
f 940 1000 999
f 940 941 1000
f 941 1001 1000
f 941 942 1001
f 942 1002 1001
f 942 943 1002
f 943 1003 1002
f 943 944 1003
f 944 1004 1003
f 944 945 1004
f 945 1005 1004
f 945 946 1005
f 946 1006 1005
f 946 947 1006
f 947 1007 1006
f 947 948 1007
f 948 1008 1007
f 948 949 1008
f 949 1009 1008
f 949 950 1009
f 950 1010 1009
f 950 951 1010
f 951 1011 1010
f 951 952 1011
f 952 1012 1011
f 952 953 1012
f 953 1013 1012
f 953 954 1013
f 954 1014 1013
f 954 955 1014
f 955 1015 1014
f 955 956 1015
f 956 1016 1015
f 956 957 1016
f 957 1017 1016
f 957 958 1017
f 958 1018 1017
f 958 959 1018
f 959 1019 1018
f 959 960 1019
f 960 1020 1019
f 960 901 1020
f 901 961 1020
f 961 962 1021
f 962 1022 1021
f 962 963 1022
f 963 1023 1022
f 963 964 1023
f 964 1024 1023
f 964 965 1024
f 965 1025 1024
f 965 966 1025
f 966 1026 1025
f 966 967 1026
f 967 1027 1026
f 967 968 1027
f 968 1028 1027
f 968 969 1028
f 969 1029 1028
f 969 970 1029
f 970 1030 1029
f 970 971 1030
f 971 1031 1030
f 971 972 1031
f 972 1032 1031
f 972 973 1032
f 973 1033 1032
f 973 974 1033
f 974 1034 1033
f 974 975 1034
f 975 1035 1034
f 975 976 1035
f 976 1036 1035
f 976 977 1036
f 977 1037 1036
f 977 978 1037
f 978 1038 1037
f 978 979 1038
f 979 1039 1038
f 979 980 1039
f 980 1040 1039
f 980 981 1040
f 981 1041 1040
f 981 982 1041
f 982 1042 1041
f 982 983 1042
f 983 1043 1042
f 983 984 1043
f 984 1044 1043
f 984 985 1044
f 985 1045 1044
f 985 986 1045
f 986 1046 1045
f 986 987 1046
f 987 1047 1046
f 987 988 1047
f 988 1048 1047
f 988 989 1048
f 989 1049 1048
f 989 990 1049
f 990 1050 1049
f 990 991 1050
f 991 1051 1050
f 991 992 1051
f 992 1052 1051
f 992 993 1052
f 993 1053 1052
f 993 994 1053
f 994 1054 1053
f 994 995 1054
f 995 1055 1054
f 995 996 1055
f 996 1056 1055
f 996 997 1056
f 997 1057 1056
f 997 998 1057
f 998 1058 1057
f 998 999 1058
f 999 1059 1058
f 999 1000 1059
f 1000 1060 1059
f 1000 1001 1060
f 1001 1061 1060
f 1001 1002 1061
f 1002 1062 1061
f 1002 1003 1062
f 1003 1063 1062
f 1003 1004 1063
f 1004 1064 1063
f 1004 1005 1064
f 1005 1065 1064
f 1005 1006 1065
f 1006 1066 1065
f 1006 1007 1066
f 1007 1067 1066
f 1007 1008 1067
f 1008 1068 1067
f 1008 1009 1068
f 1009 1069 1068
f 1009 1010 1069
f 1010 1070 1069
f 1010 1011 1070
f 1011 1071 1070
f 1011 1012 1071
f 1012 1072 1071
f 1012 1013 1072
f 1013 1073 1072
f 1013 1014 1073
f 1014 1074 1073
f 1014 1015 1074
f 1015 1075 1074
f 1015 1016 1075
f 1016 1076 1075
f 1016 1017 1076
f 1017 1077 1076
f 1017 1018 1077
f 1018 1078 1077
f 1018 1019 1078
f 1019 1079 1078
f 1019 1020 1079
f 1020 1080 1079
f 1020 961 1080
f 961 1021 1080
f 1021 1022 1081
f 1022 1082 1081
f 1022 1023 1082
f 1023 1083 1082
f 1023 1024 1083
f 1024 1084 1083
f 1024 1025 1084
f 1025 1085 1084
f 1025 1026 1085
f 1026 1086 1085
f 1026 1027 1086
f 1027 1087 1086
f 1027 1028 1087
f 1028 1088 1087
f 1028 1029 1088
f 1029 1089 1088
f 1029 1030 1089
f 1030 1090 1089
f 1030 1031 1090
f 1031 1091 1090
f 1031 1032 1091
f 1032 1092 1091
f 1032 1033 1092
f 1033 1093 1092
f 1033 1034 1093
f 1034 1094 1093
f 1034 1035 1094
f 1035 1095 1094
f 1035 1036 1095
f 1036 1096 1095
f 1036 1037 1096
f 1037 1097 1096
f 1037 1038 1097
f 1038 1098 1097
f 1038 1039 1098
f 1039 1099 1098
f 1039 1040 1099
f 1040 1100 1099
f 1040 1041 1100
f 1041 1101 1100
f 1041 1042 1101
f 1042 1102 1101
f 1042 1043 1102
f 1043 1103 1102
f 1043 1044 1103
f 1044 1104 1103
f 1044 1045 1104
f 1045 1105 1104
f 1045 1046 1105
f 1046 1106 1105
f 1046 1047 1106
f 1047 1107 1106
f 1047 1048 1107
f 1048 1108 1107
f 1048 1049 1108
f 1049 1109 1108
f 1049 1050 1109
f 1050 1110 1109
f 1050 1051 1110
f 1051 1111 1110
f 1051 1052 1111
f 1052 1112 1111
f 1052 1053 1112
f 1053 1113 1112
f 1053 1054 1113
f 1054 1114 1113
f 1054 1055 1114
f 1055 1115 1114
f 1055 1056 1115
f 1056 1116 1115
f 1056 1057 1116
f 1057 1117 1116
f 1057 1058 1117
f 1058 1118 1117
f 1058 1059 1118
f 1059 1119 1118
f 1059 1060 1119
f 1060 1120 1119
f 1060 1061 1120
f 1061 1121 1120
f 1061 1062 1121
f 1062 1122 1121
f 1062 1063 1122
f 1063 1123 1122
f 1063 1064 1123
f 1064 1124 1123
f 1064 1065 1124
f 1065 1125 1124
f 1065 1066 1125
f 1066 1126 1125
f 1066 1067 1126
f 1067 1127 1126
f 1067 1068 1127
f 1068 1128 1127
f 1068 1069 1128
f 1069 1129 1128
f 1069 1070 1129
f 1070 1130 1129
f 1070 1071 1130
f 1071 1131 1130
f 1071 1072 1131
f 1072 1132 1131
f 1072 1073 1132
f 1073 1133 1132
f 1073 1074 1133
f 1074 1134 1133
f 1074 1075 1134
f 1075 1135 1134
f 1075 1076 1135
f 1076 1136 1135
f 1076 1077 1136
f 1077 1137 1136
f 1077 1078 1137
f 1078 1138 1137
f 1078 1079 1138
f 1079 1139 1138
f 1079 1080 1139
f 1080 1140 1139
f 1080 1021 1140
f 1021 1081 1140
f 1081 1082 1141
f 1082 1142 1141
f 1082 1083 1142
f 1083 1143 1142
f 1083 1084 1143
f 1084 1144 1143
f 1084 1085 1144
f 1085 1145 1144
f 1085 1086 1145
f 1086 1146 1145
f 1086 1087 1146
f 1087 1147 1146
f 1087 1088 1147
f 1088 1148 1147
f 1088 1089 1148
f 1089 1149 1148
f 1089 1090 1149
f 1090 1150 1149
f 1090 1091 1150
f 1091 1151 1150
f 1091 1092 1151
f 1092 1152 1151
f 1092 1093 1152
f 1093 1153 1152
f 1093 1094 1153
f 1094 1154 1153
f 1094 1095 1154
f 1095 1155 1154
f 1095 1096 1155
f 1096 1156 1155
f 1096 1097 1156
f 1097 1157 1156
f 1097 1098 1157
f 1098 1158 1157
f 1098 1099 1158
f 1099 1159 1158
f 1099 1100 1159
f 1100 1160 1159
f 1100 1101 1160
f 1101 1161 1160
f 1101 1102 1161
f 1102 1162 1161
f 1102 1103 1162
f 1103 1163 1162
f 1103 1104 1163
f 1104 1164 1163
f 1104 1105 1164
f 1105 1165 1164
f 1105 1106 1165
f 1106 1166 1165
f 1106 1107 1166
f 1107 1167 1166
f 1107 1108 1167
f 1108 1168 1167
f 1108 1109 1168
f 1109 1169 1168
f 1109 1110 1169
f 1110 1170 1169
f 1110 1111 1170
f 1111 1171 1170
f 1111 1112 1171
f 1112 1172 1171
f 1112 1113 1172
f 1113 1173 1172
f 1113 1114 1173
f 1114 1174 1173
f 1114 1115 1174
f 1115 1175 1174
f 1115 1116 1175
f 1116 1176 1175
f 1116 1117 1176
f 1117 1177 1176
f 1117 1118 1177
f 1118 1178 1177
f 1118 1119 1178
f 1119 1179 1178
f 1119 1120 1179
f 1120 1180 1179
f 1120 1121 1180
f 1121 1181 1180
f 1121 1122 1181
f 1122 1182 1181
f 1122 1123 1182
f 1123 1183 1182
f 1123 1124 1183
f 1124 1184 1183
f 1124 1125 1184
f 1125 1185 1184
f 1125 1126 1185
f 1126 1186 1185
f 1126 1127 1186
f 1127 1187 1186
f 1127 1128 1187
f 1128 1188 1187
f 1128 1129 1188
f 1129 1189 1188
f 1129 1130 1189
f 1130 1190 1189
f 1130 1131 1190
f 1131 1191 1190
f 1131 1132 1191
f 1132 1192 1191
f 1132 1133 1192
f 1133 1193 1192
f 1133 1134 1193
f 1134 1194 1193
f 1134 1135 1194
f 1135 1195 1194
f 1135 1136 1195
f 1136 1196 1195
f 1136 1137 1196
f 1137 1197 1196
f 1137 1138 1197
f 1138 1198 1197
f 1138 1139 1198
f 1139 1199 1198
f 1139 1140 1199
f 1140 1200 1199
f 1140 1081 1200
f 1081 1141 1200
f 1141 1142 1201
f 1142 1202 1201
f 1142 1143 1202
f 1143 1203 1202
f 1143 1144 1203
f 1144 1204 1203
f 1144 1145 1204
f 1145 1205 1204
f 1145 1146 1205
f 1146 1206 1205
f 1146 1147 1206
f 1147 1207 1206
f 1147 1148 1207
f 1148 1208 1207
f 1148 1149 1208
f 1149 1209 1208
f 1149 1150 1209
f 1150 1210 1209
f 1150 1151 1210
f 1151 1211 1210
f 1151 1152 1211
f 1152 1212 1211
f 1152 1153 1212
f 1153 1213 1212
f 1153 1154 1213
f 1154 1214 1213
f 1154 1155 1214
f 1155 1215 1214
f 1155 1156 1215
f 1156 1216 1215
f 1156 1157 1216
f 1157 1217 1216
f 1157 1158 1217
f 1158 1218 1217
f 1158 1159 1218
f 1159 1219 1218
f 1159 1160 1219
f 1160 1220 1219
f 1160 1161 1220
f 1161 1221 1220
f 1161 1162 1221
f 1162 1222 1221
f 1162 1163 1222
f 1163 1223 1222
f 1163 1164 1223
f 1164 1224 1223
f 1164 1165 1224
f 1165 1225 1224
f 1165 1166 1225
f 1166 1226 1225
f 1166 1167 1226
f 1167 1227 1226
f 1167 1168 1227
f 1168 1228 1227
f 1168 1169 1228
f 1169 1229 1228
f 1169 1170 1229
f 1170 1230 1229
f 1170 1171 1230
f 1171 1231 1230
f 1171 1172 1231
f 1172 1232 1231
f 1172 1173 1232
f 1173 1233 1232
f 1173 1174 1233
f 1174 1234 1233
f 1174 1175 1234
f 1175 1235 1234
f 1175 1176 1235
f 1176 1236 1235
f 1176 1177 1236
f 1177 1237 1236
f 1177 1178 1237
f 1178 1238 1237
f 1178 1179 1238
f 1179 1239 1238
f 1179 1180 1239
f 1180 1240 1239
f 1180 1181 1240
f 1181 1241 1240
f 1181 1182 1241
f 1182 1242 1241
f 1182 1183 1242
f 1183 1243 1242
f 1183 1184 1243
f 1184 1244 1243
f 1184 1185 1244
f 1185 1245 1244
f 1185 1186 1245
f 1186 1246 1245
f 1186 1187 1246
f 1187 1247 1246
f 1187 1188 1247
f 1188 1248 1247
f 1188 1189 1248
f 1189 1249 1248
f 1189 1190 1249
f 1190 1250 1249
f 1190 1191 1250
f 1191 1251 1250
f 1191 1192 1251
f 1192 1252 1251
f 1192 1193 1252
f 1193 1253 1252
f 1193 1194 1253
f 1194 1254 1253
f 1194 1195 1254
f 1195 1255 1254
f 1195 1196 1255
f 1196 1256 1255
f 1196 1197 1256
f 1197 1257 1256
f 1197 1198 1257
f 1198 1258 1257
f 1198 1199 1258
f 1199 1259 1258
f 1199 1200 1259
f 1200 1260 1259
f 1200 1141 1260
f 1141 1201 1260
f 1201 1202 1261
f 1202 1262 1261
f 1202 1203 1262
f 1203 1263 1262
f 1203 1204 1263
f 1204 1264 1263
f 1204 1205 1264
f 1205 1265 1264
f 1205 1206 1265
f 1206 1266 1265
f 1206 1207 1266
f 1207 1267 1266
f 1207 1208 1267
f 1208 1268 1267
f 1208 1209 1268
f 1209 1269 1268
f 1209 1210 1269
f 1210 1270 1269
f 1210 1211 1270
f 1211 1271 1270
f 1211 1212 1271
f 1212 1272 1271
f 1212 1213 1272
f 1213 1273 1272
f 1213 1214 1273
f 1214 1274 1273
f 1214 1215 1274
f 1215 1275 1274
f 1215 1216 1275
f 1216 1276 1275
f 1216 1217 1276
f 1217 1277 1276
f 1217 1218 1277
f 1218 1278 1277
f 1218 1219 1278
f 1219 1279 1278
f 1219 1220 1279
f 1220 1280 1279
f 1220 1221 1280
f 1221 1281 1280
f 1221 1222 1281
f 1222 1282 1281
f 1222 1223 1282
f 1223 1283 1282
f 1223 1224 1283
f 1224 1284 1283
f 1224 1225 1284
f 1225 1285 1284
f 1225 1226 1285
f 1226 1286 1285
f 1226 1227 1286
f 1227 1287 1286
f 1227 1228 1287
f 1228 1288 1287
f 1228 1229 1288
f 1229 1289 1288
f 1229 1230 1289
f 1230 1290 1289
f 1230 1231 1290
f 1231 1291 1290
f 1231 1232 1291
f 1232 1292 1291
f 1232 1233 1292
f 1233 1293 1292
f 1233 1234 1293
f 1234 1294 1293
f 1234 1235 1294
f 1235 1295 1294
f 1235 1236 1295
f 1236 1296 1295
f 1236 1237 1296
f 1237 1297 1296
f 1237 1238 1297
f 1238 1298 1297
f 1238 1239 1298
f 1239 1299 1298
f 1239 1240 1299
f 1240 1300 1299
f 1240 1241 1300
f 1241 1301 1300
f 1241 1242 1301
f 1242 1302 1301
f 1242 1243 1302
f 1243 1303 1302
f 1243 1244 1303
f 1244 1304 1303
f 1244 1245 1304
f 1245 1305 1304
f 1245 1246 1305
f 1246 1306 1305
f 1246 1247 1306
f 1247 1307 1306
f 1247 1248 1307
f 1248 1308 1307
f 1248 1249 1308
f 1249 1309 1308
f 1249 1250 1309
f 1250 1310 1309
f 1250 1251 1310
f 1251 1311 1310
f 1251 1252 1311
f 1252 1312 1311
f 1252 1253 1312
f 1253 1313 1312
f 1253 1254 1313
f 1254 1314 1313
f 1254 1255 1314
f 1255 1315 1314
f 1255 1256 1315
f 1256 1316 1315
f 1256 1257 1316
f 1257 1317 1316
f 1257 1258 1317
f 1258 1318 1317
f 1258 1259 1318
f 1259 1319 1318
f 1259 1260 1319
f 1260 1320 1319
f 1260 1201 1320
f 1201 1261 1320
f 1321 1326 1322
f 1322 1326 1327
f 1322 1327 1323
f 1323 1327 1328
f 1323 1328 1324
f 1324 1328 1329
f 1324 1329 1325
f 1325 1329 1330
f 1326 1331 1327
f 1327 1331 1332
f 1327 1332 1328
f 1328 1332 1333
f 1328 1333 1329
f 1329 1333 1334
f 1329 1334 1330
f 1330 1334 1335
f 1331 1336 1332
f 1332 1336 1337
f 1332 1337 1333
f 1333 1337 1338
f 1333 1338 1334
f 1334 1338 1339
f 1334 1339 1335
f 1335 1339 1340
f 1336 1341 1337
f 1337 1341 1342
f 1337 1342 1338
f 1338 1342 1343
f 1338 1343 1339
f 1339 1343 1344
f 1339 1344 1340
f 1340 1344 1345
f 1341 1346 1342
f 1342 1346 1347
f 1342 1347 1343
f 1343 1347 1348
f 1343 1348 1344
f 1344 1348 1349
f 1344 1349 1345
f 1345 1349 1350
f 1346 1351 1347
f 1347 1351 1352
f 1347 1352 1348
f 1348 1352 1353
f 1348 1353 1349
f 1349 1353 1354
f 1349 1354 1350
f 1350 1354 1355
f 1351 1356 1352
f 1352 1356 1357
f 1352 1357 1353
f 1353 1357 1358
f 1353 1358 1354
f 1354 1358 1359
f 1354 1359 1355
f 1355 1359 1360
f 1356 1361 1357
f 1357 1361 1362
f 1357 1362 1358
f 1358 1362 1363
f 1358 1363 1359
f 1359 1363 1364
f 1359 1364 1360
f 1360 1364 1365
f 1361 1366 1362
f 1362 1366 1367
f 1362 1367 1363
f 1363 1367 1368
f 1363 1368 1364
f 1364 1368 1369
f 1364 1369 1365
f 1365 1369 1370
f 1366 1371 1367
f 1367 1371 1372
f 1367 1372 1368
f 1368 1372 1373
f 1368 1373 1369
f 1369 1373 1374
f 1369 1374 1370
f 1370 1374 1375
f 1371 1376 1372
f 1372 1376 1377
f 1372 1377 1373
f 1373 1377 1378
f 1373 1378 1374
f 1374 1378 1379
f 1374 1379 1375
f 1375 1379 1380
f 1376 1381 1377
f 1377 1381 1382
f 1377 1382 1378
f 1378 1382 1383
f 1378 1383 1379
f 1379 1383 1384
f 1379 1384 1380
f 1380 1384 1385
f 1381 1386 1382
f 1382 1386 1387
f 1382 1387 1383
f 1383 1387 1388
f 1383 1388 1384
f 1384 1388 1389
f 1384 1389 1385
f 1385 1389 1390
f 1386 1391 1387
f 1387 1391 1392
f 1387 1392 1388
f 1388 1392 1393
f 1388 1393 1389
f 1389 1393 1394
f 1389 1394 1390
f 1390 1394 1395
f 1391 1396 1392
f 1392 1396 1397
f 1392 1397 1393
f 1393 1397 1398
f 1393 1398 1394
f 1394 1398 1399
f 1394 1399 1395
f 1395 1399 1400
f 1396 1401 1397
f 1397 1401 1402
f 1397 1402 1398
f 1398 1402 1403
f 1398 1403 1399
f 1399 1403 1404
f 1399 1404 1400
f 1400 1404 1405
f 1401 1406 1402
f 1402 1406 1407
f 1402 1407 1403
f 1403 1407 1408
f 1403 1408 1404
f 1404 1408 1409
f 1404 1409 1405
f 1405 1409 1410
f 1406 1411 1407
f 1407 1411 1412
f 1407 1412 1408
f 1408 1412 1413
f 1408 1413 1409
f 1409 1413 1414
f 1409 1414 1410
f 1410 1414 1415
f 1411 1416 1412
f 1412 1416 1417
f 1412 1417 1413
f 1413 1417 1418
f 1413 1418 1414
f 1414 1418 1419
f 1414 1419 1415
f 1415 1419 1420
f 1416 1421 1417
f 1417 1421 1422
f 1417 1422 1418
f 1418 1422 1423
f 1418 1423 1419
f 1419 1423 1424
f 1419 1424 1420
f 1420 1424 1425
f 1421 1426 1422
f 1422 1426 1427
f 1422 1427 1423
f 1423 1427 1428
f 1423 1428 1424
f 1424 1428 1429
f 1424 1429 1425
f 1425 1429 1430
f 1426 1431 1427
f 1427 1431 1432
f 1427 1432 1428
f 1428 1432 1433
f 1428 1433 1429
f 1429 1433 1434
f 1429 1434 1430
f 1430 1434 1435
f 1431 1436 1432
f 1432 1436 1437
f 1432 1437 1433
f 1433 1437 1438
f 1433 1438 1434
f 1434 1438 1439
f 1434 1439 1435
f 1435 1439 1440
f 1436 1441 1437
f 1437 1441 1442
f 1437 1442 1438
f 1438 1442 1443
f 1438 1443 1439
f 1439 1443 1444
f 1439 1444 1440
f 1440 1444 1445
f 1441 1446 1442
f 1442 1446 1447
f 1442 1447 1443
f 1443 1447 1448
f 1443 1448 1444
f 1444 1448 1449
f 1444 1449 1445
f 1445 1449 1450
f 1446 1451 1447
f 1447 1451 1452
f 1447 1452 1448
f 1448 1452 1453
f 1448 1453 1449
f 1449 1453 1454
f 1449 1454 1450
f 1450 1454 1455
f 1451 1456 1452
f 1452 1456 1457
f 1452 1457 1453
f 1453 1457 1458
f 1453 1458 1454
f 1454 1458 1459
f 1454 1459 1455
f 1455 1459 1460
f 1456 1461 1457
f 1457 1461 1462
f 1457 1462 1458
f 1458 1462 1463
f 1458 1463 1459
f 1459 1463 1464
f 1459 1464 1460
f 1460 1464 1465
f 1461 1466 1462
f 1462 1466 1467
f 1462 1467 1463
f 1463 1467 1468
f 1463 1468 1464
f 1464 1468 1469
f 1464 1469 1465
f 1465 1469 1470
f 1466 1471 1467
f 1467 1471 1472
f 1467 1472 1468
f 1468 1472 1473
f 1468 1473 1469
f 1469 1473 1474
f 1469 1474 1470
f 1470 1474 1475
f 1471 1476 1472
f 1472 1476 1477
f 1472 1477 1473
f 1473 1477 1478
f 1473 1478 1474
f 1474 1478 1479
f 1474 1479 1475
f 1475 1479 1480
f 1476 1481 1477
f 1477 1481 1482
f 1477 1482 1478
f 1478 1482 1483
f 1478 1483 1479
f 1479 1483 1484
f 1479 1484 1480
f 1480 1484 1485
f 1481 1486 1482
f 1482 1486 1487
f 1482 1487 1483
f 1483 1487 1488
f 1483 1488 1484
f 1484 1488 1489
f 1484 1489 1485
f 1485 1489 1490
f 1486 1491 1487
f 1487 1491 1492
f 1487 1492 1488
f 1488 1492 1493
f 1488 1493 1489
f 1489 1493 1494
f 1489 1494 1490
f 1490 1494 1495
f 1491 1496 1492
f 1492 1496 1497
f 1492 1497 1493
f 1493 1497 1498
f 1493 1498 1494
f 1494 1498 1499
f 1494 1499 1495
f 1495 1499 1500
f 1496 1501 1497
f 1497 1501 1502
f 1497 1502 1498
f 1498 1502 1503
f 1498 1503 1499
f 1499 1503 1504
f 1499 1504 1500
f 1500 1504 1505
f 1501 1506 1502
f 1502 1506 1507
f 1502 1507 1503
f 1503 1507 1508
f 1503 1508 1504
f 1504 1508 1509
f 1504 1509 1505
f 1505 1509 1510
f 1506 1511 1507
f 1507 1511 1512
f 1507 1512 1508
f 1508 1512 1513
f 1508 1513 1509
f 1509 1513 1514
f 1509 1514 1510
f 1510 1514 1515
f 1511 1516 1512
f 1512 1516 1517
f 1512 1517 1513
f 1513 1517 1518
f 1513 1518 1514
f 1514 1518 1519
f 1514 1519 1515
f 1515 1519 1520
f 1516 1521 1517
f 1517 1521 1522
f 1517 1522 1518
f 1518 1522 1523
f 1518 1523 1519
f 1519 1523 1524
f 1519 1524 1520
f 1520 1524 1525
f 1521 1526 1522
f 1522 1526 1527
f 1522 1527 1523
f 1523 1527 1528
f 1523 1528 1524
f 1524 1528 1529
f 1524 1529 1525
f 1525 1529 1530
f 1526 1531 1527
f 1527 1531 1532
f 1527 1532 1528
f 1528 1532 1533
f 1528 1533 1529
f 1529 1533 1534
f 1529 1534 1530
f 1530 1534 1535
f 1531 1536 1532
f 1532 1536 1537
f 1532 1537 1533
f 1533 1537 1538
f 1533 1538 1534
f 1534 1538 1539
f 1534 1539 1535
f 1535 1539 1540
f 1536 1541 1537
f 1537 1541 1542
f 1537 1542 1538
f 1538 1542 1543
f 1538 1543 1539
f 1539 1543 1544
f 1539 1544 1540
f 1540 1544 1545
f 1541 1546 1542
f 1542 1546 1547
f 1542 1547 1543
f 1543 1547 1548
f 1543 1548 1544
f 1544 1548 1549
f 1544 1549 1545
f 1545 1549 1550
f 1546 1551 1547
f 1547 1551 1552
f 1547 1552 1548
f 1548 1552 1553
f 1548 1553 1549
f 1549 1553 1554
f 1549 1554 1550
f 1550 1554 1555
f 1551 1556 1552
f 1552 1556 1557
f 1552 1557 1553
f 1553 1557 1558
f 1553 1558 1554
f 1554 1558 1559
f 1554 1559 1555
f 1555 1559 1560
f 1556 1561 1557
f 1557 1561 1562
f 1557 1562 1558
f 1558 1562 1563
f 1558 1563 1559
f 1559 1563 1564
f 1559 1564 1560
f 1560 1564 1565
f 1561 1566 1562
f 1562 1566 1567
f 1562 1567 1563
f 1563 1567 1568
f 1563 1568 1564
f 1564 1568 1569
f 1564 1569 1565
f 1565 1569 1570
f 1566 1571 1567
f 1567 1571 1572
f 1567 1572 1568
f 1568 1572 1573
f 1568 1573 1569
f 1569 1573 1574
f 1569 1574 1570
f 1570 1574 1575
f 1571 1576 1572
f 1572 1576 1577
f 1572 1577 1573
f 1573 1577 1578
f 1573 1578 1574
f 1574 1578 1579
f 1574 1579 1575
f 1575 1579 1580
f 1576 1581 1577
f 1577 1581 1582
f 1577 1582 1578
f 1578 1582 1583
f 1578 1583 1579
f 1579 1583 1584
f 1579 1584 1580
f 1580 1584 1585
f 1581 1586 1582
f 1582 1586 1587
f 1582 1587 1583
f 1583 1587 1588
f 1583 1588 1584
f 1584 1588 1589
f 1584 1589 1585
f 1585 1589 1590
f 1586 1591 1587
f 1587 1591 1592
f 1587 1592 1588
f 1588 1592 1593
f 1588 1593 1589
f 1589 1593 1594
f 1589 1594 1590
f 1590 1594 1595
f 1591 1596 1592
f 1592 1596 1597
f 1592 1597 1593
f 1593 1597 1598
f 1593 1598 1594
f 1594 1598 1599
f 1594 1599 1595
f 1595 1599 1600
f 1596 1601 1597
f 1597 1601 1602
f 1597 1602 1598
f 1598 1602 1603
f 1598 1603 1599
f 1599 1603 1604
f 1599 1604 1600
f 1600 1604 1605
f 1601 1606 1602
f 1602 1606 1607
f 1602 1607 1603
f 1603 1607 1608
f 1603 1608 1604
f 1604 1608 1609
f 1604 1609 1605
f 1605 1609 1610
f 1606 1611 1607
f 1607 1611 1612
f 1607 1612 1608
f 1608 1612 1613
f 1608 1613 1609
f 1609 1613 1614
f 1609 1614 1610
f 1610 1614 1615
f 1611 1616 1612
f 1612 1616 1617
f 1612 1617 1613
f 1613 1617 1618
f 1613 1618 1614
f 1614 1618 1619
f 1614 1619 1615
f 1615 1619 1620
f 1616 1321 1617
f 1617 1321 1322
f 1617 1322 1618
f 1618 1322 1323
f 1618 1323 1619
f 1619 1323 1324
f 1619 1324 1620
f 1620 1324 1325
f 1621 1622 1626
f 1622 1627 1626
f 1622 1623 1627
f 1623 1628 1627
f 1623 1624 1628
f 1624 1629 1628
f 1624 1625 1629
f 1625 1630 1629
f 1626 1627 1631
f 1627 1632 1631
f 1627 1628 1632
f 1628 1633 1632
f 1628 1629 1633
f 1629 1634 1633
f 1629 1630 1634
f 1630 1635 1634
f 1631 1632 1636
f 1632 1637 1636
f 1632 1633 1637
f 1633 1638 1637
f 1633 1634 1638
f 1634 1639 1638
f 1634 1635 1639
f 1635 1640 1639
f 1636 1637 1641
f 1637 1642 1641
f 1637 1638 1642
f 1638 1643 1642
f 1638 1639 1643
f 1639 1644 1643
f 1639 1640 1644
f 1640 1645 1644
f 1641 1642 1646
f 1642 1647 1646
f 1642 1643 1647
f 1643 1648 1647
f 1643 1644 1648
f 1644 1649 1648
f 1644 1645 1649
f 1645 1650 1649
f 1646 1647 1651
f 1647 1652 1651
f 1647 1648 1652
f 1648 1653 1652
f 1648 1649 1653
f 1649 1654 1653
f 1649 1650 1654
f 1650 1655 1654
f 1651 1652 1656
f 1652 1657 1656
f 1652 1653 1657
f 1653 1658 1657
f 1653 1654 1658
f 1654 1659 1658
f 1654 1655 1659
f 1655 1660 1659
f 1656 1657 1661
f 1657 1662 1661
f 1657 1658 1662
f 1658 1663 1662
f 1658 1659 1663
f 1659 1664 1663
f 1659 1660 1664
f 1660 1665 1664
f 1661 1662 1666
f 1662 1667 1666
f 1662 1663 1667
f 1663 1668 1667
f 1663 1664 1668
f 1664 1669 1668
f 1664 1665 1669
f 1665 1670 1669
f 1666 1667 1671
f 1667 1672 1671
f 1667 1668 1672
f 1668 1673 1672
f 1668 1669 1673
f 1669 1674 1673
f 1669 1670 1674
f 1670 1675 1674
f 1671 1672 1676
f 1672 1677 1676
f 1672 1673 1677
f 1673 1678 1677
f 1673 1674 1678
f 1674 1679 1678
f 1674 1675 1679
f 1675 1680 1679
f 1676 1677 1681
f 1677 1682 1681
f 1677 1678 1682
f 1678 1683 1682
f 1678 1679 1683
f 1679 1684 1683
f 1679 1680 1684
f 1680 1685 1684
f 1681 1682 1686
f 1682 1687 1686
f 1682 1683 1687
f 1683 1688 1687
f 1683 1684 1688
f 1684 1689 1688
f 1684 1685 1689
f 1685 1690 1689
f 1686 1687 1691
f 1687 1692 1691
f 1687 1688 1692
f 1688 1693 1692
f 1688 1689 1693
f 1689 1694 1693
f 1689 1690 1694
f 1690 1695 1694
f 1691 1692 1696
f 1692 1697 1696
f 1692 1693 1697
f 1693 1698 1697
f 1693 1694 1698
f 1694 1699 1698
f 1694 1695 1699
f 1695 1700 1699
f 1696 1697 1701
f 1697 1702 1701
f 1697 1698 1702
f 1698 1703 1702
f 1698 1699 1703
f 1699 1704 1703
f 1699 1700 1704
f 1700 1705 1704
f 1701 1702 1706
f 1702 1707 1706
f 1702 1703 1707
f 1703 1708 1707
f 1703 1704 1708
f 1704 1709 1708
f 1704 1705 1709
f 1705 1710 1709
f 1706 1707 1711
f 1707 1712 1711
f 1707 1708 1712
f 1708 1713 1712
f 1708 1709 1713
f 1709 1714 1713
f 1709 1710 1714
f 1710 1715 1714
f 1711 1712 1716
f 1712 1717 1716
f 1712 1713 1717
f 1713 1718 1717
f 1713 1714 1718
f 1714 1719 1718
f 1714 1715 1719
f 1715 1720 1719
f 1716 1717 1721
f 1717 1722 1721
f 1717 1718 1722
f 1718 1723 1722
f 1718 1719 1723
f 1719 1724 1723
f 1719 1720 1724
f 1720 1725 1724
f 1721 1722 1726
f 1722 1727 1726
f 1722 1723 1727
f 1723 1728 1727
f 1723 1724 1728
f 1724 1729 1728
f 1724 1725 1729
f 1725 1730 1729
f 1726 1727 1731
f 1727 1732 1731
f 1727 1728 1732
f 1728 1733 1732
f 1728 1729 1733
f 1729 1734 1733
f 1729 1730 1734
f 1730 1735 1734
f 1731 1732 1736
f 1732 1737 1736
f 1732 1733 1737
f 1733 1738 1737
f 1733 1734 1738
f 1734 1739 1738
f 1734 1735 1739
f 1735 1740 1739
f 1736 1737 1741
f 1737 1742 1741
f 1737 1738 1742
f 1738 1743 1742
f 1738 1739 1743
f 1739 1744 1743
f 1739 1740 1744
f 1740 1745 1744
f 1741 1742 1746
f 1742 1747 1746
f 1742 1743 1747
f 1743 1748 1747
f 1743 1744 1748
f 1744 1749 1748
f 1744 1745 1749
f 1745 1750 1749
f 1746 1747 1751
f 1747 1752 1751
f 1747 1748 1752
f 1748 1753 1752
f 1748 1749 1753
f 1749 1754 1753
f 1749 1750 1754
f 1750 1755 1754
f 1751 1752 1756
f 1752 1757 1756
f 1752 1753 1757
f 1753 1758 1757
f 1753 1754 1758
f 1754 1759 1758
f 1754 1755 1759
f 1755 1760 1759
f 1756 1757 1761
f 1757 1762 1761
f 1757 1758 1762
f 1758 1763 1762
f 1758 1759 1763
f 1759 1764 1763
f 1759 1760 1764
f 1760 1765 1764
f 1761 1762 1766
f 1762 1767 1766
f 1762 1763 1767
f 1763 1768 1767
f 1763 1764 1768
f 1764 1769 1768
f 1764 1765 1769
f 1765 1770 1769
f 1766 1767 1771
f 1767 1772 1771
f 1767 1768 1772
f 1768 1773 1772
f 1768 1769 1773
f 1769 1774 1773
f 1769 1770 1774
f 1770 1775 1774
f 1771 1772 1776
f 1772 1777 1776
f 1772 1773 1777
f 1773 1778 1777
f 1773 1774 1778
f 1774 1779 1778
f 1774 1775 1779
f 1775 1780 1779
f 1776 1777 1781
f 1777 1782 1781
f 1777 1778 1782
f 1778 1783 1782
f 1778 1779 1783
f 1779 1784 1783
f 1779 1780 1784
f 1780 1785 1784
f 1781 1782 1786
f 1782 1787 1786
f 1782 1783 1787
f 1783 1788 1787
f 1783 1784 1788
f 1784 1789 1788
f 1784 1785 1789
f 1785 1790 1789
f 1786 1787 1791
f 1787 1792 1791
f 1787 1788 1792
f 1788 1793 1792
f 1788 1789 1793
f 1789 1794 1793
f 1789 1790 1794
f 1790 1795 1794
f 1791 1792 1796
f 1792 1797 1796
f 1792 1793 1797
f 1793 1798 1797
f 1793 1794 1798
f 1794 1799 1798
f 1794 1795 1799
f 1795 1800 1799
f 1796 1797 1801
f 1797 1802 1801
f 1797 1798 1802
f 1798 1803 1802
f 1798 1799 1803
f 1799 1804 1803
f 1799 1800 1804
f 1800 1805 1804
f 1801 1802 1806
f 1802 1807 1806
f 1802 1803 1807
f 1803 1808 1807
f 1803 1804 1808
f 1804 1809 1808
f 1804 1805 1809
f 1805 1810 1809
f 1806 1807 1811
f 1807 1812 1811
f 1807 1808 1812
f 1808 1813 1812
f 1808 1809 1813
f 1809 1814 1813
f 1809 1810 1814
f 1810 1815 1814
f 1811 1812 1816
f 1812 1817 1816
f 1812 1813 1817
f 1813 1818 1817
f 1813 1814 1818
f 1814 1819 1818
f 1814 1815 1819
f 1815 1820 1819
f 1816 1817 1821
f 1817 1822 1821
f 1817 1818 1822
f 1818 1823 1822
f 1818 1819 1823
f 1819 1824 1823
f 1819 1820 1824
f 1820 1825 1824
f 1821 1822 1826
f 1822 1827 1826
f 1822 1823 1827
f 1823 1828 1827
f 1823 1824 1828
f 1824 1829 1828
f 1824 1825 1829
f 1825 1830 1829
f 1826 1827 1831
f 1827 1832 1831
f 1827 1828 1832
f 1828 1833 1832
f 1828 1829 1833
f 1829 1834 1833
f 1829 1830 1834
f 1830 1835 1834
f 1831 1832 1836
f 1832 1837 1836
f 1832 1833 1837
f 1833 1838 1837
f 1833 1834 1838
f 1834 1839 1838
f 1834 1835 1839
f 1835 1840 1839
f 1836 1837 1841
f 1837 1842 1841
f 1837 1838 1842
f 1838 1843 1842
f 1838 1839 1843
f 1839 1844 1843
f 1839 1840 1844
f 1840 1845 1844
f 1841 1842 1846
f 1842 1847 1846
f 1842 1843 1847
f 1843 1848 1847
f 1843 1844 1848
f 1844 1849 1848
f 1844 1845 1849
f 1845 1850 1849
f 1846 1847 1851
f 1847 1852 1851
f 1847 1848 1852
f 1848 1853 1852
f 1848 1849 1853
f 1849 1854 1853
f 1849 1850 1854
f 1850 1855 1854
f 1851 1852 1856
f 1852 1857 1856
f 1852 1853 1857
f 1853 1858 1857
f 1853 1854 1858
f 1854 1859 1858
f 1854 1855 1859
f 1855 1860 1859
f 1856 1857 1861
f 1857 1862 1861
f 1857 1858 1862
f 1858 1863 1862
f 1858 1859 1863
f 1859 1864 1863
f 1859 1860 1864
f 1860 1865 1864
f 1861 1862 1866
f 1862 1867 1866
f 1862 1863 1867
f 1863 1868 1867
f 1863 1864 1868
f 1864 1869 1868
f 1864 1865 1869
f 1865 1870 1869
f 1866 1867 1871
f 1867 1872 1871
f 1867 1868 1872
f 1868 1873 1872
f 1868 1869 1873
f 1869 1874 1873
f 1869 1870 1874
f 1870 1875 1874
f 1871 1872 1876
f 1872 1877 1876
f 1872 1873 1877
f 1873 1878 1877
f 1873 1874 1878
f 1874 1879 1878
f 1874 1875 1879
f 1875 1880 1879
f 1876 1877 1881
f 1877 1882 1881
f 1877 1878 1882
f 1878 1883 1882
f 1878 1879 1883
f 1879 1884 1883
f 1879 1880 1884
f 1880 1885 1884
f 1881 1882 1886
f 1882 1887 1886
f 1882 1883 1887
f 1883 1888 1887
f 1883 1884 1888
f 1884 1889 1888
f 1884 1885 1889
f 1885 1890 1889
f 1886 1887 1891
f 1887 1892 1891
f 1887 1888 1892
f 1888 1893 1892
f 1888 1889 1893
f 1889 1894 1893
f 1889 1890 1894
f 1890 1895 1894
f 1891 1892 1896
f 1892 1897 1896
f 1892 1893 1897
f 1893 1898 1897
f 1893 1894 1898
f 1894 1899 1898
f 1894 1895 1899
f 1895 1900 1899
f 1896 1897 1901
f 1897 1902 1901
f 1897 1898 1902
f 1898 1903 1902
f 1898 1899 1903
f 1899 1904 1903
f 1899 1900 1904
f 1900 1905 1904
f 1901 1902 1906
f 1902 1907 1906
f 1902 1903 1907
f 1903 1908 1907
f 1903 1904 1908
f 1904 1909 1908
f 1904 1905 1909
f 1905 1910 1909
f 1906 1907 1911
f 1907 1912 1911
f 1907 1908 1912
f 1908 1913 1912
f 1908 1909 1913
f 1909 1914 1913
f 1909 1910 1914
f 1910 1915 1914
f 1911 1912 1916
f 1912 1917 1916
f 1912 1913 1917
f 1913 1918 1917
f 1913 1914 1918
f 1914 1919 1918
f 1914 1915 1919
f 1915 1920 1919
f 1916 1917 1621
f 1917 1622 1621
f 1917 1918 1622
f 1918 1623 1622
f 1918 1919 1623
f 1919 1624 1623
f 1919 1920 1624
f 1920 1625 1624
