# Generated from RecurDyn RMD GGEOM
# patches: 3212, nodes: 1606
# extracted triangles: 3212

v 0.0302619356 0.0143074345 0.0267006003
v 0.0307388805 0.0154227550 0.0269759646
v 0.0311344333 0.0165797450 0.0272043371
v 0.0314458921 0.0177705009 0.0273841579
v 0.0316711292 0.0189868887 0.0275141986
v 0.0318086060 0.0202205994 0.0275935709
v 0.0318573835 0.0214632053 0.0276217326
v 0.0318171283 0.0227062182 0.0275984913
v 0.0316881156 0.0239411471 0.0275240057
v 0.0314712267 0.0251595561 0.0273987848
v 0.0311679429 0.0263531224 0.0272236839
v 0.0307803362 0.0275136926 0.0269998990
v 0.0303110543 0.0286333388 0.0267289590
v 0.0297633027 0.0297044127 0.0264127145
v 0.0291408233 0.0307195979 0.0260533258
v 0.0284478682 0.0316719596 0.0256532480
v 0.0276891710 0.0325549921 0.0252152140
v 0.0268699143 0.0333626635 0.0247422159
v 0.0259956945 0.0340894565 0.0242374849
v 0.0250724834 0.0347304064 0.0237044687
v 0.0241065876 0.0352811350 0.0231468085
v 0.0231046049 0.0357378800 0.0225683135
v 0.0220733800 0.0360975216 0.0219729355
v 0.0210199572 0.0363576030 0.0213647416
v 0.0199515325 0.0365163476 0.0207478863
v 0.0188754042 0.0365726709 0.0201265833
v 0.0177989234 0.0365261883 0.0195050769
v 0.0167294436 0.0363772173 0.0188876124
v 0.0156742705 0.0361267755 0.0182784079
v 0.0146406118 0.0357765736 0.0176816248
v 0.0136355285 0.0353290039 0.0171013397
v 0.0126658864 0.0347871238 0.0165415166
v 0.0117383092 0.0341546348 0.0160059796
v 0.0108591330 0.0334358575 0.0154983870
v 0.0100343636 0.0326357018 0.0150222062
v 0.0092696351 0.0317596337 0.0145806899
v 0.0085701711 0.0308136376 0.0141768542
v 0.0079407499 0.0298041756 0.0138134577
v 0.0073856710 0.0287381432 0.0134929828
v 0.0075477022 0.0286205418 0.0136428723
v 0.0298282608 0.0145289439 0.0266408068
v 0.0299988132 0.0144542091 0.0266190036
v 0.0075878970 0.0285913687 0.0136800551
v 0.0076542910 0.0285166339 0.0138386594
v 0.0296103870 0.0146118435 0.0267146818
v 0.0297148524 0.0145786386 0.0266553049
v 0.0076984396 0.0284669392 0.0139441230
v 0.0294532837 0.0146617797 0.0268039775
v 0.0294136596 0.0146675826 0.0268513643
v 0.0076992503 0.0284337343 0.0140642811
v 0.0077004696 0.0283837981 0.0142449844
v 0.0297055209 0.0157470093 0.0273031146
v 0.0300800477 0.0168424981 0.0275193477
v 0.0298783754 0.0162526076 0.0274029121
v 0.0303522758 0.0178832690 0.0276765187
v 0.0303749505 0.0179699580 0.0276896099
v 0.0305882148 0.0191216874 0.0278127382
v 0.0307183839 0.0202898187 0.0278878913
v 0.0306382758 0.0195709323 0.0278416409
v 0.0307574656 0.0212854246 0.0279104551
v 0.0307645686 0.0214663725 0.0279145560
v 0.0307264533 0.0226433116 0.0278925501
v 0.0306042984 0.0238125965 0.0278220240
v 0.0306888728 0.0230030370 0.0278708531
v 0.0304463180 0.0247000771 0.0277308139
v 0.0303989384 0.0249662396 0.0277034593
v 0.0301117760 0.0260963605 0.0275376661
v 0.0297447730 0.0271952392 0.0273257768
v 0.0300271030 0.0263498880 0.0274887801
v 0.0294371345 0.0279292249 0.0271481616
v 0.0293004363 0.0282553694 0.0270692388
v 0.0287818011 0.0292695091 0.0267698047
v 0.0281924103 0.0302307310 0.0264295198
v 0.0286911559 0.0294173401 0.0267174706
v 0.0277886236 0.0307856746 0.0261963934
v 0.0275362900 0.0311324688 0.0260507085
v 0.0268179222 0.0319685627 0.0256359587
v 0.0260422140 0.0327333014 0.0251881034
v 0.0267582789 0.0320273625 0.0256015236
v 0.0255964937 0.0331038563 0.0249307666
v 0.0252144644 0.0334214609 0.0247102019
v 0.0243403277 0.0340283404 0.0242055188
v 0.0234257751 0.0345497943 0.0236775016
v 0.0224770540 0.0349822606 0.0231297572
v 0.0229879141 0.0347493894 0.0234247025
v 0.0215757200 0.0352966025 0.0226093718
v 0.0215006450 0.0353227850 0.0225660273
v 0.0205032181 0.0355690415 0.0219901626
v 0.0194915867 0.0357193478 0.0214060969
v 0.0201141606 0.0356268469 0.0217655401
v 0.0186293667 0.0357644754 0.0209082940
v 0.0184726613 0.0357726772 0.0208178200
v 0.0174534021 0.0357286654 0.0202293505
v 0.0164407717 0.0355876131 0.0196447081
v 0.0171418708 0.0356852713 0.0200494878
v 0.0156721910 0.0354051931 0.0192009678
v 0.0154416875 0.0353504838 0.0190678865
v 0.0144629741 0.0350188973 0.0185028261
v 0.0135113172 0.0345951187 0.0179533867
v 0.0142434128 0.0349211253 0.0183760623
v 0.0128756669 0.0342398884 0.0175863938
v 0.0125932176 0.0340820428 0.0174233216
v 0.0117149467 0.0334831745 0.0169162517
v 0.0108825042 0.0328026047 0.0164356408
v 0.0115869214 0.0333785064 0.0168423363
v 0.0104019089 0.0323363519 0.0161581690
v 0.0101015764 0.0320449822 0.0159847719
v 0.0093774978 0.0312154825 0.0155667250
v 0.0087152147 0.0303197719 0.0151843556
v 0.0093265756 0.0311466124 0.0155373250
v 0.0083943047 0.0298050984 0.0149990782
v 0.0081192511 0.0293639690 0.0148402759
v 0.0076792435 0.0283779952 0.0143029933
v 0.0075936780 0.0283546028 0.0145368361
v 0.0292539286 0.0146909750 0.0270423876
v 0.0300511118 0.0144250359 0.0266352219
v 0.0305235842 0.0155229551 0.0268968753
v 0.0309126397 0.0166609401 0.0271214965
v 0.0312189823 0.0178321365 0.0272983636
v 0.0314405197 0.0190285438 0.0274262682
v 0.0315757383 0.0202419893 0.0275043367
v 0.0316237145 0.0214641840 0.0275320358
v 0.0315841206 0.0226867790 0.0275091762
v 0.0314572271 0.0239014228 0.0274359142
v 0.0312439008 0.0250998180 0.0273127502
v 0.0309455988 0.0262737786 0.0271405255
v 0.0305643590 0.0274152851 0.0269204166
v 0.0301027855 0.0285165398 0.0266539270
v 0.0295640315 0.0295700201 0.0263428772
v 0.0289517770 0.0305685297 0.0259893919
v 0.0282702045 0.0315052477 0.0255958859
v 0.0275239697 0.0323737754 0.0251650470
v 0.0267181703 0.0331681799 0.0246998185
v 0.0258583105 0.0338830345 0.0242033783
v 0.0249502643 0.0345134561 0.0236791175
v 0.0240002343 0.0350551383 0.0231306175
v 0.0230147104 0.0355043808 0.0225616249
v 0.0220004246 0.0358581148 0.0219760267
v 0.0209643055 0.0361139241 0.0213778231
v 0.0199134308 0.0362700611 0.0207711004
v 0.0188549792 0.0363254593 0.0201600030
v 0.0177961809 0.0362797402 0.0195487055
v 0.0167442685 0.0361332162 0.0189413836
v 0.0157064278 0.0358868881 0.0183421860
v 0.0146897481 0.0355424387 0.0177552057
v 0.0137011745 0.0351022209 0.0171844525
v 0.0127474599 0.0345692418 0.0166338251
v 0.0118351192 0.0339471422 0.0161070849
v 0.0109703845 0.0332401716 0.0156078302
v 0.0101591629 0.0324531594 0.0151394711
v 0.0094069959 0.0315914818 0.0147052073
v 0.0087190215 0.0306610247 0.0143080051
v 0.0080999392 0.0296681442 0.0139505778
v 0.0302902079 0.0156133469 0.0268933459
v 0.0306734019 0.0167341874 0.0271145830
v 0.0309751293 0.0178877389 0.0272887854
v 0.0311933290 0.0190661214 0.0274147631
v 0.0313265104 0.0202612855 0.0274916554
v 0.0313737639 0.0214650669 0.0275189372
v 0.0313347665 0.0226692426 0.0274964221
v 0.0312097847 0.0238655869 0.0274242638
v 0.0309996723 0.0250459275 0.0273029553
v 0.0307058645 0.0262022015 0.0271333253
v 0.0303303683 0.0273265104 0.0269165325
v 0.0298757488 0.0284111739 0.0266540578
v 0.0293451114 0.0294487828 0.0263476942
v 0.0287420810 0.0304322491 0.0259995344
v 0.0280707769 0.0313548548 0.0256119568
v 0.0273357847 0.0322102975 0.0251876088
v 0.0265421252 0.0329927337 0.0247293893
v 0.0256952199 0.0336968185 0.0242404283
v 0.0248008540 0.0343177424 0.0237240659
v 0.0238651369 0.0348512637 0.0231838294
v 0.0228944606 0.0352937381 0.0226234092
v 0.0218954557 0.0356421429 0.0220466335
v 0.0208749465 0.0358940982 0.0214574422
v 0.0198399041 0.0360478829 0.0208598601
v 0.0187973988 0.0361024464 0.0202579694
v 0.0177545520 0.0360574161 0.0196558816
v 0.0167184875 0.0359130996 0.0190577094
v 0.0156962825 0.0356704827 0.0184675391
v 0.0146949199 0.0353312226 0.0178894021
v 0.0137212398 0.0348976370 0.0173272477
v 0.0127818936 0.0343726876 0.0167849159
v 0.0118832980 0.0337599604 0.0162661115
v 0.0110315912 0.0330636408 0.0157743783
v 0.0102325912 0.0322884856 0.0153130755
v 0.0094917561 0.0314397897 0.0148853541
v 0.0088141465 0.0305233506 0.0144941360
v 0.0082043912 0.0295454286 0.0141420936
v 0.0300615959 0.0156850823 0.0269657218
v 0.0304401383 0.0167923167 0.0271842734
v 0.0307382030 0.0179318651 0.0273563611
v 0.0309537540 0.0190959432 0.0274808095
v 0.0310853187 0.0202765990 0.0275567684
v 0.0311319985 0.0214657676 0.0275837191
v 0.0310934746 0.0226553257 0.0275614772
v 0.0309700100 0.0238371475 0.0274901949
v 0.0307624481 0.0250031598 0.0273703590
v 0.0304722069 0.0261453976 0.0272027882
v 0.0301012689 0.0272560584 0.0269886270
v 0.0296521680 0.0283275551 0.0267293385
v 0.0291279721 0.0293525683 0.0264266939
v 0.0285322620 0.0303240963 0.0260827604
v 0.0278691069 0.0312355023 0.0256998877
v 0.0271430368 0.0320805607 0.0252806909
v 0.0263590116 0.0328534988 0.0248280338
v 0.0255223870 0.0335490367 0.0243450083
v 0.0246388779 0.0341624231 0.0238349141
v 0.0237145196 0.0346894679 0.0233012356
v 0.0227556264 0.0351265711 0.0227476184
v 0.0217687486 0.0354707465 0.0221778442
v 0.0207606274 0.0357196433 0.0215958052
v 0.0197381495 0.0358715612 0.0210054772
v 0.0187082992 0.0359254624 0.0204108929
v 0.0176781117 0.0358809788 0.0198161139
v 0.0166546241 0.0357384141 0.0192252030
v 0.0156448278 0.0354987423 0.0186421968
v 0.0146556208 0.0351636006 0.0180710779
v 0.0136937603 0.0347352783 0.0175157475
v 0.0127658170 0.0342167013 0.0169799992
v 0.0118781295 0.0336114120 0.0164674926
v 0.0110367616 0.0329235452 0.0159817286
v 0.0102474608 0.0321577996 0.0155260256
v 0.0095156188 0.0313194062 0.0151034964
v 0.0088462347 0.0304140919 0.0147170273
v 0.0082438813 0.0294480409 0.0143692584
v 0.0298601265 0.0157311392 0.0271069185
v 0.0302356824 0.0168296381 0.0273237458
v 0.0305313955 0.0179601959 0.0274944758
v 0.0307452459 0.0191150899 0.0276179424
v 0.0308757726 0.0202864309 0.0276933020
v 0.0309220841 0.0214662175 0.0277200400
v 0.0308838641 0.0226463905 0.0276979737
v 0.0307613736 0.0238188882 0.0276272537
v 0.0305554493 0.0249757012 0.0275083633
v 0.0302674979 0.0261089273 0.0273421145
v 0.0298994865 0.0272108254 0.0271296430
v 0.0294539288 0.0282738685 0.0268724001
v 0.0289338686 0.0292907948 0.0265721432
v 0.0283428583 0.0302546578 0.0262309233
v 0.0276849352 0.0311588733 0.0258510712
v 0.0269645936 0.0319972646 0.0254351818
v 0.0261867540 0.0327641045 0.0249860959
v 0.0253567299 0.0334541549 0.0245068813
v 0.0244801914 0.0340627019 0.0240008115
v 0.0235631258 0.0345855887 0.0234713435
v 0.0226117979 0.0350192432 0.0229220940
v 0.0216327061 0.0353607033 0.0223568151
v 0.0206325386 0.0356076364 0.0217793681
v 0.0196181275 0.0357583557 0.0211936976
v 0.0185964023 0.0358118317 0.0206038043
v 0.0175743425 0.0357676990 0.0200137178
v 0.0165589297 0.0356262591 0.0194274689
v 0.0155571003 0.0353884782 0.0188490625
v 0.0145756977 0.0350559806 0.0182824494
v 0.0136214259 0.0346310376 0.0177315003
v 0.0127008036 0.0341165520 0.0171999788
v 0.0118201196 0.0335160381 0.0166915156
v 0.0109853897 0.0328335983 0.0162095841
v 0.0102023162 0.0320738941 0.0157574764
v 0.0094762480 0.0312421152 0.0153382808
v 0.0088121452 0.0303439434 0.0149548608
v 0.0082145440 0.0293855142 0.0146098356
v 0.0069087261 0.0276228227 0.0132176185
v 0.0065131732 0.0264658328 0.0129892460
v 0.0062017145 0.0252750769 0.0128094252
v 0.0059764774 0.0240586890 0.0126793845
v 0.0058390006 0.0228249784 0.0126000122
v 0.0057902231 0.0215823725 0.0125718505
v 0.0058304782 0.0203393596 0.0125950918
v 0.0059594909 0.0191044307 0.0126695773
v 0.0061763799 0.0178860216 0.0127947982
v 0.0064796636 0.0166924554 0.0129698992
v 0.0068672703 0.0155318852 0.0131936840
v 0.0073365523 0.0144122390 0.0134646241
v 0.0078843038 0.0133411650 0.0137808686
v 0.0085067832 0.0123259798 0.0141402572
v 0.0091997383 0.0113736182 0.0145403351
v 0.0099584356 0.0104905857 0.0149783691
v 0.0107776923 0.0096829143 0.0154513672
v 0.0116519120 0.0089561213 0.0159560982
v 0.0125751231 0.0083151713 0.0164891144
v 0.0135410190 0.0077644428 0.0170467746
v 0.0145430017 0.0073076977 0.0176252696
v 0.0155742265 0.0069480561 0.0182206475
v 0.0166276493 0.0066879747 0.0188288415
v 0.0176960741 0.0065292302 0.0194456968
v 0.0187722024 0.0064729068 0.0200669997
v 0.0198486831 0.0065193894 0.0206885062
v 0.0209181629 0.0066683605 0.0213059706
v 0.0219733361 0.0069188023 0.0219151752
v 0.0230069948 0.0072690042 0.0225119583
v 0.0240120781 0.0077165739 0.0230922434
v 0.0249817201 0.0082584540 0.0236520665
v 0.0259092974 0.0088909430 0.0241876035
v 0.0267884735 0.0096097203 0.0246951961
v 0.0276132429 0.0104098759 0.0251713769
v 0.0283779715 0.0112859440 0.0256128931
v 0.0290774354 0.0122319402 0.0260167288
v 0.0297068567 0.0132414022 0.0263801253
v 0.0071420856 0.0272985684 0.0142761091
v 0.0067675589 0.0262030796 0.0140598760
v 0.0069692312 0.0267929702 0.0141763116
v 0.0064953308 0.0251623088 0.0139027051
v 0.0064726561 0.0250756197 0.0138896138
v 0.0062593917 0.0239238903 0.0137664856
v 0.0061292226 0.0227557590 0.0136913324
v 0.0062093307 0.0234746454 0.0137375828
v 0.0060901409 0.0217601531 0.0136687686
v 0.0060830380 0.0215792053 0.0136646677
v 0.0061211533 0.0204022661 0.0136866736
v 0.0062433082 0.0192329813 0.0137571997
v 0.0061587337 0.0200425407 0.0137083706
v 0.0064012886 0.0183455007 0.0138484098
v 0.0064486682 0.0180793382 0.0138757644
v 0.0067358305 0.0169492173 0.0140415576
v 0.0071028336 0.0158503386 0.0142534469
v 0.0068205035 0.0166956897 0.0140904436
v 0.0074104720 0.0151163528 0.0144310621
v 0.0075471703 0.0147902084 0.0145099849
v 0.0080658055 0.0137760686 0.0148094190
v 0.0086551963 0.0128148468 0.0151497040
v 0.0081564507 0.0136282377 0.0148617531
v 0.0090589830 0.0122599032 0.0153828304
v 0.0093113165 0.0119131090 0.0155285152
v 0.0100296844 0.0110770151 0.0159432650
v 0.0108053925 0.0103122764 0.0163911204
v 0.0100893277 0.0110182152 0.0159777001
v 0.0112511129 0.0099417215 0.0166484571
v 0.0116331421 0.0096241169 0.0168690218
v 0.0125072789 0.0090172374 0.0173737049
v 0.0134218315 0.0084957835 0.0179017221
v 0.0143705526 0.0080633172 0.0184494665
v 0.0138596924 0.0082961883 0.0181545212
v 0.0152718866 0.0077489753 0.0189698519
v 0.0153469615 0.0077227928 0.0190131964
v 0.0163443884 0.0074765363 0.0195890611
v 0.0173560198 0.0073262300 0.0201731268
v 0.0167334459 0.0074187309 0.0198136836
v 0.0182182398 0.0072811023 0.0206709297
v 0.0183749453 0.0072729006 0.0207614037
v 0.0193942045 0.0073169123 0.0213498732
v 0.0204068348 0.0074579646 0.0219345157
v 0.0197057358 0.0073603065 0.0215297359
v 0.0211754156 0.0076403847 0.0223782560
v 0.0214059191 0.0076950939 0.0225113372
v 0.0223846325 0.0080266804 0.0230763977
v 0.0233362894 0.0084504590 0.0236258370
v 0.0226041938 0.0081244524 0.0232031614
v 0.0239719397 0.0088056894 0.0239928299
v 0.0242543890 0.0089635349 0.0241559021
v 0.0251326598 0.0095624032 0.0246629720
v 0.0259651024 0.0102429731 0.0251435829
v 0.0252606852 0.0096670713 0.0247368875
v 0.0264456976 0.0107092259 0.0254210547
v 0.0267460302 0.0110005955 0.0255944518
v 0.0274701087 0.0118300952 0.0260124988
v 0.0281323919 0.0127258059 0.0263948681
v 0.0275210309 0.0118989654 0.0260418987
v 0.0284533018 0.0132404794 0.0265801456
v 0.0287283555 0.0136816088 0.0267389479
v 0.0070848675 0.0275226226 0.0133645259
v 0.0066958121 0.0263846376 0.0131399046
v 0.0063894694 0.0252134412 0.0129630376
v 0.0061679321 0.0240170339 0.0128351330
v 0.0060327135 0.0228035884 0.0127570645
v 0.0059847373 0.0215813938 0.0127293654
v 0.0060243312 0.0203587988 0.0127522249
v 0.0061512247 0.0191441550 0.0128254869
v 0.0063645510 0.0179457597 0.0129486509
v 0.0066628530 0.0167717992 0.0131208756
v 0.0070440928 0.0156302927 0.0133409846
v 0.0075056662 0.0145290380 0.0136074741
v 0.0080444203 0.0134755576 0.0139185239
v 0.0086566748 0.0124770480 0.0142720092
v 0.0093382473 0.0115403300 0.0146655153
v 0.0100844821 0.0106718023 0.0150963541
v 0.0108902815 0.0098773979 0.0155615827
v 0.0117501412 0.0091625433 0.0160580229
v 0.0126581875 0.0085321217 0.0165822837
v 0.0136082174 0.0079904395 0.0171307837
v 0.0145937414 0.0075411970 0.0176997762
v 0.0156080272 0.0071874629 0.0182853744
v 0.0166441463 0.0069316537 0.0188835780
v 0.0176950209 0.0067755167 0.0194903008
v 0.0187534726 0.0067201185 0.0201013981
v 0.0198122709 0.0067658376 0.0207126956
v 0.0208641832 0.0069123616 0.0213200175
v 0.0219020240 0.0071586896 0.0219192152
v 0.0229187037 0.0075031390 0.0225061954
v 0.0239072773 0.0079433569 0.0230769487
v 0.0248609919 0.0084763360 0.0236275760
v 0.0257733326 0.0090984356 0.0241543162
v 0.0266380673 0.0098054062 0.0246535710
v 0.0274492888 0.0105924183 0.0251219300
v 0.0282014559 0.0114540960 0.0255561938
v 0.0288894303 0.0123845531 0.0259533961
v 0.0295085126 0.0133774335 0.0263108234
v 0.0072046123 0.0274322308 0.0135648710
v 0.0068214182 0.0263113904 0.0133436338
v 0.0065196908 0.0251578389 0.0131694314
v 0.0063014911 0.0239794564 0.0130434538
v 0.0061683097 0.0227842923 0.0129665615
v 0.0061210563 0.0215805108 0.0129392797
v 0.0061600536 0.0203763351 0.0129617948
v 0.0062850354 0.0191799908 0.0130339531
v 0.0064951478 0.0179996502 0.0131552615
v 0.0067889556 0.0168433762 0.0133248916
v 0.0071644518 0.0157190674 0.0135416844
v 0.0076190713 0.0146344038 0.0138041591
v 0.0081497087 0.0135967949 0.0141105227
v 0.0087527391 0.0126133286 0.0144586825
v 0.0094240433 0.0116907229 0.0148462601
v 0.0101590355 0.0108352802 0.0152706080
v 0.0109526950 0.0100528441 0.0157288276
v 0.0117996003 0.0093487592 0.0162177886
v 0.0126939662 0.0087278354 0.0167341510
v 0.0136296832 0.0081943140 0.0172743875
v 0.0146003595 0.0077518397 0.0178348077
v 0.0155993644 0.0074034349 0.0184115834
v 0.0166198736 0.0071514796 0.0190007747
v 0.0176549161 0.0069976949 0.0195983567
v 0.0186974214 0.0069431313 0.0202002475
v 0.0197402682 0.0069881616 0.0208023353
v 0.0207763327 0.0071324781 0.0214005075
v 0.0217985376 0.0073750951 0.0219906778
v 0.0227999003 0.0077143551 0.0225688148
v 0.0237735803 0.0081479408 0.0231309692
v 0.0247129265 0.0086728902 0.0236733010
v 0.0256115222 0.0092856174 0.0241921054
v 0.0264632290 0.0099819369 0.0246838386
v 0.0272622290 0.0107570922 0.0251451414
v 0.0280030641 0.0116057881 0.0255728628
v 0.0286806737 0.0125222271 0.0259640808
v 0.0292904290 0.0135001492 0.0263161233
v 0.0072562388 0.0273604955 0.0137990428
v 0.0068776964 0.0262532610 0.0135804912
v 0.0065796317 0.0251137126 0.0134084035
v 0.0063640808 0.0239496346 0.0132839551
v 0.0062325160 0.0227689787 0.0132079961
v 0.0061858362 0.0215798102 0.0131810455
v 0.0062243602 0.0203902520 0.0132032874
v 0.0063478248 0.0192084303 0.0132745697
v 0.0065553867 0.0180424180 0.0133944056
v 0.0068456279 0.0169001801 0.0135619764
v 0.0072165659 0.0157895194 0.0137761376
v 0.0076656667 0.0147180227 0.0140354261
v 0.0081898626 0.0136930094 0.0143380707
v 0.0087855728 0.0127214815 0.0146820041
v 0.0094487279 0.0118100754 0.0150648769
v 0.0101747979 0.0109650170 0.0154840737
v 0.0109588231 0.0101920789 0.0159367308
v 0.0117954478 0.0094965411 0.0164197563
v 0.0126789569 0.0088831547 0.0169298505
v 0.0136033152 0.0083561098 0.0174635290
v 0.0145622083 0.0079190067 0.0180171462
v 0.0155490862 0.0075748312 0.0185869204
v 0.0165572073 0.0073259344 0.0191689594
v 0.0175796853 0.0071740166 0.0197592874
v 0.0186095355 0.0071201154 0.0203538717
v 0.0196397231 0.0071645990 0.0209486507
v 0.0206632107 0.0073071637 0.0215395616
v 0.0216730070 0.0075468354 0.0221225677
v 0.0226622140 0.0078819772 0.0226936867
v 0.0236240744 0.0083102994 0.0232490170
v 0.0245520178 0.0088288764 0.0237847654
v 0.0254397053 0.0094341657 0.0242972720
v 0.0262810732 0.0101220326 0.0247830360
v 0.0270703740 0.0108877781 0.0252387390
v 0.0278022160 0.0117261716 0.0256612682
v 0.0284716000 0.0126314859 0.0260477373
v 0.0290739535 0.0135975368 0.0263955062
v 0.0072346936 0.0273144386 0.0140441187
v 0.0068591378 0.0262159397 0.0138272914
v 0.0065634246 0.0250853818 0.0136565614
v 0.0063495743 0.0239304879 0.0135330948
v 0.0062190476 0.0227591469 0.0134577352
v 0.0061727360 0.0215793603 0.0134309972
v 0.0062109561 0.0203991873 0.0134530636
v 0.0063334466 0.0192266896 0.0135237835
v 0.0065393709 0.0180698766 0.0136426739
v 0.0068273222 0.0169366505 0.0138089227
v 0.0071953337 0.0158347523 0.0140213942
v 0.0076408913 0.0147717093 0.0142786371
v 0.0081609515 0.0137547829 0.0145788940
v 0.0087519618 0.0127909199 0.0149201139
v 0.0094098849 0.0118867044 0.0152999660
v 0.0101302266 0.0110483132 0.0157158555
v 0.0109080662 0.0102814732 0.0161649413
v 0.0117380902 0.0095914229 0.0166441559
v 0.0126146288 0.0089828758 0.0171502257
v 0.0135316943 0.0084599891 0.0176796938
v 0.0144830222 0.0080263345 0.0182289432
v 0.0154621141 0.0076848744 0.0187942221
v 0.0164622816 0.0074379413 0.0193716691
v 0.0174766927 0.0072872220 0.0199573396
v 0.0184984178 0.0072337461 0.0205472329
v 0.0195204776 0.0072778788 0.0211373194
v 0.0205358904 0.0074193187 0.0217235683
v 0.0215377199 0.0076570995 0.0223019748
v 0.0225191224 0.0079895971 0.0228685878
v 0.0234733942 0.0084145401 0.0234195369
v 0.0243940165 0.0089290258 0.0239510584
v 0.0252747006 0.0095295396 0.0244595216
v 0.0261094304 0.0102119795 0.0249414531
v 0.0268925040 0.0109716837 0.0253935608
v 0.0276185721 0.0118034626 0.0258127564
v 0.0282826750 0.0127016344 0.0261961764
v 0.0288802762 0.0136600636 0.0265412016
v 0.0072436780 0.0283546028 0.0151430539
v 0.0080358000 0.0298121689 0.0156003857
v 0.0089742987 0.0311488571 0.0161422282
v 0.0100454887 0.0323451755 0.0167606801
v 0.0112337496 0.0333836793 0.0174467228
v 0.0125217538 0.0342492245 0.0181903524
v 0.0138907195 0.0349291896 0.0189807251
v 0.0153206839 0.0354136592 0.0198063154
v 0.0167907950 0.0356955687 0.0206550845
v 0.0182796153 0.0357708071 0.0215146553
v 0.0197654344 0.0356382773 0.0223724933
v 0.0212265856 0.0352999119 0.0232160894
v 0.0226417622 0.0347606450 0.0240331420
v 0.0239903277 0.0340283404 0.0248117366
v 0.0252526169 0.0331136767 0.0255405196
v 0.0264102229 0.0320299917 0.0262088637
v 0.0274462651 0.0307930881 0.0268070230
v 0.0283456357 0.0294210026 0.0273262748
v 0.0290952198 0.0279337434 0.0277590474
v 0.0296840869 0.0263529980 0.0280990300
v 0.0301036499 0.0247018173 0.0283412648
v 0.0303477906 0.0230042792 0.0284822195
v 0.0304129490 0.0212851376 0.0285198387
v 0.0302981748 0.0195694616 0.0284535738
v 0.0300051418 0.0178822694 0.0282843911
v 0.0295381230 0.0162481642 0.0280147577
v 0.0289039286 0.0146909750 0.0276486054
v 0.0281118066 0.0132334089 0.0271912735
v 0.0271733078 0.0118967207 0.0266494311
v 0.0261021179 0.0107004022 0.0260309792
v 0.0249138570 0.0096618985 0.0253449365
v 0.0236258527 0.0087963533 0.0246013069
v 0.0222568871 0.0081163882 0.0238109342
v 0.0208269226 0.0076319186 0.0229853438
v 0.0193568115 0.0073500091 0.0221365748
v 0.0178679913 0.0072747707 0.0212770040
v 0.0163821722 0.0074073005 0.0204191660
v 0.0149210209 0.0077456659 0.0195755699
v 0.0135058443 0.0082849328 0.0187585173
v 0.0121572789 0.0090172374 0.0179799227
v 0.0108949896 0.0099319011 0.0172511397
v 0.0097373837 0.0110155861 0.0165827955
v 0.0087013415 0.0122524897 0.0159846363
v 0.0078019709 0.0136245752 0.0154653845
v 0.0070523868 0.0151118344 0.0150326118
v 0.0064635197 0.0166925798 0.0146926293
v 0.0060439567 0.0183437605 0.0144503945
v 0.0057998160 0.0200412986 0.0143094398
v 0.0057346576 0.0217604401 0.0142718206
v 0.0058494317 0.0234761162 0.0143380854
v 0.0061424648 0.0251633083 0.0145072681
v 0.0066094836 0.0267974135 0.0147769016
v 0.0272281998 0.0234786006 0.0266811229
v 0.0269122985 0.0248997454 0.0264987373
v 0.0264317529 0.0262579839 0.0262212941
v 0.0257955144 0.0275280147 0.0258539616
v 0.0250154350 0.0286861795 0.0254035826
v 0.0241060462 0.0297109039 0.0248785467
v 0.0230842881 0.0305830991 0.0242886344
v 0.0219691942 0.0312865180 0.0236448346
v 0.0207815365 0.0318080570 0.0229591401
v 0.0195434389 0.0321380010 0.0222443241
v 0.0182779647 0.0322702036 0.0215137023
v 0.0170086874 0.0322022023 0.0207808847
v 0.0157592512 0.0319352637 0.0200595223
v 0.0145529307 0.0314743603 0.0193630529
v 0.0134121974 0.0308280781 0.0187044502
v 0.0123583010 0.0300084559 0.0180959828
v 0.0114108736 0.0290307617 0.0175489854
v 0.0105875639 0.0279132083 0.0170736473
v 0.0099037088 0.0266766134 0.0166788234
v 0.0093720470 0.0253440125 0.0163718683
v 0.0090024825 0.0239402295 0.0161585001
v 0.0088018995 0.0224914141 0.0160426935
v 0.0087740346 0.0210245551 0.0160266057
v 0.0089194068 0.0195669772 0.0161105364
v 0.0092353080 0.0181458324 0.0162929220
v 0.0097158537 0.0167875939 0.0165703652
v 0.0103520922 0.0155175631 0.0169376977
v 0.0111321715 0.0143593983 0.0173880767
v 0.0120415603 0.0133346739 0.0179131126
v 0.0130633184 0.0124624786 0.0185030249
v 0.0141784124 0.0117590598 0.0191468246
v 0.0153660700 0.0112375207 0.0198325191
v 0.0166041677 0.0109075768 0.0205473351
v 0.0178696419 0.0107753741 0.0212779570
v 0.0191389192 0.0108433755 0.0220107746
v 0.0203883554 0.0111103141 0.0227321369
v 0.0215946759 0.0115712174 0.0234286064
v 0.0227354092 0.0122174997 0.0240872091
v 0.0237893056 0.0130371219 0.0246956764
v 0.0247367330 0.0140148160 0.0252426739
v 0.0255600426 0.0151323695 0.0257180120
v 0.0262438978 0.0163689643 0.0261128359
v 0.0267755596 0.0177015652 0.0264197910
v 0.0271451241 0.0191053483 0.0266331591
v 0.0273457070 0.0205541636 0.0267489658
v 0.0273735719 0.0220210227 0.0267650536
v 0.0264087594 0.0172911054 0.0256306686
v 0.0266208267 0.0178792966 0.0257531056
v 0.0269732022 0.0192177874 0.0259565497
v 0.0267675810 0.0183606181 0.0258378343
v 0.0271644557 0.0205992160 0.0260669700
v 0.0271910246 0.0219978490 0.0260823095
v 0.0271866591 0.0209493065 0.0260797891
v 0.0270524139 0.0233876326 0.0260022826
v 0.0271866591 0.0220962712 0.0260797891
v 0.0267675810 0.0246849596 0.0258378343
v 0.0267512057 0.0247426776 0.0258283800
v 0.0264087594 0.0257544724 0.0256306686
v 0.0262930110 0.0260377423 0.0255638412
v 0.0256863650 0.0272487019 0.0252135939
v 0.0252081239 0.0279935441 0.0249374813
v 0.0249425684 0.0283529985 0.0247841628
v 0.0240754768 0.0293300613 0.0242835472
v 0.0245389416 0.0288411612 0.0245511287
v 0.0231012423 0.0301616894 0.0237210727
v 0.0220380132 0.0308323911 0.0231072171
v 0.0227189012 0.0304282172 0.0235003279
v 0.0209055954 0.0313296725 0.0224534153
v 0.0218297350 0.0309394633 0.0229869675
v 0.0197250837 0.0316442702 0.0217718466
v 0.0186470328 0.0317659914 0.0211494336
v 0.0196360961 0.0316601628 0.0217204696
v 0.0185184688 0.0317703239 0.0210752071
v 0.0173082277 0.0317054854 0.0203764741
v 0.0163760586 0.0315229999 0.0198382860
v 0.0161169047 0.0314509625 0.0196886635
v 0.0154206767 0.0312091181 0.0192866960
v 0.0149666922 0.0310114966 0.0190245879
v 0.0138790162 0.0303952739 0.0183966179
v 0.0128741383 0.0296137737 0.0178164514
v 0.0133790749 0.0300352531 0.0181079767
v 0.0119707773 0.0286815537 0.0172948957
v 0.0125864039 0.0293440525 0.0176503279
v 0.0111857611 0.0276159795 0.0168416664
v 0.0105337132 0.0264369007 0.0164652063
v 0.0110499041 0.0273978509 0.0167632293
v 0.0261138934 0.0166086771 0.0254604276
v 0.0320175810 0.0183606181 0.0167445675
v 0.0318511358 0.0178200618 0.0166484704
v 0.0316587594 0.0172911054 0.0165374018
v 0.0325049081 0.0176394410 0.0164485757
v 0.0321631546 0.0167440729 0.0162512642
v 0.0327747406 0.0185669817 0.0166043635
v 0.0271095680 0.0157841387 0.0260352806
v 0.0326095680 0.0157841387 0.0165090011
v 0.0281647057 0.0189291092 0.0266444646
v 0.0336647057 0.0189291092 0.0171181852
v 0.0271064643 0.0155885110 0.0260334886
v 0.0326064643 0.0155885110 0.0165072092
v 0.0268390270 0.0150897658 0.0258790837
v 0.0323390270 0.0150897658 0.0163528042
v 0.0254618455 0.0154295983 0.0250839675
v 0.0266887532 0.0149993589 0.0257923230
v 0.0252081239 0.0150520337 0.0249374813
v 0.0321887532 0.0149993589 0.0162660436
v 0.0282765486 0.0190760943 0.0267090371
v 0.0337765486 0.0190760943 0.0171827577
v 0.0283698967 0.0196527154 0.0267629317
v 0.0338698967 0.0196527154 0.0172366523
v 0.0283115898 0.0198364274 0.0267292682
v 0.0338115898 0.0198364274 0.0172029887
v 0.0324366591 0.0209493065 0.0169865224
v 0.0330950116 0.0205453288 0.0167892721
v 0.0331335764 0.0215227889 0.0168115375
v 0.0324505637 0.0215227889 0.0169945502
v 0.0324366591 0.0220962712 0.0169865224
v 0.0330950116 0.0225002490 0.0167892721
v 0.0283115898 0.0232091504 0.0267292682
v 0.0338115898 0.0232091504 0.0172029887
v 0.0283698967 0.0233928624 0.0267629317
v 0.0338698967 0.0233928624 0.0172366523
v 0.0282765486 0.0239694835 0.0267090371
v 0.0337765486 0.0239694835 0.0171827577
v 0.0281647057 0.0241164685 0.0266444646
v 0.0336647057 0.0241164685 0.0171181852
v 0.0320175810 0.0246849596 0.0167445675
v 0.0327747406 0.0244785960 0.0166043635
v 0.0325049081 0.0254061368 0.0164485757
v 0.0318511358 0.0252255160 0.0166484704
v 0.0316587594 0.0257544724 0.0165374018
v 0.0321631546 0.0263015048 0.0162512642
v 0.0271095680 0.0272614391 0.0260352806
v 0.0326095680 0.0272614391 0.0165090011
v 0.0271064643 0.0274570668 0.0260334886
v 0.0326064643 0.0274570668 0.0165072092
v 0.0268390270 0.0279558120 0.0258790837
v 0.0323390270 0.0279558120 0.0163528042
v 0.0266887532 0.0280462188 0.0257923230
v 0.0321887532 0.0280462188 0.0162660436
v 0.0304581239 0.0279935441 0.0158442146
v 0.0312455958 0.0280126651 0.0157215114
v 0.0307038086 0.0287650171 0.0154087104
v 0.0301338084 0.0284281692 0.0156569709
v 0.0297889416 0.0288411612 0.0154578620
v 0.0301050220 0.0294573686 0.0150630008
v 0.0247209800 0.0305386912 0.0246562286
v 0.0302209800 0.0305386912 0.0151299492
v 0.0246568848 0.0307198140 0.0246192233
v 0.0301568848 0.0307198140 0.0150929438
v 0.0242514773 0.0310733250 0.0243851611
v 0.0297514773 0.0310733250 0.0148588817
v 0.0240830678 0.0310949438 0.0242879299
v 0.0295830678 0.0310949438 0.0147616504
v 0.0279689012 0.0304282172 0.0144070612
v 0.0287140969 0.0306702405 0.0142599498
v 0.0279735262 0.0311457943 0.0138323812
v 0.0275305159 0.0306982126 0.0141539593
v 0.0270797350 0.0309394633 0.0138937008
v 0.0271985760 0.0315416234 0.0133849634
v 0.0214684178 0.0325982958 0.0227783610
v 0.0269684178 0.0325982958 0.0132520815
v 0.0213519876 0.0327404520 0.0227111400
v 0.0268519876 0.0327404520 0.0131848605
v 0.0208633624 0.0329009853 0.0224290321
v 0.0263633624 0.0329009853 0.0129027526
v 0.0206995619 0.0328508962 0.0223344618
v 0.0261995619 0.0328508962 0.0128081824
v 0.0248860961 0.0316601628 0.0126272028
v 0.0255221367 0.0320924018 0.0124170708
v 0.0246828008 0.0322269313 0.0119324799
v 0.0243928474 0.0317290642 0.0123424255
v 0.0238970328 0.0317659914 0.0120561668
v 0.0238363482 0.0322727791 0.0114437803
v 0.0177911580 0.0331620918 0.0206552940
v 0.0232911580 0.0331620918 0.0111290146
v 0.0176381173 0.0332460825 0.0205669360
v 0.0231381173 0.0332460825 0.0110406565
v 0.0171322659 0.0331919570 0.0202748825
v 0.0226322659 0.0331919570 0.0107486031
v 0.0169951966 0.0330769249 0.0201957455
v 0.0224951966 0.0330769249 0.0106694661
v 0.0216260586 0.0315229999 0.0107450193
v 0.0221008072 0.0320870784 0.0104417652
v 0.0212760629 0.0318624145 0.0099655989
v 0.0211445625 0.0313815017 0.0104670274
v 0.0206706767 0.0312091181 0.0101934293
v 0.0204724262 0.0315520891 0.0095016190
v 0.0141858349 0.0321539355 0.0185737598
v 0.0196858349 0.0321539355 0.0090474803
v 0.0140168527 0.0321684172 0.0184761979
v 0.0195168527 0.0321684172 0.0089499184
v 0.0135620932 0.0319069430 0.0182136423
v 0.0190620932 0.0319069430 0.0086873629
v 0.0134702670 0.0317425036 0.0181606265
v 0.0189702670 0.0317425036 0.0086343470
v 0.0186290749 0.0300352531 0.0090147099
v 0.0189121778 0.0306549891 0.0086008092
v 0.0182134116 0.0301014741 0.0081973763
v 0.0182243600 0.0297024655 0.0087810477
v 0.0178364039 0.0293440525 0.0085570611
v 0.0175611262 0.0294768864 0.0078207792
v 0.0111393674 0.0297099839 0.0168148809
v 0.0166393674 0.0297099839 0.0072886015
v 0.0109772656 0.0296530008 0.0167212914
v 0.0164772656 0.0296530008 0.0071950120
v 0.0106350158 0.0292194914 0.0165236934
v 0.0161350158 0.0292194914 0.0069974140
v 0.0106008344 0.0290278531 0.0165039588
v 0.0161008344 0.0290278531 0.0069776793
v 0.0162999041 0.0273978509 0.0076699625
v 0.0163868907 0.0279895455 0.0071428340
v 0.0156537088 0.0266766134 0.0067195312
v 0.0160018200 0.0273524204 0.0069205134
v 0.0161156332 0.0270812748 0.0075635737
v 0.0157837132 0.0264369007 0.0073719396
v 0.0157769987 0.0264226818 0.0073680630
v 0.0154956355 0.0263274389 0.0066282676
v 0.0105269987 0.0264226818 0.0164613297
v 0.0090631977 0.0261603062 0.0156162038
v 0.0145631977 0.0261603062 0.0060899244
v 0.0089298692 0.0260395542 0.0155392266
v 0.0144298692 0.0260395542 0.0060129471
v 0.0087463517 0.0254925574 0.0154332727
v 0.0142463517 0.0254925574 0.0059069933
v 0.0100267799 0.0251662812 0.0161725282
v 0.0097031137 0.0239669890 0.0159856595
v 0.0087744315 0.0252996021 0.0154494846
v 0.0142744315 0.0252996021 0.0059232051
v 0.0149531137 0.0239669890 0.0068923927
v 0.0148659998 0.0244507307 0.0062647473
v 0.0146725468 0.0234980962 0.0061530571
v 0.0148481866 0.0234062214 0.0068318131
v 0.0147705952 0.0228395535 0.0067870156
v 0.0145549100 0.0225290967 0.0060851394
v 0.0096744044 0.0238277904 0.0159690842
v 0.0095205952 0.0228395535 0.0158802824
v 0.0082377242 0.0219843062 0.0151396164
v 0.0137377242 0.0219843062 0.0056133370
v 0.0081511756 0.0218160935 0.0150896476
v 0.0136511756 0.0218160935 0.0055633682
v 0.0081511756 0.0212294843 0.0150896476
v 0.0136511756 0.0212294843 0.0055633682
v 0.0094565820 0.0210477287 0.0158433243
v 0.0082377242 0.0210612716 0.0151396164
v 0.0094831509 0.0224463618 0.0158586639
v 0.0095205952 0.0202060243 0.0158802824
v 0.0137377242 0.0210612716 0.0056133370
v 0.0147705952 0.0202060243 0.0067870156
v 0.0145549100 0.0205164811 0.0060851394
v 0.0146725468 0.0195474816 0.0061530571
v 0.0148481866 0.0196393563 0.0068318131
v 0.0149531137 0.0190785888 0.0068923927
v 0.0148659998 0.0185948471 0.0062647473
v 0.0097031137 0.0190785888 0.0159856595
v 0.0095951927 0.0196579452 0.0159233512
v 0.0312455958 0.0150329126 0.0157215114
v 0.0304581239 0.0150520337 0.0158442146
v 0.0307038086 0.0142805607 0.0154087104
v 0.0301050220 0.0135882091 0.0150630008
v 0.0297889416 0.0142044165 0.0154578620
v 0.0301338084 0.0146174085 0.0156569709
v 0.0246768293 0.0143640241 0.0246307382
v 0.0245389416 0.0142044165 0.0245511287
v 0.0087744315 0.0177459756 0.0154494846
v 0.0142744315 0.0177459756 0.0059232051
v 0.0087463517 0.0175530203 0.0154332727
v 0.0142463517 0.0175530203 0.0059069933
v 0.0089298692 0.0170060235 0.0155392266
v 0.0144298692 0.0170060235 0.0060129471
v 0.0098964008 0.0183029001 0.0160972539
v 0.0103545955 0.0170078355 0.0163617927
v 0.0090631977 0.0168852715 0.0156162038
v 0.0105269987 0.0166228959 0.0164613297
v 0.0145631977 0.0168852715 0.0060899244
v 0.0157769987 0.0166228959 0.0073680630
v 0.0154956355 0.0167181389 0.0066282676
v 0.0159084747 0.0158636431 0.0068666204
v 0.0160266295 0.0161268592 0.0075121874
v 0.0162999041 0.0156477269 0.0076699625
v 0.0163868907 0.0150560322 0.0071428340
v 0.0109612415 0.0157968759 0.0167120399
v 0.0110499041 0.0156477269 0.0167632293
v 0.0106008344 0.0140177246 0.0165039588
v 0.0161008344 0.0140177246 0.0069776793
v 0.0106350158 0.0138260864 0.0165236934
v 0.0161350158 0.0138260864 0.0069974140
v 0.0109772656 0.0133925770 0.0167212914
v 0.0164772656 0.0133925770 0.0071950120
v 0.0117050381 0.0146925792 0.0171414711
v 0.0111393674 0.0133355939 0.0168148809
v 0.0125721298 0.0137155165 0.0176420867
v 0.0125864039 0.0137015253 0.0176503279
v 0.0166393674 0.0133355939 0.0072886015
v 0.0178364039 0.0137015253 0.0085570611
v 0.0175611262 0.0135686913 0.0078207792
v 0.0182134116 0.0129441037 0.0081973763
v 0.0182243600 0.0133431123 0.0087810477
v 0.0186290749 0.0130103246 0.0090147099
v 0.0189121778 0.0123905887 0.0086008092
v 0.0133790749 0.0130103246 0.0181079767
v 0.0134702670 0.0113030742 0.0181606265
v 0.0189702670 0.0113030742 0.0086343470
v 0.0135620932 0.0111386348 0.0182136423
v 0.0190620932 0.0111386348 0.0086873629
v 0.0140168527 0.0108771606 0.0184761979
v 0.0195168527 0.0108771606 0.0089499184
v 0.0146095933 0.0122131867 0.0188184168
v 0.0154206767 0.0118364596 0.0192866960
v 0.0141858349 0.0108916423 0.0185737598
v 0.0135463642 0.0128838884 0.0182045612
v 0.0196858349 0.0108916423 0.0090474803
v 0.0206706767 0.0118364596 0.0101934293
v 0.0204724262 0.0114934887 0.0095016190
v 0.0212760629 0.0111831632 0.0099655989
v 0.0211445625 0.0116640760 0.0104670274
v 0.0216260586 0.0115225778 0.0107450193
v 0.0221008072 0.0109584994 0.0104417652
v 0.0163760586 0.0115225778 0.0198382860
v 0.0157420111 0.0117159053 0.0194722185
v 0.0169951966 0.0099686528 0.0201957455
v 0.0224951966 0.0099686528 0.0106694661
v 0.0171322659 0.0098536207 0.0202748825
v 0.0226322659 0.0098536207 0.0107486031
v 0.0176381173 0.0097994953 0.0205669360
v 0.0231381173 0.0097994953 0.0110406565
v 0.0169225228 0.0114013076 0.0201537873
v 0.0181291377 0.0112752539 0.0208504267
v 0.0177911580 0.0098834859 0.0206552940
v 0.0186470328 0.0112795864 0.0211494336
v 0.0232911580 0.0098834859 0.0111290146
v 0.0238970328 0.0112795864 0.0120561668
v 0.0238363482 0.0107727986 0.0114437803
v 0.0246828008 0.0108186465 0.0119324799
v 0.0243928474 0.0113165136 0.0123424255
v 0.0248860961 0.0113854150 0.0126272028
v 0.0255221367 0.0109531759 0.0124170708
v 0.0193393789 0.0113400924 0.0215491598
v 0.0196360961 0.0113854150 0.0217204696
v 0.0206995619 0.0101946816 0.0223344618
v 0.0261995619 0.0101946816 0.0128081824
v 0.0208633624 0.0101445925 0.0224290321
v 0.0263633624 0.0101445925 0.0129027526
v 0.0213519876 0.0103051257 0.0227111400
v 0.0268519876 0.0103051257 0.0131848605
v 0.0205307018 0.0115946152 0.0222369704
v 0.0216809144 0.0120340812 0.0229010459
v 0.0214684178 0.0104472819 0.0227783610
v 0.0218297350 0.0121061144 0.0229869675
v 0.0269684178 0.0104472819 0.0132520815
v 0.0227189012 0.0126173606 0.0235003279
v 0.0227685903 0.0126503038 0.0235290159
v 0.0237734683 0.0134318041 0.0241091825
v 0.0270797350 0.0121061144 0.0138937008
v 0.0271985760 0.0115039543 0.0133849634
v 0.0247209800 0.0125068865 0.0246562286
v 0.0302209800 0.0125068865 0.0151299492
v 0.0279735262 0.0118997835 0.0138323812
v 0.0275305159 0.0123473651 0.0141539593
v 0.0279689012 0.0126173606 0.0144070612
v 0.0287140969 0.0123753373 0.0142599498
v 0.0240830678 0.0119506340 0.0242879299
v 0.0295830678 0.0119506340 0.0147616504
v 0.0242514773 0.0119722527 0.0243851611
v 0.0246568848 0.0123257638 0.0246192233
v 0.0297514773 0.0119722527 0.0148588817
v 0.0301568848 0.0123257638 0.0150929438
v 0.0099759495 0.0250115723 0.0034414754
v 0.0102346055 0.0252709098 0.0035908105
v 0.0075395648 0.0232651822 0.0020348281
v 0.0077581403 0.0244003812 0.0021610226
v 0.0086935138 0.0247000905 0.0027010608
v 0.0076554533 0.0243601189 0.0021017363
v 0.0096504452 0.0248883282 0.0032535454
v 0.0103859438 0.0256257648 0.0036781857
v 0.0105281433 0.0262028602 0.0037602846
v 0.0094718165 0.0305762486 0.0031504141
v 0.0102390098 0.0272769302 0.0035933533
v 0.0095112285 0.0280186644 0.0031731686
v 0.0088525965 0.0288420693 0.0027929072
v 0.0104595717 0.0269742811 0.0037206948
v 0.0105612525 0.0265965583 0.0037794002
v 0.0125769658 0.0309539799 0.0049431729
v 0.0128901040 0.0314327902 0.0051239633
v 0.0123248326 0.0306862146 0.0047976037
v 0.0097432575 0.0309074687 0.0033071306
v 0.0107092297 0.0307967707 0.0038648349
v 0.0116604308 0.0305731362 0.0044140111
v 0.0096349089 0.0309127586 0.0032445755
v 0.0120025108 0.0305522816 0.0046115111
v 0.0128061836 0.0354782145 0.0050755118
v 0.0129565119 0.0325549357 0.0051623039
v 0.0125099235 0.0335501587 0.0049044659
v 0.0121533651 0.0345926934 0.0046986069
v 0.0130674976 0.0321807218 0.0052263815
v 0.0130441437 0.0317860920 0.0052128981
v 0.0121193077 0.0347115799 0.0046789439
v 0.0156256031 0.0348735079 0.0067033044
v 0.0159680594 0.0348639479 0.0069010216
v 0.0136300304 0.0361471032 0.0055511600
v 0.0144961415 0.0356409483 0.0060512094
v 0.0135306533 0.0361972309 0.0054937846
v 0.0153131472 0.0350356447 0.0065229079
v 0.0162869355 0.0350084603 0.0070851249
v 0.0167287213 0.0353243196 0.0073401900
v 0.0179160564 0.0391315708 0.0080256983
v 0.0171417018 0.0363429886 0.0075786244
v 0.0170366206 0.0374572900 0.0075179557
v 0.0170302910 0.0385781545 0.0075143013
v 0.0171281222 0.0359477495 0.0075707842
v 0.0169828876 0.0355895098 0.0074869330
v 0.0203559077 0.0373916457 0.0094343471
v 0.0206722479 0.0372398838 0.0096169862
v 0.0188935289 0.0394116430 0.0085900422
v 0.0195428056 0.0385783903 0.0089649024
v 0.0188165447 0.0394998385 0.0085455954
v 0.0201152749 0.0376731671 0.0092954177
v 0.0210148010 0.0372416260 0.0098147593
v 0.0215255688 0.0373518757 0.0101096512
v 0.0238238033 0.0404067635 0.0114365375
v 0.0222293466 0.0381294914 0.0105159775
v 0.0224799643 0.0392123787 0.0106606717
v 0.0228247183 0.0402601939 0.0108597155
v 0.0220930356 0.0377666064 0.0104372783
v 0.0218455351 0.0374931389 0.0102943838
v 0.0255545709 0.0377666064 0.0124357967
v 0.0258020715 0.0374931389 0.0125786912
v 0.0248228882 0.0402601939 0.0120133595
v 0.0251676423 0.0392123787 0.0122124033
v 0.0247786940 0.0403745459 0.0119878439
v 0.0254182599 0.0381294914 0.0123570975
v 0.0261220378 0.0373518757 0.0127634238
v 0.0266328056 0.0372416260 0.0130583157
v 0.0297315501 0.0391315708 0.0148473767
v 0.0275323316 0.0376731671 0.0135776573
v 0.0281048009 0.0385783903 0.0139081726
v 0.0287540777 0.0394116430 0.0142830327
v 0.0272916988 0.0373916457 0.0134387279
v 0.0269753586 0.0372398838 0.0132560888
v 0.0288310619 0.0394998385 0.0143274796
v 0.0309188852 0.0353243196 0.0155328850
v 0.0313606710 0.0350084603 0.0157879501
v 0.0306647190 0.0355895098 0.0153861420
v 0.0305194843 0.0359477495 0.0153022908
v 0.0305059047 0.0363429886 0.0152944506
v 0.0306173156 0.0385781545 0.0153587737
v 0.0306109860 0.0374572900 0.0153551193
v 0.0306118801 0.0387032190 0.0153556355
v 0.0348414230 0.0354782145 0.0177975632
v 0.0323344593 0.0350356447 0.0163501670
v 0.0331514651 0.0356409483 0.0168218656
v 0.0340175761 0.0361471032 0.0173219150
v 0.0320220035 0.0348735079 0.0161697706
v 0.0316795472 0.0348639479 0.0159720534
v 0.0341169533 0.0361972309 0.0173792904
v 0.0345801089 0.0321807218 0.0176466935
v 0.0346034629 0.0317860920 0.0176601769
v 0.0354942415 0.0345926934 0.0181744681
v 0.0351376831 0.0335501587 0.0179686091
v 0.0355282988 0.0347115799 0.0181941311
v 0.0346910947 0.0325549357 0.0177107711
v 0.0347575026 0.0314327902 0.0177491117
v 0.0350706407 0.0309539799 0.0179299021
v 0.0384633053 0.0299401007 0.0198886579
v 0.0359871758 0.0305731362 0.0184590639
v 0.0369383769 0.0307967707 0.0190082401
v 0.0379043491 0.0309074687 0.0195659444
v 0.0356450958 0.0305522816 0.0182615639
v 0.0353227740 0.0306862146 0.0180754713
v 0.0371880349 0.0269742811 0.0191523802
v 0.0370863540 0.0265965583 0.0190936748
v 0.0387950100 0.0288420693 0.0200801677
v 0.0381363780 0.0280186644 0.0196999064
v 0.0388639605 0.0289387215 0.0201199763
v 0.0374085967 0.0272769302 0.0192797217
v 0.0371194633 0.0262028602 0.0191127904
v 0.0372616627 0.0256257648 0.0191948893
v 0.0380126977 0.0309127586 0.0196284995
v 0.0401080417 0.0232651822 0.0208382469
v 0.0379971613 0.0248883282 0.0196195296
v 0.0389540928 0.0247000905 0.0201720142
v 0.0398894663 0.0244003812 0.0207120524
v 0.0376716571 0.0250115723 0.0194315996
v 0.0374130011 0.0252709098 0.0192822645
v 0.0379910472 0.0210315863 0.0196159996
v 0.0377780642 0.0207217840 0.0194930338
v 0.0400738342 0.0221029358 0.0208184972
v 0.0392020804 0.0216098661 0.0203151899
v 0.0401683657 0.0221643003 0.0208730750
v 0.0382913971 0.0212217960 0.0197894067
v 0.0376857714 0.0203408607 0.0194397485
v 0.0376378273 0.0197434202 0.0194120680
v 0.0395535015 0.0163549439 0.0205180830
v 0.0380929564 0.0187489854 0.0196748369
v 0.0389263793 0.0181742981 0.0201560138
v 0.0397048267 0.0175046589 0.0206054506
v 0.0378279889 0.0189996834 0.0195218578
v 0.0376679317 0.0193494006 0.0194294488
v 0.0397879836 0.0174242820 0.0206534613
v 0.0399921533 0.0243601189 0.0207713387
v 0.0228689125 0.0403745459 0.0108852311
v 0.0363799439 0.0146384871 0.0186858287
v 0.0361483314 0.0141013891 0.0185521071
v 0.0365851741 0.0149551897 0.0188043184
v 0.0372202688 0.0152073126 0.0191709905
v 0.0368806948 0.0151552310 0.0189749373
v 0.0391580016 0.0152854503 0.0202897410
v 0.0381908613 0.0151893076 0.0197313623
v 0.0392653471 0.0153032394 0.0203517170
v 0.0368745784 0.0101426517 0.0189714060
v 0.0362616232 0.0129842602 0.0186175162
v 0.0368589792 0.0121007379 0.0189623998
v 0.0373753669 0.0111516073 0.0192605364
v 0.0360929779 0.0133285539 0.0185201488
v 0.0360531361 0.0137214194 0.0184971461
v 0.0340069369 0.0101388498 0.0173157724
v 0.0336687902 0.0100755862 0.0171205433
v 0.0361712005 0.0093103519 0.0185653106
v 0.0352392914 0.0096241208 0.0180272726
v 0.0362768625 0.0092821631 0.0186263146
v 0.0343398736 0.0100457693 0.0175079935
v 0.0333783400 0.0098658766 0.0169528519
v 0.0329943397 0.0094616592 0.0167311492
v 0.0324330758 0.0054673101 0.0164071033
v 0.0327504936 0.0083727106 0.0165903645
v 0.0330311064 0.0072996779 0.0167523764
v 0.0332156933 0.0061992413 0.0168589477
v 0.0327009469 0.0087641012 0.0165617587
v 0.0327867013 0.0091470565 0.0166112691
v 0.0332302521 0.0060751529 0.0168673533
v 0.0374277629 0.0110419712 0.0192907873
v 0.0290863430 0.0066675967 0.0144748662
v 0.0286018163 0.0064508517 0.0141951246
v 0.0294227862 0.0067419908 0.0146691118
v 0.0300392248 0.0064342610 0.0150250128
v 0.0297578903 0.0066599326 0.0148625842
v 0.0315168150 0.0049846108 0.0158780999
v 0.0307459965 0.0056659150 0.0154330676
v 0.0316065232 0.0049142512 0.0159298929
v 0.0268288432 0.0029603498 0.0131714981
v 0.0280337649 0.0055371519 0.0138671600
v 0.0279597363 0.0044195279 0.0138244195
v 0.0277875930 0.0033164053 0.0137250325
v 0.0281100084 0.0059227800 0.0139111792
v 0.0283097775 0.0062441048 0.0140265159
v 0.0277623483 0.0031946235 0.0137104575
v 0.0240836109 0.0054755929 0.0115865375
v 0.0235639957 0.0054755929 0.0112865375
v 0.0244206086 0.0054046240 0.0117811032
v 0.0247074124 0.0051883265 0.0119466894
v 0.0248991489 0.0048605421 0.0120573886
v 0.0258234457 0.0028924423 0.0125910316
v 0.0253178211 0.0038492680 0.0122991091
v 0.0258850844 0.0027894143 0.0126266187
v 0.0208187633 0.0029603498 0.0097015769
v 0.0227484576 0.0048605421 0.0108156864
v 0.0223297855 0.0038492680 0.0105739659
v 0.0218241608 0.0028924423 0.0102820434
v 0.0229401942 0.0051883265 0.0109263856
v 0.0232269980 0.0054046240 0.0110919718
v 0.0217625221 0.0027894143 0.0102464563
v 0.0195375981 0.0059227800 0.0089618958
v 0.0193378291 0.0062441048 0.0088465591
v 0.0198600136 0.0033164053 0.0091480425
v 0.0196878703 0.0044195279 0.0090486555
v 0.0198852583 0.0031946235 0.0091626175
v 0.0196138416 0.0055371519 0.0090059150
v 0.0190457903 0.0064508517 0.0086779504
v 0.0185612635 0.0066675967 0.0083982087
v 0.0152145308 0.0054673101 0.0064659717
v 0.0176083817 0.0064342610 0.0078480622
v 0.0169016101 0.0056659150 0.0074400074
v 0.0161307915 0.0049846108 0.0069949751
v 0.0178897163 0.0066599326 0.0080104908
v 0.0182248203 0.0067419908 0.0082039632
v 0.0160410834 0.0049142512 0.0069431821
v 0.0149466597 0.0087641012 0.0063113162
v 0.0148609052 0.0091470565 0.0062618059
v 0.0144319132 0.0061992413 0.0060141273
v 0.0146165002 0.0072996779 0.0061206986
v 0.0144173544 0.0060751529 0.0060057217
v 0.0148971130 0.0083727106 0.0062827105
v 0.0146532668 0.0094616592 0.0061419258
v 0.0142692665 0.0098658766 0.0059202231
v 0.0107730282 0.0101426517 0.0039016690
v 0.0133077329 0.0100457693 0.0053650815
v 0.0124083152 0.0096241208 0.0048458024
v 0.0114764061 0.0093103519 0.0043077644
v 0.0136406697 0.0101388498 0.0055573026
v 0.0139788164 0.0100755862 0.0057525316
v 0.0114992751 0.0141013891 0.0043209678
v 0.0112676627 0.0146384871 0.0041872463
v 0.0115944705 0.0137214194 0.0043759289
v 0.0113859833 0.0129842602 0.0042555588
v 0.0115546286 0.0133285539 0.0043529262
v 0.0102722397 0.0111516073 0.0036125386
v 0.0107886274 0.0121007379 0.0039106752
v 0.0102198436 0.0110419712 0.0035822877
v 0.0080941051 0.0163549439 0.0023549920
v 0.0104273377 0.0152073126 0.0037020845
v 0.0094567453 0.0151893076 0.0031417127
v 0.0084896050 0.0152854503 0.0025833340
v 0.0107669117 0.0151552310 0.0038981376
v 0.0110624324 0.0149551897 0.0040687566
v 0.0083822595 0.0153032394 0.0025213580
v 0.0113707441 0.0092821631 0.0042467604
v 0.0170357264 0.0387032190 0.0075174395
v 0.0087836460 0.0289387215 0.0027530987
v 0.0100097792 0.0197434202 0.0034610070
v 0.0099618352 0.0203408607 0.0034333265
v 0.0099796748 0.0193494006 0.0034436262
v 0.0098196176 0.0189996834 0.0033512171
v 0.0095546502 0.0187489854 0.0031982381
v 0.0079427799 0.0175046589 0.0022676243
v 0.0087212273 0.0181742981 0.0027170612
v 0.0078596230 0.0174242820 0.0022196137
v 0.0093562094 0.0212217960 0.0030836683
v 0.0084455261 0.0216098661 0.0025578850
v 0.0075737724 0.0221029358 0.0020545778
v 0.0096565593 0.0210315863 0.0032570754
v 0.0098695423 0.0207217840 0.0033800412
v 0.0074792409 0.0221643003 0.0020000000
v 0.0054595717 0.0269742811 0.0123809488
v 0.0052390098 0.0272769302 0.0122536074
v 0.0055612525 0.0265965583 0.0124396543
v 0.0055281433 0.0262028602 0.0124205387
v 0.0053859438 0.0256257648 0.0123384398
v 0.0052346055 0.0252709098 0.0122510645
v 0.0049759495 0.0250115723 0.0121017294
v 0.0046504452 0.0248883282 0.0119137994
v 0.0270220035 0.0348735079 0.0248300246
v 0.0273344593 0.0350356447 0.0250104211
v 0.0266795472 0.0348639479 0.0246323074
v 0.0263606710 0.0350084603 0.0244482042
v 0.0259188852 0.0353243196 0.0241931390
v 0.0256647190 0.0355895098 0.0240463961
v 0.0255194843 0.0359477495 0.0239625448
v 0.0255059047 0.0363429886 0.0239547046
v 0.0121281222 0.0359477495 0.0162310383
v 0.0121417018 0.0363429886 0.0162388785
v 0.0119828876 0.0355895098 0.0161471870
v 0.0117287213 0.0353243196 0.0160004441
v 0.0112869355 0.0350084603 0.0157453789
v 0.0109680594 0.0348639479 0.0155612757
v 0.0106256031 0.0348735079 0.0153635584
v 0.0103131472 0.0350356447 0.0151831620
v 0.0277009469 0.0087641012 0.0252220128
v 0.0277504936 0.0083727106 0.0252506186
v 0.0277867013 0.0091470565 0.0252715231
v 0.0279943397 0.0094616592 0.0253914032
v 0.0283783400 0.0098658766 0.0256131059
v 0.0286687902 0.0100755862 0.0257807974
v 0.0290069369 0.0101388498 0.0259760264
v 0.0293398736 0.0100457693 0.0261682476
v 0.0326716571 0.0250115723 0.0280918536
v 0.0329971613 0.0248883282 0.0282797836
v 0.0324130011 0.0252709098 0.0279425186
v 0.0322616627 0.0256257648 0.0278551433
v 0.0321194633 0.0262028602 0.0277730444
v 0.0320863540 0.0265965583 0.0277539288
v 0.0321880349 0.0269742811 0.0278126342
v 0.0324085967 0.0272769302 0.0279399757
v 0.0231100084 0.0059227800 0.0225714332
v 0.0230337649 0.0055371519 0.0225274140
v 0.0233097775 0.0062441048 0.0226867699
v 0.0236018163 0.0064508517 0.0228553786
v 0.0240863430 0.0066675967 0.0231351203
v 0.0244227862 0.0067419908 0.0233293658
v 0.0247578903 0.0066599326 0.0235228383
v 0.0250392248 0.0064342610 0.0236852668
v 0.0306450958 0.0305522816 0.0269218180
v 0.0309871758 0.0305731362 0.0271193179
v 0.0303227740 0.0306862146 0.0267357254
v 0.0300706407 0.0309539799 0.0265901562
v 0.0297575026 0.0314327902 0.0264093658
v 0.0296034629 0.0317860920 0.0263204309
v 0.0295801089 0.0321807218 0.0263069475
v 0.0296910947 0.0325549357 0.0263710252
v 0.0179401942 0.0051883265 0.0195866396
v 0.0177484576 0.0048605421 0.0194759404
v 0.0182269980 0.0054046240 0.0197522258
v 0.0185639957 0.0054755929 0.0199467915
v 0.0190836109 0.0054755929 0.0202467915
v 0.0194206086 0.0054046240 0.0204413572
v 0.0197074124 0.0051883265 0.0206069435
v 0.0198991489 0.0048605421 0.0207176426
v 0.0310929779 0.0133285539 0.0271804028
v 0.0312616232 0.0129842602 0.0272777702
v 0.0310531361 0.0137214194 0.0271574001
v 0.0311483314 0.0141013891 0.0272123612
v 0.0313799439 0.0146384871 0.0273460827
v 0.0315851741 0.0149551897 0.0274645724
v 0.0318806948 0.0151552310 0.0276351914
v 0.0322202688 0.0152073126 0.0278312445
v 0.0128897163 0.0066599326 0.0166707448
v 0.0126083817 0.0064342610 0.0165083162
v 0.0132248203 0.0067419908 0.0168642172
v 0.0135612635 0.0066675967 0.0170584628
v 0.0140457903 0.0064508517 0.0173382045
v 0.0143378291 0.0062441048 0.0175068131
v 0.0145375981 0.0059227800 0.0176221498
v 0.0146138416 0.0055371519 0.0176661690
v 0.0222916988 0.0373916457 0.0220989820
v 0.0225323316 0.0376731671 0.0222379114
v 0.0219753586 0.0372398838 0.0219163429
v 0.0216328056 0.0372416260 0.0217185698
v 0.0211220378 0.0373518757 0.0214236778
v 0.0208020715 0.0374931389 0.0212389452
v 0.0205545709 0.0377666064 0.0210960507
v 0.0204182599 0.0381294914 0.0210173515
v 0.0086406697 0.0101388498 0.0142175566
v 0.0083077329 0.0100457693 0.0140253355
v 0.0089788164 0.0100755862 0.0144127857
v 0.0092692665 0.0098658766 0.0145804772
v 0.0096532668 0.0094616592 0.0148021798
v 0.0098609052 0.0091470565 0.0149220599
v 0.0099466597 0.0087641012 0.0149715703
v 0.0098971130 0.0083727106 0.0149429645
v 0.0170930356 0.0377666064 0.0190975324
v 0.0172293466 0.0381294914 0.0191762316
v 0.0168455351 0.0374931389 0.0189546378
v 0.0165255688 0.0373518757 0.0187699052
v 0.0160148010 0.0372416260 0.0184750133
v 0.0156722479 0.0372398838 0.0182772402
v 0.0153559077 0.0373916457 0.0180946011
v 0.0151152749 0.0376731671 0.0179556717
v 0.0057669117 0.0151552310 0.0125583917
v 0.0054273377 0.0152073126 0.0123623385
v 0.0060624324 0.0149551897 0.0127290106
v 0.0062676627 0.0146384871 0.0128475004
v 0.0064992751 0.0141013891 0.0129812219
v 0.0065944705 0.0137214194 0.0130361829
v 0.0065546286 0.0133285539 0.0130131803
v 0.0063859833 0.0129842602 0.0129158128
v 0.0080674976 0.0321807218 0.0138866356
v 0.0079565119 0.0325549357 0.0138225579
v 0.0080441437 0.0317860920 0.0138731522
v 0.0078901040 0.0314327902 0.0137842173
v 0.0075769658 0.0309539799 0.0136034269
v 0.0073248326 0.0306862146 0.0134578577
v 0.0070025108 0.0305522816 0.0132717651
v 0.0066604308 0.0305731362 0.0130742652
v 0.0046565593 0.0210315863 0.0119173294
v 0.0043562094 0.0212217960 0.0117439223
v 0.0048695423 0.0207217840 0.0120402952
v 0.0049618352 0.0203408607 0.0120935805
v 0.0050097792 0.0197434202 0.0121212610
v 0.0049796748 0.0193494006 0.0121038802
v 0.0048196176 0.0189996834 0.0120114712
v 0.0045546502 0.0187489854 0.0118584921
v 0.0328279889 0.0189996834 0.0281821119
v 0.0330929564 0.0187489854 0.0283350909
v 0.0326679317 0.0193494006 0.0280897028
v 0.0326378273 0.0197434202 0.0280723220
v 0.0326857714 0.0203408607 0.0281000025
v 0.0327780642 0.0207217840 0.0281532878
v 0.0329910472 0.0210315863 0.0282762536
v 0.0332913971 0.0212217960 0.0284496607
v 0.0087357464 0.0309127569 0.0031933764
v 0.0083939277 0.0293307630 0.0028185864
v 0.0080199526 0.0297385951 0.0028895303
v 0.0085225442 0.0309040806 0.0031797017
v 0.0038525965 0.0288420693 0.0114531613
v 0.0045112285 0.0280186644 0.0118334227
v 0.0036455013 0.0293307631 0.0110431025
v 0.0035199526 0.0297385951 0.0106837590
v 0.0037836460 0.0289387215 0.0114133527
v 0.0040225442 0.0309040806 0.0109739304
v 0.0057092297 0.0307967707 0.0125250889
v 0.0041409879 0.0309127569 0.0111517315
v 0.0046349089 0.0309127586 0.0119048295
v 0.0047432575 0.0309074687 0.0119673846
v 0.0044718165 0.0305762486 0.0118106681
v 0.0069846972 0.0224197753 0.0020049668
v 0.0065000000 0.0226958854 0.0020119853
v 0.0065427642 0.0233450890 0.0020366752
v 0.0066040370 0.0239923122 0.0020720511
v 0.0071265341 0.0241872348 0.0020868569
v 0.0036935138 0.0247000905 0.0113613148
v 0.0023781074 0.0241872351 0.0103113729
v 0.0026554533 0.0243601189 0.0107619903
v 0.0021040370 0.0239923122 0.0098662797
v 0.0027581403 0.0244003812 0.0108212767
v 0.0025737724 0.0221029358 0.0107148318
v 0.0034455261 0.0216098661 0.0112181391
v 0.0022362708 0.0224197755 0.0102294829
v 0.0020000000 0.0226958854 0.0098062139
v 0.0024792409 0.0221643003 0.0106602540
v 0.0025395648 0.0232651822 0.0106950821
v 0.0020427642 0.0233450890 0.0098309038
v 0.0078326932 0.0153876446 0.0024945575
v 0.0072859591 0.0154947424 0.0024657590
v 0.0071227358 0.0161179448 0.0023715220
v 0.0069773908 0.0167470210 0.0022876070
v 0.0074120122 0.0170949155 0.0022516777
v 0.0034896050 0.0152854503 0.0112435880
v 0.0044567453 0.0151893076 0.0118019667
v 0.0030842667 0.0153876449 0.0107190736
v 0.0027859591 0.0154947424 0.0102599876
v 0.0033822595 0.0153032394 0.0111816121
v 0.0037212273 0.0181742981 0.0113773152
v 0.0026635855 0.0170949157 0.0104761937
v 0.0028596230 0.0174242820 0.0108798677
v 0.0024773908 0.0167470210 0.0100818356
v 0.0029427799 0.0175046589 0.0109278784
v 0.0030941051 0.0163549439 0.0110152460
v 0.0026227358 0.0161179448 0.0101657506
v 0.0099245152 0.0096207548 0.0039891301
v 0.0095921821 0.0101467237 0.0037972575
v 0.0098970054 0.0106006050 0.0036863892
v 0.0108233890 0.0091840991 0.0042212365
v 0.0102716819 0.0091077206 0.0041895668
v 0.0064764061 0.0093103519 0.0129680184
v 0.0074083152 0.0096241208 0.0135060564
v 0.0060749624 0.0091840994 0.0124457526
v 0.0057716819 0.0091077206 0.0119837955
v 0.0063707441 0.0092821631 0.0129070145
v 0.0057886274 0.0121007379 0.0125709292
v 0.0051485786 0.0106006051 0.0119109052
v 0.0052198436 0.0110419712 0.0122425418
v 0.0050921821 0.0101467237 0.0115914861
v 0.0052722397 0.0111516073 0.0122727926
v 0.0057730282 0.0101426517 0.0125619230
v 0.0054245152 0.0096207548 0.0117833587
v 0.0145697067 0.0047310005 0.0066710326
v 0.0140952688 0.0050828270 0.0063971158
v 0.0142459016 0.0055813959 0.0061972257
v 0.0155528747 0.0046469621 0.0069518063
v 0.0150539298 0.0043974225 0.0069505990
v 0.0111307915 0.0049846108 0.0156552291
v 0.0119016101 0.0056659150 0.0161002614
v 0.0108044480 0.0046469623 0.0151763223
v 0.0105539298 0.0043974225 0.0147448276
v 0.0110410834 0.0049142512 0.0156034361
v 0.0096165002 0.0072996779 0.0147809526
v 0.0094974749 0.0055813959 0.0144217416
v 0.0094173544 0.0060751529 0.0146659758
v 0.0095952688 0.0050828270 0.0141913444
v 0.0094319132 0.0061992413 0.0146743813
v 0.0102145308 0.0054673101 0.0151262257
v 0.0100697067 0.0047310005 0.0144652612
v 0.0204309512 0.0021090702 0.0100550237
v 0.0198784841 0.0022392383 0.0097360567
v 0.0198713584 0.0027151603 0.0094450846
v 0.0213824068 0.0023889990 0.0103174883
v 0.0209868339 0.0020000000 0.0103759627
v 0.0168241608 0.0028924423 0.0189422974
v 0.0173297855 0.0038492680 0.0192342199
v 0.0166339801 0.0023889991 0.0185420043
v 0.0164868339 0.0020000000 0.0181701914
v 0.0167625221 0.0027894143 0.0189067103
v 0.0146878703 0.0044195279 0.0177089095
v 0.0151229316 0.0027151602 0.0176696006
v 0.0148852583 0.0031946235 0.0178228715
v 0.0153784841 0.0022392383 0.0175302853
v 0.0148600136 0.0033164053 0.0178082965
v 0.0158187633 0.0029603498 0.0183618309
v 0.0159309512 0.0021090702 0.0178492523
v 0.0275246750 0.0027151602 0.0138637285
v 0.0272691225 0.0022392383 0.0140030437
v 0.0267166553 0.0021090702 0.0136840767
v 0.0261607727 0.0020000000 0.0133631377
v 0.0260136265 0.0023889991 0.0129913247
v 0.0227875930 0.0033164053 0.0223852866
v 0.0229597363 0.0044195279 0.0224846735
v 0.0227762482 0.0027151603 0.0220882444
v 0.0227691225 0.0022392383 0.0217972724
v 0.0227623483 0.0031946235 0.0223707116
v 0.0203178211 0.0038492680 0.0209593631
v 0.0212651997 0.0023889990 0.0212158407
v 0.0208850844 0.0027894143 0.0212868728
v 0.0216607727 0.0020000000 0.0211573663
v 0.0208234457 0.0028924423 0.0212512856
v 0.0218288432 0.0029603498 0.0218317521
v 0.0222166553 0.0021090702 0.0214783053
v 0.0331501317 0.0055813959 0.0171115874
v 0.0330523378 0.0050828270 0.0173419846
v 0.0325778999 0.0047310005 0.0170680678
v 0.0320936768 0.0043974225 0.0167885014
v 0.0318431586 0.0046469623 0.0163570067
v 0.0282156933 0.0061992413 0.0255192018
v 0.0280311064 0.0072996779 0.0254126305
v 0.0284017049 0.0055813959 0.0253361034
v 0.0285523378 0.0050828270 0.0251362133
v 0.0282302521 0.0060751529 0.0255276073
v 0.0257459965 0.0056659150 0.0240933217
v 0.0270947319 0.0046469621 0.0245815227
v 0.0266065232 0.0049142512 0.0245901470
v 0.0275936768 0.0043974225 0.0245827301
v 0.0265168150 0.0049846108 0.0245383539
v 0.0274330758 0.0054673101 0.0250673573
v 0.0280778999 0.0047310005 0.0248622964
v 0.0372230913 0.0096207548 0.0197499703
v 0.0368759247 0.0091077206 0.0195495336
v 0.0365726441 0.0091840994 0.0190875765
v 0.0374990279 0.0106006051 0.0196224238
v 0.0375554245 0.0101467237 0.0199418429
v 0.0302392914 0.0096241208 0.0266875266
v 0.0318242175 0.0091840991 0.0273120925
v 0.0312768625 0.0092821631 0.0272865686
v 0.0323759247 0.0091077206 0.0273437622
v 0.0311712005 0.0093103519 0.0272255646
v 0.0323753669 0.0111516073 0.0279207904
v 0.0318589792 0.0121007379 0.0276226539
v 0.0327506012 0.0106006050 0.0278469398
v 0.0330554245 0.0101467237 0.0277360716
v 0.0324277629 0.0110419712 0.0279510413
v 0.0318745784 0.0101426517 0.0276316601
v 0.0327230913 0.0096207548 0.0275441990
v 0.0400248707 0.0161179448 0.0213675784
v 0.0398616474 0.0154947424 0.0212733414
v 0.0395633399 0.0153876449 0.0208142554
v 0.0399840211 0.0170949157 0.0210571353
v 0.0401702157 0.0167470210 0.0214514934
v 0.0331908613 0.0151893076 0.0283916163
v 0.0348149134 0.0153876446 0.0290387715
v 0.0342653471 0.0153032394 0.0290119710
v 0.0353616474 0.0154947424 0.0290675700
v 0.0341580016 0.0152854503 0.0289499950
v 0.0347048267 0.0175046589 0.0292657047
v 0.0339263793 0.0181742981 0.0288162679
v 0.0352355944 0.0170949155 0.0292816513
v 0.0356702157 0.0167470210 0.0292457220
v 0.0347879836 0.0174242820 0.0293137153
v 0.0345535015 0.0163549439 0.0291783370
v 0.0355248707 0.0161179448 0.0291618071
v 0.0402694991 0.0241872351 0.0212219561
v 0.0405435695 0.0239923122 0.0216670493
v 0.0406048423 0.0233450890 0.0217024252
v 0.0406476066 0.0226958854 0.0217271151
v 0.0404113358 0.0224197755 0.0213038461
v 0.0348894663 0.0244003812 0.0293723064
v 0.0339540928 0.0247000905 0.0288322683
v 0.0355210725 0.0241872348 0.0294464722
v 0.0360435695 0.0239923122 0.0294612779
v 0.0349921533 0.0243601189 0.0294315928
v 0.0342020804 0.0216098661 0.0289754440
v 0.0356629093 0.0224197753 0.0295283622
v 0.0351683657 0.0221643003 0.0295333290
v 0.0361476066 0.0226958854 0.0295213438
v 0.0350738342 0.0221029358 0.0294787512
v 0.0351080417 0.0232651822 0.0294985010
v 0.0361048423 0.0233450890 0.0294966538
v 0.0350966947 0.0361182150 0.0185222947
v 0.0355070676 0.0356717147 0.0187592236
v 0.0355259728 0.0351872406 0.0184832805
v 0.0343899520 0.0363830717 0.0178273980
v 0.0346737992 0.0365488535 0.0182781359
v 0.0290175761 0.0361471032 0.0259821690
v 0.0281514651 0.0356409483 0.0254821196
v 0.0296415256 0.0363830715 0.0260519142
v 0.0301737992 0.0365488535 0.0260723645
v 0.0291169533 0.0361972309 0.0260395444
v 0.0301376831 0.0335501587 0.0266288631
v 0.0307775464 0.0351872405 0.0267077967
v 0.0305282988 0.0347115799 0.0268543852
v 0.0310070676 0.0356717147 0.0265534522
v 0.0304942415 0.0345926934 0.0268347222
v 0.0298414230 0.0354782145 0.0264578172
v 0.0305966947 0.0361182150 0.0263165233
v 0.0297524814 0.0399391154 0.0154368117
v 0.0302748278 0.0396939435 0.0157383885
v 0.0304524093 0.0391982581 0.0155540572
v 0.0290189923 0.0398394736 0.0147264730
v 0.0292234202 0.0401642732 0.0151313580
v 0.0256109860 0.0374572900 0.0240153733
v 0.0257039829 0.0391982581 0.0237785734
v 0.0256118801 0.0387032190 0.0240158895
v 0.0257748278 0.0396939435 0.0235326171
v 0.0256173156 0.0385781545 0.0240190277
v 0.0237540777 0.0394116430 0.0229432868
v 0.0231048009 0.0385783903 0.0225684267
v 0.0242705659 0.0398394734 0.0229509892
v 0.0247234202 0.0401642732 0.0229255867
v 0.0238310619 0.0394998385 0.0229877337
v 0.0247315501 0.0391315708 0.0235076308
v 0.0252524814 0.0399391154 0.0232310403
v 0.0235738033 0.0412727889 0.0118695502
v 0.0241375775 0.0412620571 0.0121950454
v 0.0244666275 0.0408221056 0.0120981645
v 0.0229294054 0.0408221057 0.0112106483
v 0.0230100290 0.0412620571 0.0115440550
v 0.0201676423 0.0392123787 0.0208726573
v 0.0197182012 0.0408221057 0.0203226807
v 0.0197786940 0.0403745459 0.0206480980
v 0.0196375775 0.0412620571 0.0199892740
v 0.0198228882 0.0402601939 0.0206736135
v 0.0178247183 0.0402601939 0.0195199696
v 0.0174799643 0.0392123787 0.0193209257
v 0.0181809790 0.0408221056 0.0194351645
v 0.0185100290 0.0412620571 0.0193382836
v 0.0178689125 0.0403745459 0.0195454851
v 0.0188238033 0.0404067635 0.0200967915
v 0.0190738033 0.0412727889 0.0196637788
v 0.0169436236 0.0391982581 0.0077547556
v 0.0168727787 0.0396939435 0.0080007119
v 0.0173951252 0.0399391154 0.0083022887
v 0.0179241864 0.0401642732 0.0086077424
v 0.0183770406 0.0398394734 0.0085823399
v 0.0120302910 0.0385781545 0.0161745554
v 0.0120366206 0.0374572900 0.0161782098
v 0.0121951973 0.0391982581 0.0159792718
v 0.0123727787 0.0396939435 0.0157949405
v 0.0120357264 0.0387032190 0.0161776935
v 0.0145428056 0.0385783903 0.0176251564
v 0.0136286142 0.0398394736 0.0168068560
v 0.0138165447 0.0394998385 0.0172058494
v 0.0134241864 0.0401642732 0.0164019710
v 0.0138935289 0.0394116430 0.0172502963
v 0.0129160564 0.0391315708 0.0166859523
v 0.0128951252 0.0399391154 0.0160965174
v 0.0118700601 0.0351872405 0.0048255324
v 0.0116405389 0.0356717147 0.0049798768
v 0.0120509118 0.0361182150 0.0052168057
v 0.0124738073 0.0365488535 0.0054609645
v 0.0130060810 0.0363830715 0.0054814149
v 0.0094961415 0.0356409483 0.0147114635
v 0.0082576545 0.0363830717 0.0137059310
v 0.0085306533 0.0361972309 0.0141540386
v 0.0079738073 0.0365488535 0.0132551932
v 0.0086300304 0.0361471032 0.0142114140
v 0.0071533651 0.0345926934 0.0133588609
v 0.0075099235 0.0335501587 0.0135647200
v 0.0071216338 0.0351872406 0.0130500486
v 0.0071405389 0.0356717147 0.0127741055
v 0.0071193077 0.0347115799 0.0133391979
v 0.0078061836 0.0354782145 0.0137357658
v 0.0075509118 0.0361182150 0.0130110344
v 0.0329043491 0.0309074687 0.0282261984
v 0.0337950100 0.0288420693 0.0287404218
v 0.0334633053 0.0299401007 0.0285489120
v 0.0338639605 0.0289387215 0.0287802304
v 0.0330126977 0.0309127586 0.0282887535
v 0.0331363780 0.0280186644 0.0283601604
v 0.0319383769 0.0307967707 0.0276684941
v 0.0390021053 0.0293307631 0.0204902265
v 0.0342536789 0.0293307630 0.0287147427
v 0.0391276539 0.0297385951 0.0208495701
v 0.0346276539 0.0297385951 0.0286437987
v 0.0383169066 0.0309197063 0.0200946263
v 0.0335684801 0.0309197060 0.0283191424
v 0.0341250623 0.0309040806 0.0283536273
v 0.0386250623 0.0309040806 0.0205593987
v 0.0343846778 0.0303261214 0.0285035163
v 0.0388846778 0.0303261214 0.0207092877

f 1 2 117
f 2 3 118
f 3 4 119
f 4 5 120
f 5 6 121
f 6 7 122
f 7 8 123
f 8 9 124
f 9 10 125
f 10 11 126
f 11 12 127
f 12 13 128
f 13 14 129
f 14 15 130
f 15 16 131
f 16 17 132
f 17 18 133
f 18 19 134
f 19 20 135
f 20 21 136
f 21 22 137
f 22 23 138
f 23 24 139
f 24 25 140
f 25 26 141
f 26 27 142
f 27 28 143
f 28 29 144
f 29 30 145
f 30 31 146
f 31 32 147
f 32 33 148
f 33 34 149
f 34 35 150
f 35 36 151
f 36 37 152
f 37 38 153
f 38 39 40
f 117 154 41
f 41 42 117
f 117 118 155
f 118 119 156
f 119 120 157
f 120 121 158
f 121 122 159
f 122 123 160
f 123 124 161
f 124 125 162
f 125 126 163
f 126 127 164
f 127 128 165
f 128 129 166
f 129 130 167
f 130 131 168
f 131 132 169
f 132 133 170
f 133 134 171
f 134 135 172
f 135 136 173
f 136 137 174
f 137 138 175
f 138 139 176
f 139 140 177
f 140 141 178
f 141 142 179
f 142 143 180
f 143 144 181
f 144 145 182
f 145 146 183
f 146 147 184
f 147 148 185
f 148 149 186
f 149 150 187
f 150 151 188
f 151 152 189
f 152 153 190
f 153 43 44
f 153 40 43
f 191 45 46
f 46 154 191
f 154 155 192
f 155 156 193
f 156 157 194
f 157 158 195
f 158 159 196
f 159 160 197
f 160 161 198
f 161 162 199
f 162 163 200
f 163 164 201
f 164 165 202
f 165 166 203
f 166 167 204
f 167 168 205
f 168 169 206
f 169 170 207
f 170 171 208
f 171 172 209
f 172 173 210
f 173 174 211
f 174 175 212
f 175 176 213
f 176 177 214
f 177 178 215
f 178 179 216
f 179 180 217
f 180 181 218
f 181 182 219
f 182 183 220
f 183 184 221
f 184 185 222
f 185 186 223
f 186 187 224
f 187 188 225
f 188 189 226
f 189 190 227
f 227 190 47
f 190 44 47
f 191 228 48
f 228 49 48
f 191 192 229
f 192 193 230
f 193 194 231
f 194 195 232
f 195 196 233
f 196 197 234
f 197 198 235
f 198 199 236
f 199 200 237
f 200 201 238
f 201 202 239
f 202 203 240
f 203 204 241
f 204 205 242
f 205 206 243
f 206 207 244
f 207 208 245
f 208 209 246
f 209 210 247
f 210 211 248
f 211 212 249
f 212 213 250
f 213 214 251
f 214 215 252
f 215 216 253
f 216 217 254
f 217 218 255
f 218 219 256
f 219 220 257
f 220 221 258
f 221 222 259
f 222 223 260
f 223 224 261
f 224 225 262
f 225 226 263
f 226 227 264
f 227 50 51
f 51 264 227
f 49 228 52
f 229 53 54
f 54 228 229
f 229 230 55
f 230 56 55
f 230 231 57
f 232 58 59
f 59 231 232
f 232 233 60
f 233 61 60
f 233 234 62
f 235 63 64
f 64 234 235
f 235 236 65
f 236 66 65
f 236 237 67
f 238 68 69
f 69 237 238
f 238 239 70
f 239 71 70
f 239 240 72
f 241 73 74
f 74 240 241
f 241 242 75
f 242 76 75
f 242 243 77
f 244 78 79
f 79 243 244
f 244 245 80
f 245 81 80
f 245 246 82
f 246 247 83
f 248 84 85
f 85 247 248
f 248 249 86
f 249 87 86
f 249 250 88
f 251 89 90
f 90 250 251
f 251 252 91
f 252 92 91
f 252 253 93
f 254 94 95
f 95 253 254
f 254 255 96
f 255 97 96
f 255 256 98
f 257 99 100
f 100 256 257
f 257 258 101
f 258 102 101
f 258 259 103
f 260 104 105
f 105 259 260
f 260 261 106
f 261 107 106
f 261 262 108
f 263 109 110
f 110 262 263
f 263 264 111
f 264 112 111
f 264 113 114
f 114 112 264
f 111 109 263
f 110 108 262
f 108 107 261
f 106 104 260
f 105 103 259
f 103 102 258
f 101 99 257
f 100 98 256
f 98 97 255
f 96 94 254
f 95 93 253
f 93 92 252
f 91 89 251
f 90 88 250
f 88 87 249
f 86 84 248
f 85 83 247
f 83 82 246
f 82 81 245
f 80 78 244
f 79 77 243
f 77 76 242
f 75 73 241
f 74 72 240
f 72 71 239
f 70 68 238
f 69 67 237
f 67 66 236
f 65 63 235
f 64 62 234
f 62 61 233
f 60 58 232
f 59 57 231
f 57 56 230
f 55 53 229
f 54 52 228
f 52 115 49
f 51 113 264
f 264 263 226
f 263 262 225
f 262 261 224
f 261 260 223
f 260 259 222
f 259 258 221
f 258 257 220
f 257 256 219
f 256 255 218
f 255 254 217
f 254 253 216
f 253 252 215
f 252 251 214
f 251 250 213
f 250 249 212
f 249 248 211
f 248 247 210
f 247 246 209
f 246 245 208
f 245 244 207
f 244 243 206
f 243 242 205
f 242 241 204
f 241 240 203
f 240 239 202
f 239 238 201
f 238 237 200
f 237 236 199
f 236 235 198
f 235 234 197
f 234 233 196
f 233 232 195
f 232 231 194
f 231 230 193
f 230 229 192
f 229 228 191
f 48 45 191
f 47 50 227
f 227 226 189
f 226 225 188
f 225 224 187
f 224 223 186
f 223 222 185
f 222 221 184
f 221 220 183
f 220 219 182
f 219 218 181
f 218 217 180
f 217 216 179
f 216 215 178
f 215 214 177
f 214 213 176
f 213 212 175
f 212 211 174
f 211 210 173
f 210 209 172
f 209 208 171
f 208 207 170
f 207 206 169
f 206 205 168
f 205 204 167
f 204 203 166
f 203 202 165
f 202 201 164
f 201 200 163
f 200 199 162
f 199 198 161
f 198 197 160
f 197 196 159
f 196 195 158
f 195 194 157
f 194 193 156
f 193 192 155
f 192 191 154
f 46 41 154
f 44 190 153
f 190 189 152
f 189 188 151
f 188 187 150
f 187 186 149
f 186 185 148
f 185 184 147
f 184 183 146
f 183 182 145
f 182 181 144
f 181 180 143
f 180 179 142
f 179 178 141
f 178 177 140
f 177 176 139
f 176 175 138
f 175 174 137
f 174 173 136
f 173 172 135
f 172 171 134
f 171 170 133
f 170 169 132
f 169 168 131
f 168 167 130
f 167 166 129
f 166 165 128
f 165 164 127
f 164 163 126
f 163 162 125
f 162 161 124
f 161 160 123
f 160 159 122
f 159 158 121
f 158 157 120
f 157 156 119
f 156 155 118
f 155 154 117
f 42 116 117
f 40 153 38
f 153 152 37
f 152 151 36
f 151 150 35
f 150 149 34
f 149 148 33
f 148 147 32
f 147 146 31
f 146 145 30
f 145 144 29
f 144 143 28
f 143 142 27
f 142 141 26
f 141 140 25
f 140 139 24
f 139 138 23
f 138 137 22
f 137 136 21
f 136 135 20
f 135 134 19
f 134 133 18
f 133 132 17
f 132 131 16
f 131 130 15
f 130 129 14
f 129 128 13
f 128 127 12
f 127 126 11
f 126 125 10
f 125 124 9
f 124 123 8
f 123 122 7
f 122 121 6
f 121 120 5
f 120 119 4
f 119 118 3
f 118 117 2
f 117 116 1
f 39 265 363
f 265 266 364
f 266 267 365
f 267 268 366
f 268 269 367
f 269 270 368
f 270 271 369
f 271 272 370
f 272 273 371
f 273 274 372
f 274 275 373
f 275 276 374
f 276 277 375
f 277 278 376
f 278 279 377
f 279 280 378
f 280 281 379
f 281 282 380
f 282 283 381
f 283 284 382
f 284 285 383
f 285 286 384
f 286 287 385
f 287 288 386
f 288 289 387
f 289 290 388
f 290 291 389
f 291 292 390
f 292 293 391
f 293 294 392
f 294 295 393
f 295 296 394
f 296 297 395
f 297 298 396
f 298 299 397
f 299 300 398
f 300 301 399
f 301 1 116
f 363 400 44
f 44 43 363
f 363 364 401
f 364 365 402
f 365 366 403
f 366 367 404
f 367 368 405
f 368 369 406
f 369 370 407
f 370 371 408
f 371 372 409
f 372 373 410
f 373 374 411
f 374 375 412
f 375 376 413
f 376 377 414
f 377 378 415
f 378 379 416
f 379 380 417
f 380 381 418
f 381 382 419
f 382 383 420
f 383 384 421
f 384 385 422
f 385 386 423
f 386 387 424
f 387 388 425
f 388 389 426
f 389 390 427
f 390 391 428
f 391 392 429
f 392 393 430
f 393 394 431
f 394 395 432
f 395 396 433
f 396 397 434
f 397 398 435
f 398 399 436
f 399 42 41
f 399 116 42
f 437 50 47
f 47 400 437
f 400 401 438
f 401 402 439
f 402 403 440
f 403 404 441
f 404 405 442
f 405 406 443
f 406 407 444
f 407 408 445
f 408 409 446
f 409 410 447
f 410 411 448
f 411 412 449
f 412 413 450
f 413 414 451
f 414 415 452
f 415 416 453
f 416 417 454
f 417 418 455
f 418 419 456
f 419 420 457
f 420 421 458
f 421 422 459
f 422 423 460
f 423 424 461
f 424 425 462
f 425 426 463
f 426 427 464
f 427 428 465
f 428 429 466
f 429 430 467
f 430 431 468
f 431 432 469
f 432 433 470
f 433 434 471
f 434 435 472
f 435 436 473
f 473 436 46
f 436 41 46
f 437 474 51
f 474 113 51
f 437 438 475
f 438 439 476
f 439 440 477
f 440 441 478
f 441 442 479
f 442 443 480
f 443 444 481
f 444 445 482
f 445 446 483
f 446 447 484
f 447 448 485
f 448 449 486
f 449 450 487
f 450 451 488
f 451 452 489
f 452 453 490
f 453 454 491
f 454 455 492
f 455 456 493
f 456 457 494
f 457 458 495
f 458 459 496
f 459 460 497
f 460 461 498
f 461 462 499
f 462 463 500
f 463 464 501
f 464 465 502
f 465 466 503
f 466 467 504
f 467 468 505
f 468 469 506
f 469 470 507
f 470 471 508
f 471 472 509
f 472 473 510
f 473 45 48
f 48 510 473
f 113 474 302
f 475 303 304
f 304 474 475
f 475 476 305
f 476 306 305
f 476 477 307
f 478 308 309
f 309 477 478
f 478 479 310
f 479 311 310
f 479 480 312
f 481 313 314
f 314 480 481
f 481 482 315
f 482 316 315
f 482 483 317
f 484 318 319
f 319 483 484
f 484 485 320
f 485 321 320
f 485 486 322
f 487 323 324
f 324 486 487
f 487 488 325
f 488 326 325
f 488 489 327
f 490 328 329
f 329 489 490
f 490 491 330
f 491 331 330
f 491 492 332
f 492 493 333
f 494 334 335
f 335 493 494
f 494 495 336
f 495 337 336
f 495 496 338
f 497 339 340
f 340 496 497
f 497 498 341
f 498 342 341
f 498 499 343
f 500 344 345
f 345 499 500
f 500 501 346
f 501 347 346
f 501 502 348
f 503 349 350
f 350 502 503
f 503 504 351
f 504 352 351
f 504 505 353
f 506 354 355
f 355 505 506
f 506 507 356
f 507 357 356
f 507 508 358
f 509 359 360
f 360 508 509
f 509 510 361
f 510 362 361
f 510 49 115
f 115 362 510
f 361 359 509
f 360 358 508
f 358 357 507
f 356 354 506
f 355 353 505
f 353 352 504
f 351 349 503
f 350 348 502
f 348 347 501
f 346 344 500
f 345 343 499
f 343 342 498
f 341 339 497
f 340 338 496
f 338 337 495
f 336 334 494
f 335 333 493
f 333 332 492
f 332 331 491
f 330 328 490
f 329 327 489
f 327 326 488
f 325 323 487
f 324 322 486
f 322 321 485
f 320 318 484
f 319 317 483
f 317 316 482
f 315 313 481
f 314 312 480
f 312 311 479
f 310 308 478
f 309 307 477
f 307 306 476
f 305 303 475
f 304 302 474
f 302 114 113
f 48 49 510
f 510 509 472
f 509 508 471
f 508 507 470
f 507 506 469
f 506 505 468
f 505 504 467
f 504 503 466
f 503 502 465
f 502 501 464
f 501 500 463
f 500 499 462
f 499 498 461
f 498 497 460
f 497 496 459
f 496 495 458
f 495 494 457
f 494 493 456
f 493 492 455
f 492 491 454
f 491 490 453
f 490 489 452
f 489 488 451
f 488 487 450
f 487 486 449
f 486 485 448
f 485 484 447
f 484 483 446
f 483 482 445
f 482 481 444
f 481 480 443
f 480 479 442
f 479 478 441
f 478 477 440
f 477 476 439
f 476 475 438
f 475 474 437
f 51 50 437
f 46 45 473
f 473 472 435
f 472 471 434
f 471 470 433
f 470 469 432
f 469 468 431
f 468 467 430
f 467 466 429
f 466 465 428
f 465 464 427
f 464 463 426
f 463 462 425
f 462 461 424
f 461 460 423
f 460 459 422
f 459 458 421
f 458 457 420
f 457 456 419
f 456 455 418
f 455 454 417
f 454 453 416
f 453 452 415
f 452 451 414
f 451 450 413
f 450 449 412
f 449 448 411
f 448 447 410
f 447 446 409
f 446 445 408
f 445 444 407
f 444 443 406
f 443 442 405
f 442 441 404
f 441 440 403
f 440 439 402
f 439 438 401
f 438 437 400
f 47 44 400
f 41 436 399
f 436 435 398
f 435 434 397
f 434 433 396
f 433 432 395
f 432 431 394
f 431 430 393
f 430 429 392
f 429 428 391
f 428 427 390
f 427 426 389
f 426 425 388
f 425 424 387
f 424 423 386
f 423 422 385
f 422 421 384
f 421 420 383
f 420 419 382
f 419 418 381
f 418 417 380
f 417 416 379
f 416 415 378
f 415 414 377
f 414 413 376
f 413 412 375
f 412 411 374
f 411 410 373
f 410 409 372
f 409 408 371
f 408 407 370
f 407 406 369
f 406 405 368
f 405 404 367
f 404 403 366
f 403 402 365
f 402 401 364
f 401 400 363
f 43 40 363
f 116 399 301
f 399 398 300
f 398 397 299
f 397 396 298
f 396 395 297
f 395 394 296
f 394 393 295
f 393 392 294
f 392 391 293
f 391 390 292
f 390 389 291
f 389 388 290
f 388 387 289
f 387 386 288
f 386 385 287
f 385 384 286
f 384 383 285
f 383 382 284
f 382 381 283
f 381 380 282
f 380 379 281
f 379 378 280
f 378 377 279
f 377 376 278
f 376 375 277
f 375 374 276
f 374 373 275
f 373 372 274
f 372 371 273
f 371 370 272
f 370 369 271
f 369 368 270
f 368 367 269
f 367 366 268
f 366 365 267
f 365 364 266
f 364 363 265
f 363 40 39
f 511 512 112
f 512 111 112
f 513 110 109
f 109 512 513
f 513 514 107
f 107 108 513
f 514 106 107
f 515 105 104
f 104 514 515
f 515 516 102
f 102 103 515
f 516 101 102
f 517 100 99
f 99 516 517
f 518 97 98
f 518 96 97
f 98 517 518
f 518 519 94
f 519 95 94
f 520 92 93
f 93 519 520
f 520 91 92
f 520 521 89
f 521 90 89
f 522 87 88
f 522 86 87
f 88 521 522
f 522 523 84
f 523 85 84
f 524 82 83
f 83 523 524
f 524 525 81
f 525 80 81
f 526 79 78
f 78 525 526
f 526 527 76
f 76 77 526
f 527 75 76
f 528 74 73
f 73 527 528
f 528 529 71
f 71 72 528
f 529 70 71
f 530 69 68
f 68 529 530
f 531 66 67
f 531 65 66
f 67 530 531
f 531 532 63
f 532 64 63
f 533 61 62
f 62 532 533
f 533 60 61
f 533 534 58
f 534 59 58
f 535 56 57
f 535 55 56
f 57 534 535
f 535 536 53
f 536 54 53
f 537 115 52
f 52 536 537
f 52 54 536
f 53 55 535
f 57 59 534
f 58 60 533
f 62 64 532
f 63 65 531
f 67 69 530
f 68 70 529
f 72 74 528
f 73 75 527
f 77 79 526
f 78 80 525
f 81 82 524
f 83 85 523
f 84 86 522
f 88 90 521
f 89 91 520
f 93 95 519
f 94 96 518
f 98 100 517
f 99 101 516
f 103 105 515
f 104 106 514
f 108 110 513
f 109 111 512
f 112 114 511
f 537 538 362
f 538 361 362
f 539 360 359
f 359 538 539
f 539 540 357
f 357 358 539
f 540 356 357
f 541 355 354
f 354 540 541
f 541 542 352
f 542 351 352
f 352 353 541
f 543 350 349
f 349 542 543
f 544 347 348
f 544 346 347
f 348 543 544
f 544 545 344
f 545 345 344
f 546 342 343
f 343 545 546
f 546 341 342
f 546 547 339
f 547 340 339
f 548 337 338
f 548 336 337
f 338 547 548
f 548 549 334
f 549 335 334
f 550 332 333
f 333 549 550
f 550 551 331
f 551 330 331
f 552 329 328
f 328 551 552
f 552 553 326
f 326 327 552
f 553 325 326
f 554 324 323
f 323 553 554
f 554 555 321
f 555 320 321
f 321 322 554
f 556 319 318
f 318 555 556
f 557 316 317
f 557 315 316
f 317 556 557
f 557 558 313
f 558 314 313
f 559 311 312
f 312 558 559
f 559 310 311
f 559 560 308
f 560 309 308
f 561 306 307
f 307 560 561
f 561 305 306
f 561 562 303
f 562 304 303
f 511 114 302
f 302 562 511
f 302 304 562
f 303 305 561
f 307 309 560
f 308 310 559
f 312 314 558
f 313 315 557
f 317 319 556
f 318 320 555
f 322 324 554
f 323 325 553
f 327 329 552
f 328 330 551
f 331 332 550
f 333 335 549
f 334 336 548
f 338 340 547
f 339 341 546
f 343 345 545
f 344 346 544
f 348 350 543
f 349 351 542
f 353 355 541
f 354 356 540
f 358 360 539
f 359 361 538
f 362 115 537
f 532 531 563
f 531 530 564
f 530 529 565
f 529 528 566
f 566 565 529
f 527 567 566
f 566 528 527
f 526 568 567
f 525 569 568
f 568 526 525
f 567 527 526
f 565 564 530
f 524 523 570
f 569 525 524
f 523 522 571
f 571 570 523
f 522 521 572
f 572 571 522
f 521 520 573
f 519 574 573
f 573 520 519
f 573 572 521
f 570 569 524
f 564 563 531
f 518 575 574
f 517 576 575
f 575 518 517
f 516 577 576
f 515 514 578
f 577 516 515
f 578 577 515
f 514 513 579
f 579 578 514
f 513 512 580
f 512 511 581
f 562 582 581
f 581 511 562
f 581 580 512
f 580 579 513
f 576 517 516
f 574 519 518
f 561 583 582
f 560 584 583
f 559 585 584
f 584 560 559
f 559 558 585
f 583 561 560
f 558 557 586
f 557 556 587
f 587 586 557
f 556 555 588
f 588 587 556
f 555 554 589
f 553 590 589
f 552 591 590
f 590 553 552
f 589 554 553
f 589 588 555
f 586 585 558
f 551 592 591
f 550 549 593
f 592 551 550
f 593 592 550
f 591 552 551
f 549 548 594
f 548 547 595
f 595 594 548
f 547 546 596
f 596 595 547
f 545 597 596
f 544 598 597
f 597 545 544
f 596 546 545
f 543 599 598
f 542 600 599
f 599 543 542
f 541 540 601
f 600 542 541
f 601 600 541
f 598 544 543
f 594 593 549
f 540 539 602
f 539 538 603
f 603 602 539
f 602 601 540
f 538 537 604
f 536 605 604
f 604 537 536
f 535 606 605
f 534 607 606
f 606 535 534
f 533 608 607
f 607 534 533
f 533 532 608
f 605 536 535
f 604 603 538
f 582 562 561
f 563 608 532
f 604 605 609
f 605 610 609
f 606 611 612
f 612 605 606
f 606 607 613
f 608 614 615
f 615 607 608
f 563 616 617
f 617 608 563
f 563 564 618
f 564 619 618
f 564 565 620
f 565 621 620
f 565 566 622
f 566 567 623
f 567 624 623
f 568 625 626
f 626 567 568
f 568 569 627
f 570 628 629
f 629 569 570
f 571 630 631
f 631 570 571
f 571 572 632
f 572 573 633
f 633 634 572
f 573 635 633
f 573 574 636
f 574 575 637
f 575 638 637
f 575 576 639
f 576 640 639
f 576 577 641
f 578 642 643
f 643 577 578
f 579 644 645
f 645 578 579
f 579 580 646
f 581 647 648
f 648 580 581
f 648 646 580
f 646 644 579
f 645 642 578
f 643 641 577
f 641 640 576
f 639 638 575
f 637 636 574
f 636 635 573
f 634 632 572
f 632 630 571
f 631 628 570
f 629 627 569
f 627 625 568
f 626 624 567
f 623 622 566
f 622 621 565
f 620 619 564
f 618 616 563
f 617 614 608
f 615 613 607
f 613 611 606
f 612 610 605
f 609 649 604
f 650 651 610
f 609 610 651
f 651 652 609
f 610 612 650
f 653 651 650
f 653 654 652
f 652 651 653
f 650 655 653
f 656 609 652
f 652 654 656
f 654 657 656
f 658 655 650
f 658 659 655
f 650 612 658
f 660 656 657
f 657 661 660
f 662 660 661
f 661 663 662
f 664 660 662
f 664 649 656
f 656 660 664
f 665 666 664
f 662 665 664
f 649 609 656
f 665 662 663
f 663 667 665
f 658 668 669
f 669 659 658
f 668 670 671
f 671 669 668
f 611 613 672
f 672 670 611
f 670 668 611
f 668 658 611
f 658 612 611
f 613 615 672
f 670 672 673
f 673 671 670
f 672 615 674
f 674 675 672
f 675 673 672
f 676 675 674
f 676 677 678
f 678 679 676
f 674 677 676
f 615 614 677
f 614 678 677
f 677 674 615
f 614 617 678
f 680 679 678
f 680 681 679
f 678 617 680
f 680 682 683
f 683 681 680
f 682 684 685
f 685 683 682
f 616 686 684
f 616 618 686
f 616 682 680
f 680 617 616
f 684 682 616
f 684 686 687
f 687 685 684
f 686 618 688
f 688 689 686
f 689 687 686
f 690 689 688
f 690 691 692
f 692 693 690
f 688 691 690
f 688 618 619
f 620 692 691
f 691 619 620
f 619 691 688
f 694 693 692
f 694 695 693
f 692 620 694
f 694 696 697
f 697 695 694
f 696 698 699
f 699 697 696
f 622 696 694
f 622 698 696
f 622 700 698
f 694 620 621
f 694 621 622
f 622 623 700
f 698 700 701
f 701 699 698
f 700 623 702
f 702 703 700
f 703 701 700
f 704 705 706
f 704 703 702
f 702 705 704
f 706 707 704
f 626 706 705
f 702 623 624
f 624 705 702
f 705 624 626
f 708 707 706
f 708 709 707
f 706 626 708
f 708 710 711
f 711 709 708
f 710 712 713
f 713 711 710
f 625 712 710
f 625 627 714
f 714 712 625
f 710 708 625
f 708 626 625
f 627 629 714
f 712 714 715
f 715 713 712
f 714 629 716
f 716 717 714
f 717 715 714
f 718 719 720
f 718 717 716
f 716 719 718
f 720 721 718
f 629 628 719
f 720 719 628
f 628 631 720
f 719 716 629
f 722 721 720
f 722 723 721
f 720 631 722
f 722 724 725
f 725 723 722
f 724 726 727
f 727 725 724
f 630 632 728
f 728 726 630
f 726 724 630
f 630 724 722
f 722 631 630
f 632 634 728
f 726 728 729
f 729 727 726
f 728 634 730
f 730 731 728
f 731 729 728
f 732 733 734
f 732 731 730
f 730 733 732
f 734 735 732
f 634 633 733
f 633 734 733
f 733 730 634
f 736 735 734
f 736 737 735
f 734 633 736
f 736 738 739
f 739 737 736
f 738 740 741
f 741 739 738
f 636 637 742
f 636 738 736
f 636 740 738
f 736 633 635
f 736 635 636
f 742 740 636
f 740 742 743
f 743 741 740
f 742 637 744
f 744 745 742
f 745 743 742
f 746 745 744
f 746 747 748
f 748 749 746
f 744 747 746
f 639 748 747
f 744 637 638
f 638 747 744
f 747 638 639
f 750 749 748
f 750 751 749
f 748 639 750
f 750 752 753
f 753 751 750
f 752 754 755
f 755 753 752
f 640 754 752
f 640 641 756
f 756 754 640
f 750 639 640
f 752 750 640
f 641 643 756
f 754 756 757
f 757 755 754
f 756 643 758
f 758 759 756
f 759 757 756
f 760 759 758
f 760 761 762
f 762 763 760
f 758 761 760
f 762 761 642
f 643 642 761
f 761 758 643
f 642 645 762
f 764 763 762
f 764 765 763
f 762 645 764
f 764 766 767
f 767 765 764
f 766 768 769
f 769 767 766
f 644 768 766
f 644 646 770
f 770 768 644
f 766 764 644
f 764 645 644
f 646 648 770
f 768 770 771
f 771 769 768
f 770 648 772
f 772 773 770
f 773 771 770
f 774 775 776
f 775 773 772
f 772 776 775
f 776 777 774
f 647 777 776
f 776 648 647
f 776 772 648
f 774 777 778
f 778 779 774
f 778 777 647
f 647 780 778
f 781 779 778
f 781 782 779
f 778 780 781
f 781 783 784
f 784 782 781
f 783 785 786
f 786 784 783
f 787 788 789
f 787 785 783
f 783 781 787
f 781 780 787
f 789 785 787
f 785 789 790
f 790 786 785
f 789 788 791
f 791 792 789
f 792 790 789
f 793 794 795
f 793 792 791
f 791 794 793
f 795 796 793
f 791 788 797
f 798 795 794
f 794 797 798
f 797 794 791
f 799 796 795
f 799 800 796
f 795 798 799
f 799 801 802
f 802 800 799
f 801 803 804
f 804 802 801
f 805 801 799
f 805 806 803
f 803 801 805
f 799 798 807
f 799 807 805
f 805 808 806
f 803 806 809
f 809 804 803
f 806 808 810
f 810 811 806
f 811 809 806
f 812 811 810
f 812 813 814
f 814 815 812
f 810 813 812
f 816 814 813
f 810 808 817
f 817 813 810
f 813 817 816
f 665 818 819
f 665 667 818
f 819 666 665
f 820 821 822
f 820 823 819
f 819 818 820
f 822 823 820
f 666 819 823
f 823 824 666
f 822 825 824
f 823 822 824
f 826 815 814
f 826 827 815
f 814 816 826
f 826 828 829
f 829 827 826
f 828 830 831
f 831 829 828
f 832 830 828
f 832 833 834
f 834 830 832
f 828 826 832
f 826 816 832
f 833 835 834
f 830 834 836
f 836 831 830
f 834 835 837
f 837 838 834
f 838 836 834
f 839 838 837
f 839 840 841
f 841 842 839
f 837 840 839
f 835 843 840
f 841 840 843
f 843 844 841
f 840 837 835
f 845 842 841
f 845 846 842
f 841 844 845
f 845 847 848
f 848 846 845
f 847 849 850
f 850 848 847
f 851 852 849
f 851 853 852
f 849 847 851
f 851 847 845
f 845 844 851
f 853 854 852
f 849 852 855
f 855 850 849
f 852 854 856
f 856 857 852
f 857 855 852
f 858 859 860
f 858 857 856
f 856 859 858
f 860 861 858
f 862 860 859
f 859 854 862
f 859 856 854
f 863 861 860
f 863 864 861
f 860 862 863
f 863 865 866
f 866 864 863
f 865 867 868
f 868 866 865
f 869 870 871
f 869 865 863
f 869 867 865
f 863 862 872
f 863 872 869
f 871 867 869
f 867 871 873
f 873 868 867
f 871 870 874
f 874 875 871
f 875 873 871
f 876 877 878
f 876 875 874
f 874 877 876
f 878 879 876
f 880 878 877
f 874 870 881
f 881 877 874
f 877 881 880
f 882 879 878
f 882 883 879
f 878 880 882
f 882 884 885
f 885 883 882
f 884 886 887
f 887 885 884
f 888 886 884
f 888 889 890
f 890 886 888
f 884 882 888
f 882 880 888
f 889 891 890
f 886 890 892
f 892 887 886
f 890 891 893
f 893 894 890
f 894 892 890
f 895 896 897
f 895 894 893
f 893 896 895
f 897 898 895
f 897 896 899
f 891 899 896
f 896 893 891
f 899 900 897
f 901 898 897
f 901 902 898
f 897 900 901
f 901 903 904
f 904 902 901
f 903 905 906
f 906 904 903
f 907 908 909
f 909 905 907
f 905 903 907
f 907 903 901
f 901 900 907
f 908 910 909
f 905 909 911
f 911 906 905
f 582 787 780
f 780 581 582
f 582 583 788
f 583 797 788
f 583 584 798
f 584 807 798
f 584 585 805
f 585 586 808
f 586 817 808
f 587 832 816
f 816 586 587
f 587 588 833
f 589 843 835
f 835 588 589
f 590 851 844
f 844 589 590
f 590 591 853
f 591 592 862
f 862 854 591
f 592 872 862
f 592 593 869
f 593 594 870
f 594 881 870
f 594 595 880
f 595 888 880
f 595 596 889
f 597 899 891
f 891 596 597
f 598 907 900
f 900 597 598
f 598 599 908
f 600 912 910
f 600 913 912
f 910 599 600
f 600 601 914
f 601 602 825
f 602 824 825
f 602 603 666
f 603 664 666
f 603 604 649
f 649 664 603
f 666 824 602
f 825 914 601
f 914 913 600
f 910 908 599
f 908 907 598
f 900 899 597
f 891 889 596
f 889 888 595
f 880 881 594
f 870 869 593
f 869 872 592
f 854 853 591
f 853 851 590
f 844 843 589
f 835 833 588
f 833 832 587
f 816 817 586
f 808 805 585
f 805 807 584
f 798 797 583
f 788 787 582
f 780 647 581
f 909 910 915
f 915 916 909
f 916 911 909
f 917 825 822
f 822 821 917
f 821 918 917
f 919 916 915
f 919 920 921
f 921 922 919
f 915 920 919
f 912 921 920
f 920 910 912
f 920 915 910
f 923 922 921
f 923 924 922
f 921 912 923
f 914 825 917
f 914 925 923
f 914 926 925
f 923 912 913
f 923 913 914
f 917 926 914
f 923 925 927
f 927 924 923
f 925 926 928
f 928 927 925
f 926 917 918
f 918 928 926
f 802 929 930
f 931 932 933
f 933 802 931
f 931 934 932
f 933 935 802
f 935 929 802
f 930 800 802
f 936 793 796
f 793 936 790
f 790 792 793
f 936 937 786
f 786 790 936
f 796 800 936
f 938 784 939
f 939 940 938
f 940 941 938
f 784 942 939
f 784 943 942
f 943 784 786
f 786 937 943
f 774 779 782
f 938 775 774
f 938 771 773
f 773 775 938
f 782 938 774
f 944 945 769
f 771 946 944
f 938 947 948
f 948 949 938
f 938 950 947
f 949 771 938
f 949 951 771
f 951 946 771
f 769 771 944
f 952 767 953
f 953 954 952
f 954 955 952
f 767 956 953
f 767 957 956
f 957 767 769
f 769 945 957
f 955 958 952
f 767 959 960
f 952 961 962
f 962 767 952
f 952 963 961
f 962 964 767
f 964 959 767
f 960 765 767
f 965 760 763
f 760 965 757
f 757 759 760
f 965 966 755
f 755 757 965
f 763 765 965
f 960 965 765
f 782 784 938
f 967 753 968
f 968 969 967
f 969 970 967
f 753 971 968
f 972 753 755
f 755 966 972
f 972 971 753
f 753 973 974
f 974 751 753
f 967 975 976
f 976 753 967
f 967 977 975
f 976 978 753
f 978 973 753
f 979 746 749
f 746 979 743
f 743 745 746
f 979 980 741
f 741 743 979
f 749 751 979
f 974 979 751
f 981 739 982
f 982 983 981
f 983 984 981
f 739 985 982
f 986 739 741
f 741 980 986
f 986 985 739
f 739 987 988
f 981 989 990
f 990 739 981
f 981 991 989
f 990 992 739
f 992 987 739
f 988 737 739
f 993 732 735
f 732 993 729
f 729 731 732
f 993 994 727
f 727 729 993
f 735 737 993
f 995 725 996
f 996 997 995
f 997 998 995
f 725 999 996
f 725 1000 999
f 1000 725 727
f 727 994 1000
f 998 1001 995
f 988 993 737
f 718 721 723
f 995 715 717
f 717 718 995
f 723 995 718
f 1002 1003 713
f 715 1004 1002
f 715 1005 1004
f 995 1006 1005
f 995 1007 1008
f 995 1009 1007
f 1008 1006 995
f 1005 715 995
f 713 715 1002
f 1010 711 1011
f 1011 1012 1010
f 1012 1013 1010
f 711 1014 1011
f 1015 711 713
f 713 1003 1015
f 1015 1014 711
f 1013 1016 1010
f 711 1017 1018
f 1010 1019 1020
f 1020 711 1010
f 1010 1021 1019
f 1020 1022 711
f 1022 1017 711
f 1018 709 711
f 1023 704 707
f 704 1023 701
f 701 703 704
f 1023 1024 699
f 699 701 1023
f 707 709 1023
f 1018 1023 709
f 1025 697 1026
f 1026 1027 1025
f 1027 1028 1025
f 697 1029 1026
f 697 1030 1029
f 1030 697 699
f 699 1024 1030
f 697 1031 1032
f 1025 1033 1034
f 1034 697 1025
f 1025 1035 1033
f 1034 1036 697
f 1036 1031 697
f 1032 695 697
f 1037 690 693
f 690 1037 687
f 687 689 690
f 1037 1038 685
f 685 687 1037
f 693 695 1037
f 1032 1037 695
f 1028 1039 1025
f 723 725 995
f 1040 683 1041
f 1041 1042 1040
f 1042 1043 1040
f 683 1044 1041
f 683 1045 1044
f 1045 683 685
f 685 1038 1045
f 683 1046 1047
f 1047 681 683
f 1040 1048 1049
f 1049 683 1040
f 1040 1050 1048
f 1049 1051 683
f 1051 1046 683
f 1052 676 679
f 676 1052 673
f 673 675 676
f 1052 1053 671
f 671 673 1052
f 679 681 1052
f 1054 669 1055
f 1055 1056 1054
f 1056 1057 1054
f 669 1058 1055
f 669 1059 1058
f 1059 669 671
f 671 1053 1059
f 1057 1060 1054
f 1047 1052 681
f 1043 1061 1040
f 984 1062 981
f 653 655 659
f 1054 657 654
f 654 653 1054
f 659 1054 653
f 1063 1064 661
f 657 1065 1063
f 1054 1066 1067
f 1054 1068 1069
f 1054 1070 1068
f 1069 1066 1054
f 1067 657 1054
f 1067 1065 657
f 661 657 1063
f 1071 663 1072
f 1072 1073 1071
f 1073 1074 1071
f 663 1075 1072
f 663 1076 1075
f 1076 663 661
f 661 1064 1076
f 663 1077 1078
f 1071 1079 1080
f 1080 663 1071
f 1071 1081 1079
f 1080 1082 663
f 1082 1077 663
f 1078 667 663
f 1083 820 818
f 820 1083 918
f 918 821 820
f 1083 1084 928
f 928 918 1083
f 818 667 1083
f 1078 1083 667
f 1085 927 1086
f 1086 1087 1085
f 1087 1088 1085
f 927 1089 1086
f 927 1090 1089
f 1090 927 928
f 928 1084 1090
f 1088 1091 1085
f 1074 1092 1071
f 919 922 924
f 1085 911 916
f 916 919 1085
f 924 1085 919
f 1093 1094 906
f 911 1095 1093
f 1085 1096 1097
f 1085 1098 1099
f 1085 1100 1098
f 1099 1096 1085
f 1097 911 1085
f 1097 1095 911
f 906 911 1093
f 1101 904 1102
f 1102 1103 1101
f 1103 1104 1101
f 904 1105 1102
f 904 1106 1105
f 1106 904 906
f 906 1094 1106
f 1104 1107 1101
f 895 898 902
f 1101 892 894
f 894 895 1101
f 902 1101 895
f 1108 1109 887
f 892 1110 1108
f 892 1111 1110
f 1101 1112 1111
f 1101 1113 1114
f 1101 1115 1113
f 1114 1112 1101
f 1111 892 1101
f 887 892 1108
f 902 904 1101
f 1116 885 1117
f 1117 1118 1116
f 1118 1119 1116
f 885 1120 1117
f 885 1121 1120
f 1121 885 887
f 887 1109 1121
f 1119 1122 1116
f 885 1123 1124
f 1124 883 885
f 1116 1125 1126
f 1126 885 1116
f 1116 1127 1125
f 1126 1128 885
f 1128 1123 885
f 1129 876 879
f 876 1129 873
f 873 875 876
f 1129 1130 868
f 868 873 1129
f 879 883 1129
f 1131 866 1132
f 1132 1133 1131
f 1133 1134 1131
f 866 1135 1132
f 866 1136 1135
f 1136 866 868
f 868 1130 1136
f 1134 1137 1131
f 1124 1129 883
f 866 1138 1139
f 1131 1140 1141
f 1141 866 1131
f 1131 1142 1140
f 1141 1143 866
f 1143 1138 866
f 1139 864 866
f 1144 858 861
f 858 1144 855
f 855 857 858
f 1144 1145 850
f 850 855 1144
f 861 864 1144
f 1146 848 1147
f 1147 1148 1146
f 1148 1149 1146
f 848 1150 1147
f 1151 848 850
f 850 1145 1151
f 1151 1150 848
f 839 842 846
f 1146 836 838
f 838 839 1146
f 846 1146 839
f 1152 1153 831
f 836 1154 1152
f 1146 1155 1156
f 1146 1157 1158
f 1146 1159 1157
f 1158 1155 1146
f 1156 836 1146
f 1156 1154 836
f 831 836 1152
f 1160 829 1161
f 1161 1162 1160
f 1162 1163 1160
f 829 1164 1161
f 1165 829 831
f 831 1153 1165
f 1165 1164 829
f 1163 1166 1160
f 846 848 1146
f 1149 1167 1146
f 1139 1144 864
f 924 927 1085
f 659 669 1054
f 970 1168 967
f 941 1169 938
f 812 815 827
f 1160 809 811
f 811 812 1160
f 827 1160 812
f 1170 1171 804
f 809 1172 1170
f 809 1173 1172
f 1160 1174 1173
f 1160 1175 1176
f 1160 1177 1175
f 1176 1174 1160
f 1173 809 1160
f 804 809 1170
f 931 802 1178
f 1178 1179 931
f 1179 1180 931
f 802 1181 1178
f 1182 802 804
f 804 1171 1182
f 1182 1181 802
f 1180 1183 931
f 827 829 1160
f 930 936 800
f 1184 1185 939
f 1186 1184 942
f 1187 1186 943
f 943 937 1187
f 942 943 1186
f 939 942 1184
f 1187 937 936
f 936 1188 1187
f 1189 1188 936
f 1190 1189 930
f 1191 1190 929
f 929 935 1191
f 930 929 1190
f 936 930 1189
f 1192 1193 1011
f 1194 1192 1014
f 1195 1194 1015
f 1015 1003 1195
f 1014 1015 1194
f 1011 1014 1192
f 1195 1003 1002
f 1002 1196 1195
f 1197 1196 1002
f 1198 1197 1004
f 1199 1198 1005
f 1005 1006 1199
f 1004 1005 1198
f 1002 1004 1197
f 1200 1201 968
f 1202 1200 971
f 1203 1202 972
f 972 966 1203
f 971 972 1202
f 968 971 1200
f 1203 966 965
f 965 1204 1203
f 1205 1204 965
f 1206 1205 960
f 1207 1206 959
f 959 964 1207
f 960 959 1206
f 965 960 1205
f 1208 1209 1086
f 1210 1208 1089
f 1211 1210 1090
f 1090 1084 1211
f 1089 1090 1210
f 1086 1089 1208
f 1211 1084 1083
f 1083 1212 1211
f 1213 1212 1083
f 1214 1213 1078
f 1215 1214 1077
f 1077 1082 1215
f 1078 1077 1214
f 1083 1078 1213
f 1216 1217 1041
f 1218 1216 1044
f 1219 1218 1045
f 1045 1038 1219
f 1044 1045 1218
f 1041 1044 1216
f 1219 1038 1037
f 1037 1220 1219
f 1221 1220 1037
f 1222 1221 1032
f 1223 1222 1031
f 1031 1036 1223
f 1032 1031 1222
f 1037 1032 1221
f 1224 1225 1102
f 1226 1224 1105
f 1227 1226 1106
f 1106 1094 1227
f 1105 1106 1226
f 1102 1105 1224
f 1227 1094 1093
f 1093 1228 1227
f 1229 1228 1093
f 1230 1229 1095
f 1231 1230 1097
f 1097 1096 1231
f 1095 1097 1230
f 1093 1095 1229
f 1232 1233 1026
f 1234 1232 1029
f 1235 1234 1030
f 1030 1024 1235
f 1029 1030 1234
f 1026 1029 1232
f 1235 1024 1023
f 1023 1236 1235
f 1237 1236 1023
f 1238 1237 1018
f 1239 1238 1017
f 1017 1022 1239
f 1018 1017 1238
f 1023 1018 1237
f 1240 1241 1117
f 1242 1240 1120
f 1243 1242 1121
f 1121 1109 1243
f 1120 1121 1242
f 1117 1120 1240
f 1243 1109 1108
f 1108 1244 1243
f 1245 1244 1108
f 1246 1245 1110
f 1247 1246 1111
f 1111 1112 1247
f 1110 1111 1246
f 1108 1110 1245
f 1248 1249 1072
f 1250 1248 1075
f 1251 1250 1076
f 1076 1064 1251
f 1075 1076 1250
f 1072 1075 1248
f 1251 1064 1063
f 1063 1252 1251
f 1253 1252 1063
f 1254 1253 1065
f 1255 1254 1067
f 1067 1066 1255
f 1065 1067 1254
f 1063 1065 1253
f 1256 1257 1132
f 1258 1256 1135
f 1259 1258 1136
f 1136 1130 1259
f 1135 1136 1258
f 1132 1135 1256
f 1259 1130 1129
f 1129 1260 1259
f 1261 1260 1129
f 1262 1261 1124
f 1263 1262 1123
f 1123 1128 1263
f 1124 1123 1262
f 1129 1124 1261
f 1264 1265 996
f 1266 1264 999
f 1267 1266 1000
f 1000 994 1267
f 999 1000 1266
f 996 999 1264
f 1267 994 993
f 993 1268 1267
f 1269 1268 993
f 1270 1269 988
f 1271 1270 987
f 987 992 1271
f 988 987 1270
f 993 988 1269
f 1272 1273 1147
f 1274 1272 1150
f 1275 1274 1151
f 1151 1145 1275
f 1150 1151 1274
f 1147 1150 1272
f 1275 1145 1144
f 1144 1276 1275
f 1277 1276 1144
f 1278 1277 1139
f 1279 1278 1138
f 1138 1143 1279
f 1139 1138 1278
f 1144 1139 1277
f 1280 1281 982
f 1282 1280 985
f 1283 1282 986
f 986 980 1283
f 985 986 1282
f 982 985 1280
f 1283 980 979
f 979 1284 1283
f 1285 1284 979
f 1286 1285 974
f 1287 1286 973
f 973 978 1287
f 974 973 1286
f 979 974 1285
f 1288 1289 1161
f 1290 1288 1164
f 1291 1290 1165
f 1165 1153 1291
f 1164 1165 1290
f 1161 1164 1288
f 1291 1153 1152
f 1152 1292 1291
f 1293 1292 1152
f 1294 1293 1154
f 1295 1294 1156
f 1156 1155 1295
f 1154 1156 1294
f 1152 1154 1293
f 1296 1297 953
f 1298 1296 956
f 1299 1298 957
f 957 945 1299
f 956 957 1298
f 953 956 1296
f 1299 945 944
f 944 1300 1299
f 1301 1300 944
f 1302 1301 946
f 1303 1302 951
f 951 949 1303
f 946 951 1302
f 944 946 1301
f 1304 1305 1178
f 1306 1304 1181
f 1307 1306 1182
f 1182 1171 1307
f 1181 1182 1306
f 1178 1181 1304
f 1307 1171 1170
f 1170 1308 1307
f 1309 1308 1170
f 1310 1309 1172
f 1311 1310 1173
f 1173 1174 1311
f 1172 1173 1310
f 1170 1172 1309
f 1312 1313 1055
f 1314 1312 1058
f 1315 1314 1059
f 1059 1053 1315
f 1058 1059 1314
f 1055 1058 1312
f 1315 1053 1052
f 1052 1316 1315
f 1317 1316 1052
f 1318 1317 1047
f 1319 1318 1046
f 1046 1051 1319
f 1047 1046 1318
f 1052 1047 1317
f 950 938 1320
f 1321 1322 1323
f 1323 1320 1321
f 938 1169 1321
f 1320 938 1321
f 1324 941 940
f 1325 940 939
f 1326 1321 1169
f 1321 1326 1327
f 1327 1322 1321
f 941 1324 1328
f 1328 1326 941
f 1169 941 1326
f 939 1185 1325
f 940 1325 1324
f 1322 1327 1329
f 1329 1323 1322
f 1303 949 948
f 1330 948 947
f 947 1331 1332
f 1331 1320 1323
f 1331 947 950
f 950 1320 1331
f 1323 1329 1331
f 1332 1333 947
f 947 1333 1330
f 948 1330 1303
f 1326 1331 1329
f 1326 1334 1331
f 1329 1327 1326
f 1326 1328 1334
f 1331 1334 1332
f 931 1335 1336
f 931 1183 1335
f 931 1337 1338
f 1338 1339 931
f 1339 934 931
f 1336 1337 931
f 1191 935 933
f 1340 933 932
f 932 1341 1342
f 1341 1339 1338
f 1341 932 934
f 934 1339 1341
f 1338 1343 1341
f 1342 1344 932
f 932 1344 1340
f 933 1340 1191
f 1345 1180 1179
f 1346 1179 1178
f 1345 1335 1183
f 1335 1347 1348
f 1335 1345 1349
f 1349 1347 1335
f 1348 1336 1335
f 1183 1180 1345
f 1178 1305 1346
f 1179 1346 1345
f 1350 1351 1348
f 1348 1347 1350
f 1350 1341 1343
f 1350 1342 1341
f 1343 1351 1350
f 1347 1349 1350
f 1348 1351 1337
f 1343 1338 1337
f 1337 1351 1343
f 1337 1336 1348
f 1160 1352 1353
f 1160 1166 1352
f 1160 1354 1355
f 1355 1356 1160
f 1356 1177 1160
f 1353 1354 1160
f 1357 1163 1162
f 1358 1162 1161
f 1357 1352 1166
f 1359 1360 1353
f 1352 1357 1361
f 1361 1359 1352
f 1353 1352 1359
f 1166 1163 1357
f 1161 1289 1358
f 1162 1358 1357
f 1311 1174 1176
f 1362 1176 1175
f 1175 1363 1364
f 1363 1356 1355
f 1363 1175 1177
f 1177 1356 1363
f 1355 1365 1363
f 1364 1366 1175
f 1175 1366 1362
f 1176 1362 1311
f 1367 1368 1360
f 1360 1359 1367
f 1367 1363 1365
f 1367 1364 1363
f 1365 1368 1367
f 1359 1361 1367
f 1355 1354 1368
f 1353 1360 1368
f 1368 1354 1353
f 1368 1365 1355
f 1146 1369 1370
f 1370 1371 1146
f 1146 1372 1373
f 1146 1167 1372
f 1373 1369 1146
f 1371 1159 1146
f 1374 1149 1148
f 1375 1148 1147
f 1376 1372 1167
f 1372 1376 1377
f 1377 1373 1372
f 1149 1374 1378
f 1378 1376 1149
f 1167 1149 1376
f 1147 1273 1375
f 1148 1375 1374
f 1295 1155 1158
f 1379 1158 1157
f 1157 1380 1381
f 1380 1371 1370
f 1380 1157 1159
f 1159 1371 1380
f 1370 1382 1380
f 1381 1383 1157
f 1157 1383 1379
f 1158 1379 1295
f 1384 1380 1382
f 1384 1381 1380
f 1384 1385 1377
f 1377 1376 1384
f 1376 1378 1384
f 1382 1385 1384
f 1377 1385 1369
f 1382 1370 1369
f 1369 1385 1382
f 1369 1373 1377
f 1131 1386 1387
f 1387 1388 1131
f 1131 1389 1390
f 1131 1137 1389
f 1390 1386 1131
f 1388 1142 1131
f 1391 1134 1133
f 1392 1133 1132
f 1391 1389 1137
f 1389 1393 1394
f 1389 1391 1395
f 1395 1393 1389
f 1394 1390 1389
f 1137 1134 1391
f 1132 1257 1392
f 1133 1392 1391
f 1279 1143 1141
f 1396 1141 1140
f 1388 1397 1398
f 1397 1388 1387
f 1387 1399 1397
f 1400 1140 1142
f 1142 1388 1400
f 1398 1400 1388
f 1140 1400 1396
f 1141 1396 1279
f 1401 1397 1399
f 1401 1398 1397
f 1401 1402 1394
f 1394 1393 1401
f 1393 1395 1401
f 1399 1402 1401
f 1394 1402 1386
f 1399 1387 1386
f 1386 1402 1399
f 1386 1390 1394
f 1116 1403 1404
f 1404 1405 1116
f 1116 1406 1407
f 1116 1122 1406
f 1407 1403 1116
f 1405 1127 1116
f 1408 1119 1118
f 1409 1118 1117
f 1408 1406 1122
f 1406 1410 1411
f 1406 1408 1412
f 1412 1410 1406
f 1411 1407 1406
f 1122 1119 1408
f 1117 1241 1409
f 1118 1409 1408
f 1263 1128 1126
f 1413 1126 1125
f 1405 1414 1415
f 1405 1404 1416
f 1416 1414 1405
f 1417 1125 1127
f 1127 1405 1417
f 1415 1417 1405
f 1125 1417 1413
f 1126 1413 1263
f 1418 1419 1411
f 1411 1410 1418
f 1418 1414 1416
f 1418 1415 1414
f 1416 1419 1418
f 1410 1412 1418
f 1411 1419 1403
f 1416 1404 1403
f 1403 1419 1416
f 1403 1407 1411
f 1101 1420 1421
f 1101 1107 1420
f 1101 1422 1423
f 1423 1424 1101
f 1424 1115 1101
f 1421 1422 1101
f 1425 1104 1103
f 1426 1103 1102
f 1427 1420 1107
f 1420 1427 1428
f 1428 1421 1420
f 1104 1425 1429
f 1429 1427 1104
f 1107 1104 1427
f 1102 1225 1426
f 1103 1426 1425
f 1247 1112 1114
f 1430 1114 1113
f 1424 1431 1432
f 1424 1423 1433
f 1433 1431 1424
f 1434 1113 1115
f 1115 1424 1434
f 1432 1434 1424
f 1113 1434 1430
f 1114 1430 1247
f 1435 1436 1428
f 1428 1427 1435
f 1435 1431 1433
f 1435 1432 1431
f 1433 1436 1435
f 1427 1429 1435
f 1422 1421 1428
f 1422 1436 1433
f 1433 1423 1422
f 1428 1436 1422
f 1085 1437 1438
f 1085 1091 1437
f 1085 1439 1440
f 1440 1441 1085
f 1441 1100 1085
f 1438 1439 1085
f 1442 1088 1087
f 1443 1087 1086
f 1444 1437 1091
f 1444 1445 1438
f 1438 1437 1444
f 1088 1442 1446
f 1446 1444 1088
f 1091 1088 1444
f 1086 1209 1443
f 1087 1443 1442
f 1231 1096 1099
f 1447 1099 1098
f 1441 1448 1449
f 1441 1440 1450
f 1450 1448 1441
f 1451 1098 1100
f 1100 1441 1451
f 1449 1451 1441
f 1098 1451 1447
f 1099 1447 1231
f 1452 1453 1445
f 1445 1444 1452
f 1452 1448 1450
f 1452 1449 1448
f 1450 1453 1452
f 1444 1446 1452
f 1453 1450 1440
f 1453 1439 1438
f 1438 1445 1453
f 1440 1439 1453
f 1071 1454 1455
f 1455 1456 1071
f 1071 1457 1458
f 1071 1092 1457
f 1458 1454 1071
f 1456 1081 1071
f 1215 1082 1080
f 1459 1080 1079
f 1456 1460 1461
f 1456 1455 1462
f 1462 1460 1456
f 1463 1079 1081
f 1081 1456 1463
f 1461 1463 1456
f 1079 1463 1459
f 1080 1459 1215
f 1464 1074 1073
f 1465 1073 1072
f 1464 1457 1092
f 1457 1466 1467
f 1457 1464 1468
f 1468 1466 1457
f 1467 1458 1457
f 1092 1074 1464
f 1072 1249 1465
f 1073 1465 1464
f 1469 1460 1462
f 1469 1461 1460
f 1469 1470 1467
f 1467 1466 1469
f 1466 1468 1469
f 1462 1470 1469
f 1467 1470 1454
f 1462 1455 1454
f 1454 1470 1462
f 1454 1458 1467
f 1054 1471 1472
f 1472 1473 1054
f 1054 1474 1475
f 1054 1060 1474
f 1475 1471 1054
f 1473 1070 1054
f 1255 1066 1069
f 1476 1069 1068
f 1473 1477 1478
f 1473 1472 1479
f 1479 1477 1473
f 1480 1068 1070
f 1070 1473 1480
f 1478 1480 1473
f 1068 1480 1476
f 1069 1476 1255
f 1481 1057 1056
f 1482 1056 1055
f 1483 1474 1060
f 1483 1484 1475
f 1475 1474 1483
f 1057 1481 1485
f 1485 1483 1057
f 1060 1057 1483
f 1055 1313 1482
f 1056 1482 1481
f 1486 1477 1479
f 1486 1478 1477
f 1486 1487 1484
f 1484 1483 1486
f 1483 1485 1486
f 1479 1487 1486
f 1484 1487 1471
f 1471 1487 1479
f 1479 1472 1471
f 1471 1475 1484
f 1040 1488 1489
f 1040 1061 1488
f 1040 1490 1491
f 1491 1492 1040
f 1492 1050 1040
f 1489 1490 1040
f 1493 1043 1042
f 1494 1042 1041
f 1495 1488 1061
f 1495 1496 1489
f 1489 1488 1495
f 1043 1493 1497
f 1497 1495 1043
f 1061 1043 1495
f 1041 1217 1494
f 1042 1494 1493
f 1319 1051 1049
f 1498 1049 1048
f 1492 1499 1500
f 1492 1491 1501
f 1501 1499 1492
f 1502 1048 1050
f 1050 1492 1502
f 1500 1502 1492
f 1048 1502 1498
f 1049 1498 1319
f 1503 1504 1496
f 1496 1495 1503
f 1503 1499 1501
f 1503 1500 1499
f 1501 1504 1503
f 1495 1497 1503
f 1490 1489 1496
f 1490 1504 1501
f 1501 1491 1490
f 1496 1504 1490
f 1010 1505 1506
f 1506 1507 1010
f 1010 1508 1509
f 1010 1016 1508
f 1509 1505 1010
f 1507 1021 1010
f 1510 1013 1012
f 1511 1012 1011
f 1512 1508 1016
f 1508 1512 1513
f 1513 1509 1508
f 1013 1510 1514
f 1514 1512 1013
f 1016 1013 1512
f 1011 1193 1511
f 1012 1511 1510
f 1239 1022 1020
f 1515 1020 1019
f 1019 1516 1517
f 1516 1507 1506
f 1516 1019 1021
f 1021 1507 1516
f 1506 1518 1516
f 1517 1519 1019
f 1019 1519 1515
f 1020 1515 1239
f 1520 1516 1518
f 1520 1517 1516
f 1520 1521 1513
f 1513 1512 1520
f 1512 1514 1520
f 1518 1521 1520
f 1513 1521 1505
f 1518 1506 1505
f 1505 1521 1518
f 1505 1509 1513
f 995 1522 1523
f 1523 1524 995
f 995 1525 1526
f 995 1001 1525
f 1526 1522 995
f 1524 1009 995
f 1199 1006 1008
f 1527 1008 1007
f 1007 1528 1529
f 1528 1524 1523
f 1528 1007 1009
f 1009 1524 1528
f 1523 1530 1528
f 1529 1531 1007
f 1007 1531 1527
f 1008 1527 1199
f 1532 998 997
f 1533 997 996
f 1534 1525 1001
f 1534 1535 1526
f 1526 1525 1534
f 998 1532 1536
f 1536 1534 998
f 1001 998 1534
f 996 1265 1533
f 997 1533 1532
f 1537 1528 1530
f 1537 1529 1528
f 1537 1538 1535
f 1535 1534 1537
f 1534 1536 1537
f 1530 1538 1537
f 1523 1522 1538
f 1526 1535 1538
f 1538 1522 1526
f 1538 1530 1523
f 981 1539 1540
f 1540 1541 981
f 981 1542 1543
f 981 1062 1542
f 1543 1539 981
f 1541 991 981
f 1271 992 990
f 1544 990 989
f 1541 1545 1546
f 1545 1541 1540
f 1540 1547 1545
f 1548 989 991
f 991 1541 1548
f 1546 1548 1541
f 989 1548 1544
f 990 1544 1271
f 1549 984 983
f 1550 983 982
f 1549 1542 1062
f 1542 1551 1552
f 1542 1549 1553
f 1553 1551 1542
f 1552 1543 1542
f 1062 984 1549
f 982 1281 1550
f 983 1550 1549
f 1554 1545 1547
f 1554 1546 1545
f 1554 1555 1552
f 1552 1551 1554
f 1551 1553 1554
f 1547 1555 1554
f 1552 1555 1539
f 1547 1540 1539
f 1539 1555 1547
f 1539 1543 1552
f 967 1556 1557
f 967 1168 1556
f 967 1558 1559
f 1559 1560 967
f 1560 977 967
f 1557 1558 967
f 1561 970 969
f 1562 969 968
f 1563 1556 1168
f 1556 1563 1564
f 1564 1557 1556
f 970 1561 1565
f 1565 1563 970
f 1168 970 1563
f 968 1201 1562
f 969 1562 1561
f 1287 978 976
f 1566 976 975
f 1560 1567 1568
f 1567 1560 1559
f 1559 1569 1567
f 1570 975 977
f 977 1560 1570
f 1568 1570 1560
f 975 1570 1566
f 976 1566 1287
f 1571 1572 1564
f 1564 1563 1571
f 1571 1567 1569
f 1571 1568 1567
f 1569 1572 1571
f 1563 1565 1571
f 1558 1557 1564
f 1558 1572 1569
f 1569 1559 1558
f 1564 1572 1558
f 952 1573 1574
f 952 958 1573
f 952 1575 1576
f 1576 1577 952
f 1577 963 952
f 1574 1575 952
f 1207 964 962
f 1578 962 961
f 961 1579 1580
f 1579 1577 1576
f 1579 961 963
f 963 1577 1579
f 1576 1581 1579
f 1580 1582 961
f 961 1582 1578
f 962 1578 1207
f 1583 955 954
f 1584 954 953
f 1585 1573 958
f 1585 1586 1574
f 1574 1573 1585
f 955 1583 1587
f 1587 1585 955
f 958 955 1585
f 953 1297 1584
f 954 1584 1583
f 1588 1589 1586
f 1586 1585 1588
f 1588 1579 1581
f 1588 1580 1579
f 1581 1589 1588
f 1585 1587 1588
f 1586 1589 1575
f 1581 1576 1575
f 1575 1589 1581
f 1575 1574 1586
f 7 1318 1319
f 7 1317 1318
f 7 6 1316
f 6 1315 1316
f 5 1314 1315
f 1315 6 5
f 1316 1317 7
f 1312 1314 5
f 1313 1312 4
f 1482 1255 1476
f 1476 1481 1482
f 1480 1478 1486
f 1486 1481 1480
f 1481 1476 1480
f 1486 1485 1481
f 1313 1254 1255
f 1482 1313 1255
f 4 1254 1313
f 3 2 1253
f 1254 4 3
f 1 1251 1252
f 1 301 1250
f 1250 1251 1
f 1252 2 1
f 1252 1253 2
f 1253 1254 3
f 5 4 1312
f 1248 1250 301
f 1249 1248 300
f 1463 1461 1469
f 1469 1464 1463
f 1469 1468 1464
f 1459 1463 1465
f 1249 1215 1459
f 1465 1249 1459
f 1249 1214 1215
f 1464 1465 1463
f 300 1214 1249
f 1214 300 299
f 299 298 1212
f 297 1210 1211
f 1211 298 297
f 1211 1212 298
f 1212 1213 299
f 299 1213 1214
f 1208 1210 297
f 1451 1449 1452
f 1452 1442 1451
f 1452 1446 1442
f 1447 1451 1443
f 1209 1231 1447
f 1443 1209 1447
f 1442 1443 1451
f 1231 1208 296
f 296 1230 1231
f 1209 1208 1231
f 297 296 1208
f 1230 296 295
f 294 1228 1229
f 294 1227 1228
f 294 1226 1227
f 1229 295 294
f 295 1229 1230
f 292 1224 1226
f 1226 293 292
f 1226 294 293
f 1426 1247 1430
f 1430 1425 1426
f 1434 1432 1435
f 1435 1425 1434
f 1425 1430 1434
f 1435 1429 1425
f 1426 1225 1247
f 1247 1224 291
f 291 1246 1247
f 1225 1224 1247
f 1246 291 290
f 290 1245 1246
f 290 289 1244
f 288 1242 1243
f 1243 289 288
f 1243 1244 289
f 1240 1242 288
f 288 287 1240
f 1244 1245 290
f 1417 1415 1418
f 1418 1408 1417
f 1418 1412 1408
f 1413 1417 1409
f 1241 1263 1413
f 1409 1241 1413
f 1408 1409 1417
f 1263 1240 287
f 287 1262 1263
f 1262 287 286
f 286 1261 1262
f 285 1260 1261
f 285 284 1259
f 1259 1260 285
f 284 1258 1259
f 1261 286 285
f 1241 1240 1263
f 283 1256 1258
f 1258 284 283
f 1391 1400 1401
f 1400 1398 1401
f 1401 1395 1391
f 1396 1400 1392
f 1257 1279 1396
f 1392 1257 1396
f 1391 1392 1400
f 1279 1256 282
f 282 1278 1279
f 1257 1256 1279
f 283 282 1256
f 1278 282 281
f 281 280 1276
f 280 1275 1276
f 280 279 1274
f 1274 1275 280
f 1272 1274 279
f 279 278 1272
f 1273 1272 278
f 1375 1295 1379
f 1379 1374 1375
f 1383 1381 1384
f 1384 1374 1383
f 1374 1379 1383
f 1384 1378 1374
f 1273 1294 1295
f 1375 1273 1295
f 278 1294 1273
f 1294 278 277
f 277 1293 1294
f 276 1292 1293
f 276 275 1291
f 1291 1292 276
f 275 1290 1291
f 274 1288 1290
f 1290 275 274
f 274 273 1288
f 1289 1288 273
f 1366 1364 1367
f 1367 1357 1366
f 1367 1361 1357
f 1362 1366 1358
f 1289 1311 1362
f 1358 1289 1362
f 1289 1310 1311
f 1357 1358 1366
f 273 1310 1289
f 1293 277 276
f 1276 1277 281
f 1310 273 272
f 271 1307 1308
f 1308 272 271
f 271 270 1306
f 1306 1307 271
f 1308 1309 272
f 272 1309 1310
f 1304 1306 270
f 1345 1344 1350
f 1344 1342 1350
f 1350 1349 1345
f 1340 1344 1346
f 1305 1191 1340
f 1346 1305 1340
f 1345 1346 1344
f 1191 1304 269
f 269 1190 1191
f 1190 269 268
f 268 1189 1190
f 267 1188 1189
f 267 266 1187
f 1187 1188 267
f 266 1186 1187
f 265 1184 1186
f 1186 266 265
f 1189 268 267
f 265 1303 1185
f 1324 1333 1334
f 1333 1332 1334
f 1334 1328 1324
f 1330 1333 1325
f 1185 1303 1330
f 1325 1185 1330
f 1324 1325 1333
f 1303 265 39
f 39 1302 1303
f 1302 39 38
f 38 1301 1302
f 1185 1184 265
f 38 1206 1298
f 1298 1299 38
f 1299 1300 38
f 1206 1296 1298
f 1584 1207 1578
f 1578 1583 1584
f 1582 1580 1588
f 1588 1583 1582
f 1583 1578 1582
f 1588 1587 1583
f 1297 1206 1207
f 1584 1297 1207
f 1297 1296 1206
f 1300 1301 38
f 1305 1304 1191
f 270 269 1304
f 281 1277 1278
f 1206 35 34
f 1206 37 36
f 36 35 1206
f 1206 38 37
f 33 1204 1205
f 33 32 1203
f 1203 1204 33
f 32 1202 1203
f 31 1200 1202
f 1202 32 31
f 1201 1200 31
f 1570 1568 1571
f 1571 1561 1570
f 1571 1565 1561
f 1566 1570 1562
f 1201 1287 1566
f 1562 1201 1566
f 30 1286 1287
f 1287 1201 30
f 1561 1562 1570
f 31 30 1201
f 1205 34 33
f 30 29 1285
f 28 1283 1284
f 1284 29 28
f 28 27 1282
f 1282 1283 28
f 1284 1285 29
f 1285 1286 30
f 1280 1282 27
f 1281 1280 26
f 1549 1548 1554
f 1548 1546 1554
f 1554 1553 1549
f 1544 1548 1550
f 1281 1271 1544
f 1550 1281 1544
f 1281 1270 1271
f 1549 1550 1548
f 26 1270 1281
f 1270 26 25
f 24 1268 1269
f 24 23 1267
f 23 1266 1267
f 1267 1268 24
f 1264 1266 23
f 23 22 1264
f 1269 25 24
f 1532 1531 1537
f 1531 1529 1537
f 1537 1536 1532
f 1527 1531 1533
f 1265 1199 1527
f 1533 1265 1527
f 1532 1533 1531
f 1199 22 21
f 1199 1264 22
f 21 1198 1199
f 21 20 1197
f 1197 1198 21
f 19 1195 1196
f 1196 20 19
f 19 18 1194
f 1194 1195 19
f 1196 1197 20
f 1265 1264 1199
f 25 1269 1270
f 27 26 1280
f 1192 1194 18
f 1510 1519 1520
f 1519 1517 1520
f 1520 1514 1510
f 1515 1519 1511
f 1193 1239 1515
f 1511 1193 1515
f 1510 1511 1519
f 1239 1192 17
f 17 1238 1239
f 1238 17 16
f 16 1237 1238
f 1193 1192 1239
f 15 1236 1237
f 14 1234 1235
f 1235 15 14
f 1235 1236 15
f 1237 16 15
f 1232 1234 14
f 1590 1591 1592
f 1591 1593 1592
f 1592 1594 1590
f 1595 1591 1596
f 1233 1223 1595
f 1596 1233 1595
f 1590 1596 1591
f 1223 1232 13
f 13 1222 1223
f 12 11 1221
f 1222 13 12
f 1221 1222 12
f 1233 1232 1223
f 10 1219 1220
f 10 9 1218
f 1218 1219 10
f 1220 11 10
f 1220 1221 11
f 1216 1218 9
f 1217 1216 8
f 7 1498 1494
f 1498 1493 1494
f 1502 1500 1503
f 1503 1493 1502
f 1493 1498 1502
f 1503 1497 1493
f 1494 1217 7
f 8 7 1217
f 9 8 1216
f 14 13 1232
f 18 17 1192
f 34 1205 1206
f 292 291 1224
f 301 300 1248
f 1319 1498 7
f 1223 1036 1034
f 1595 1034 1033
f 1597 1598 1593
f 1597 1599 1600
f 1600 1598 1597
f 1591 1033 1035
f 1035 1597 1591
f 1593 1591 1597
f 1033 1591 1595
f 1034 1595 1223
f 1590 1028 1027
f 1596 1027 1026
f 1590 1601 1039
f 1602 1603 1604
f 1601 1590 1594
f 1594 1602 1601
f 1604 1601 1602
f 1039 1028 1590
f 1026 1233 1596
f 1027 1596 1590
f 1592 1605 1603
f 1603 1602 1592
f 1592 1598 1600
f 1592 1593 1598
f 1600 1605 1592
f 1602 1594 1592
f 1599 1606 1605
f 1604 1603 1605
f 1605 1606 1604
f 1605 1600 1599
f 1025 1601 1604
f 1025 1039 1601
f 1025 1606 1599
f 1599 1597 1025
f 1597 1035 1025
f 1604 1606 1025
