# Generated from RecurDyn RMD GGEOM
# patches: 3212, nodes: 1606
# extracted triangles: 3212

v 0.0087286189 0.0120033963 0.0142683341
v 0.0094438861 0.0110732894 0.0146812938
v 0.0102232277 0.0102145633 0.0151312469
v 0.0110613200 0.0094330837 0.0156151197
v 0.0119524379 0.0087341892 0.0161296069
v 0.0128904941 0.0081226537 0.0166711939
v 0.0138690809 0.0076026547 0.0172361812
v 0.0148815135 0.0071777444 0.0178207095
v 0.0159208759 0.0068508252 0.0184207856
v 0.0169800683 0.0066241305 0.0190323106
v 0.0180518552 0.0064992087 0.0196511071
v 0.0191289153 0.0064769132 0.0202729480
v 0.0202038912 0.0065573963 0.0208935857
v 0.0212694397 0.0067401081 0.0215087804
v 0.0223182820 0.0070238007 0.0221143298
v 0.0233432535 0.0074065361 0.0227060973
v 0.0243373525 0.0078856998 0.0232800407
v 0.0252937884 0.0084580186 0.0238322392
v 0.0262060278 0.0091195831 0.0243589209
v 0.0270678391 0.0098658740 0.0248564878
v 0.0278733353 0.0106917935 0.0253215413
v 0.0286170139 0.0115916996 0.0257509043
v 0.0292937951 0.0125594452 0.0261416441
v 0.0298990555 0.0135884195 0.0264910914
v 0.0304286608 0.0146715936 0.0267968591
v 0.0308789931 0.0158015683 0.0270568586
v 0.0312469762 0.0169706247 0.0272693138
v 0.0315300965 0.0181707771 0.0274327734
v 0.0317264199 0.0193938271 0.0275461207
v 0.0318346054 0.0206314200 0.0276085816
v 0.0318539139 0.0218751019 0.0276197294
v 0.0317842135 0.0231163771 0.0275794878
v 0.0316259803 0.0243467665 0.0274881319
v 0.0313802954 0.0255578653 0.0273462856
v 0.0310488368 0.0267414005 0.0271549179
v 0.0306338689 0.0278892872 0.0269153361
v 0.0301382262 0.0289936842 0.0266291767
v 0.0295652946 0.0300470475 0.0262983944
v 0.0289189877 0.0310421815 0.0259252490
v 0.0287300523 0.0308870271 0.0258725078
v 0.0089560108 0.0122956390 0.0145902077
v 0.0089035267 0.0121970395 0.0144396342
v 0.0286831835 0.0308485382 0.0258594244
v 0.0285265410 0.0307499388 0.0258892586
v 0.0089855405 0.0124050105 0.0148069211
v 0.0089909100 0.0123612024 0.0146903311
v 0.0284223820 0.0306843754 0.0259090967
v 0.0089774655 0.0124708925 0.0149822584
v 0.0089551594 0.0124785484 0.0150396437
v 0.0283240968 0.0306405673 0.0259720418
v 0.0281762878 0.0305746853 0.0260667036
v 0.0095424864 0.0116287446 0.0156619811
v 0.0102804012 0.0108156650 0.0160880165
v 0.0098830544 0.0112534859 0.0158586082
v 0.0110129291 0.0101326189 0.0165109417
v 0.0110739437 0.0100757259 0.0165461684
v 0.0119176932 0.0094139818 0.0170333074
v 0.0128058860 0.0088349532 0.0175461058
v 0.0122592781 0.0091912965 0.0172305216
v 0.0135899534 0.0084183175 0.0179987873
v 0.0137324549 0.0083425954 0.0180810606
v 0.0146910704 0.0079402717 0.0186345175
v 0.0156751843 0.0076307303 0.0192026960
v 0.0149938288 0.0078450426 0.0188093152
v 0.0164466926 0.0074656074 0.0196481265
v 0.0166780741 0.0074160858 0.0197817146
v 0.0176928890 0.0072978043 0.0203676183
v 0.0187126967 0.0072766940 0.0209564046
v 0.0179281737 0.0072929338 0.0205034600
v 0.0194173987 0.0073294547 0.0213632645
v 0.0197305310 0.0073528989 0.0215440515
v 0.0207394391 0.0075258985 0.0221265448
v 0.0217325290 0.0077945110 0.0226999055
v 0.0208921711 0.0075672097 0.0222147247
v 0.0223297825 0.0080175319 0.0230447300
v 0.0227030169 0.0081569017 0.0232602170
v 0.0236442735 0.0086105949 0.0238036517
v 0.0245498690 0.0091524914 0.0243264975
v 0.0237139037 0.0086522607 0.0238438528
v 0.0250149736 0.0094897896 0.0245950258
v 0.0254136172 0.0097788897 0.0248251828
v 0.0262296179 0.0104855107 0.0252963010
v 0.0269922970 0.0112675275 0.0257366340
v 0.0276964446 0.0121195981 0.0261431738
v 0.0273172805 0.0116607815 0.0259242633
v 0.0282879798 0.0129654485 0.0264846968
v 0.0283372506 0.0130359020 0.0265131434
v 0.0289103378 0.0140101800 0.0268440154
v 0.0294117913 0.0150357767 0.0271335297
v 0.0291031889 0.0144046084 0.0269553580
v 0.0297726084 0.0159411398 0.0273418476
v 0.0298381857 0.0161056863 0.0273797086
v 0.0301866082 0.0172126002 0.0275808705
v 0.0304546789 0.0183489571 0.0277356412
v 0.0302690790 0.0175621955 0.0276284850
v 0.0305976795 0.0192398181 0.0278182026
v 0.0306405665 0.0195069945 0.0278429634
v 0.0307430013 0.0206788017 0.0279021041
v 0.0307612834 0.0218563743 0.0279126593
v 0.0307472192 0.0209504851 0.0279045394
v 0.0307155912 0.0226700941 0.0278862789
v 0.0306952880 0.0230316681 0.0278745569
v 0.0305454660 0.0241966548 0.0277880571
v 0.0303128406 0.0253433762 0.0276537508
v 0.0305096894 0.0243730146 0.0277674015
v 0.0301196989 0.0260330252 0.0275422403
v 0.0299990011 0.0264639992 0.0274725555
v 0.0296060913 0.0275508687 0.0272457089
v 0.0291367951 0.0285965602 0.0269747606
v 0.0295700077 0.0276312707 0.0272248760
v 0.0288446863 0.0291336168 0.0268061115
v 0.0285943183 0.0295939308 0.0266615615
v 0.0281377437 0.0305670294 0.0261147140
v 0.0279823666 0.0305361673 0.0263082510
v 0.0088652400 0.0125094105 0.0152709728
v 0.0088687617 0.0121585507 0.0144055864
v 0.0095783847 0.0112449345 0.0148041587
v 0.0103449247 0.0104003139 0.0152467207
v 0.0111692503 0.0096316711 0.0157226454
v 0.0120457306 0.0089442566 0.0162286815
v 0.0129683782 0.0083427663 0.0167613723
v 0.0139308906 0.0078313090 0.0173170791
v 0.0149266928 0.0074133783 0.0178920058
v 0.0159489824 0.0070918292 0.0184822250
v 0.0169907763 0.0068688581 0.0190837050
v 0.0180449579 0.0067459883 0.0196923370
v 0.0191043261 0.0067240590 0.0203039635
v 0.0201616443 0.0068032201 0.0209144064
v 0.0212096899 0.0069829307 0.0215194959
v 0.0222413038 0.0072619633 0.0221150984
v 0.0232494389 0.0076384118 0.0226971455
v 0.0242272087 0.0081097047 0.0232616612
v 0.0251679341 0.0086726225 0.0238047892
v 0.0260651889 0.0093233200 0.0243228195
v 0.0269128439 0.0100573523 0.0248122134
v 0.0277051089 0.0108697051 0.0252696278
v 0.0284365718 0.0117548292 0.0256919381
v 0.0291022360 0.0127066785 0.0260762595
v 0.0296975543 0.0137187507 0.0264199667
v 0.0302184602 0.0147841324 0.0267207118
v 0.0306613953 0.0158955460 0.0269764405
v 0.0310233339 0.0170453993 0.0271854059
v 0.0313018036 0.0182258377 0.0273461804
v 0.0314949022 0.0194287977 0.0274576659
v 0.0316013106 0.0206460618 0.0275191009
v 0.0316203019 0.0218693147 0.0275300655
v 0.0315517464 0.0230902006 0.0274904850
v 0.0313961124 0.0243003795 0.0274006297
v 0.0311544631 0.0254915845 0.0272611134
v 0.0308284492 0.0266556787 0.0270728891
v 0.0304202976 0.0277847101 0.0268372427
v 0.0299327964 0.0288709662 0.0265557838
v 0.0293692758 0.0299070268 0.0262304350
v 0.0096605628 0.0113997778 0.0149828147
v 0.0104155543 0.0105678820 0.0154187093
v 0.0112274609 0.0098108193 0.0158874638
v 0.0120907363 0.0091337613 0.0163858761
v 0.0129994836 0.0085413329 0.0169105415
v 0.0139474950 0.0080375809 0.0174578762
v 0.0149282948 0.0076259467 0.0180241412
v 0.0159351829 0.0073092419 0.0186054683
v 0.0169612814 0.0070896301 0.0191978866
v 0.0179995810 0.0069686114 0.0197973491
v 0.0190429891 0.0069470125 0.0203997610
v 0.0200843780 0.0070249809 0.0210010072
v 0.0211166340 0.0072019841 0.0215969805
v 0.0221327059 0.0074768129 0.0221836099
v 0.0231256528 0.0078475899 0.0227568880
v 0.0240886918 0.0083117824 0.0233128989
v 0.0250152444 0.0088662195 0.0238478443
v 0.0258989814 0.0095071138 0.0243580701
v 0.0267338660 0.0102300873 0.0248400909
v 0.0275141949 0.0110302014 0.0252906140
v 0.0282346378 0.0119019906 0.0257065619
v 0.0288902733 0.0128394995 0.0260850932
v 0.0294766227 0.0138363241 0.0264236222
v 0.0299896808 0.0148856551 0.0267198365
v 0.0304259427 0.0159803244 0.0269717124
v 0.0307824285 0.0171128544 0.0271775295
v 0.0310567028 0.0182755087 0.0273358819
v 0.0312468922 0.0194603452 0.0274456878
v 0.0313516975 0.0206592703 0.0275061972
v 0.0313704027 0.0218640941 0.0275169966
v 0.0313028800 0.0230665864 0.0274780124
v 0.0311495908 0.0242585331 0.0273895108
v 0.0309115821 0.0254317918 0.0272520964
v 0.0305904798 0.0265783481 0.0270667079
v 0.0301884773 0.0276903698 0.0268346117
v 0.0297083207 0.0287602606 0.0265573931
v 0.0291532900 0.0297807122 0.0262369460
v 0.0096823763 0.0115226621 0.0151997739
v 0.0104282029 0.0107008648 0.0156303771
v 0.0112302537 0.0099529921 0.0160934413
v 0.0120830497 0.0092841530 0.0165858033
v 0.0129807656 0.0086989161 0.0171040998
v 0.0139172690 0.0082012793 0.0176447903
v 0.0148861627 0.0077946419 0.0182041814
v 0.0158808282 0.0074817817 0.0187784517
v 0.0168944708 0.0072648358 0.0193636786
v 0.0179201663 0.0071452861 0.0199558642
v 0.0189509083 0.0071239494 0.0205509633
v 0.0199796557 0.0072009714 0.0211449109
v 0.0209993811 0.0073758259 0.0217336496
v 0.0220031187 0.0076473185 0.0223131578
v 0.0229840121 0.0080135946 0.0228794769
v 0.0239353607 0.0084721522 0.0234287383
v 0.0248506658 0.0090198589 0.0239571899
v 0.0257236751 0.0096529733 0.0244612220
v 0.0265484248 0.0103671706 0.0249373915
v 0.0273192812 0.0111575721 0.0253824457
v 0.0280309786 0.0120187784 0.0257933444
v 0.0286786553 0.0129449069 0.0261672807
v 0.0292578870 0.0139296309 0.0265017002
v 0.0297647170 0.0149662240 0.0267943187
v 0.0301956831 0.0160476050 0.0270431371
v 0.0305478414 0.0171663870 0.0272464558
v 0.0308187863 0.0183149278 0.0274028859
v 0.0310066670 0.0194853814 0.0275113588
v 0.0311102000 0.0206697526 0.0275711337
v 0.0311286781 0.0218599509 0.0275818020
v 0.0310619752 0.0230478461 0.0275432910
v 0.0309105467 0.0242253236 0.0274558638
v 0.0306754272 0.0253843400 0.0273201175
v 0.0303582228 0.0265169781 0.0271369794
v 0.0299611003 0.0276155008 0.0269077006
v 0.0294867723 0.0286724042 0.0266338473
v 0.0289384792 0.0296804684 0.0263172901
v 0.0096416899 0.0116015586 0.0154337987
v 0.0103816323 0.0107862449 0.0158610046
v 0.0111773552 0.0100442727 0.0163204154
v 0.0120234231 0.0093807104 0.0168088930
v 0.0129140564 0.0088000908 0.0173231003
v 0.0138431712 0.0083063801 0.0178595250
v 0.0148044208 0.0079029509 0.0184145027
v 0.0157912387 0.0075925590 0.0189842423
v 0.0167968842 0.0073773247 0.0195648520
v 0.0178144874 0.0072587183 0.0201523655
v 0.0188370973 0.0072375499 0.0207427696
v 0.0198577283 0.0073139642 0.0213320312
v 0.0208694086 0.0074874392 0.0219161250
v 0.0218652272 0.0077567898 0.0224910612
v 0.0228383817 0.0081201762 0.0230529122
v 0.0237822246 0.0085751160 0.0235978402
v 0.0246903084 0.0091185015 0.0241221226
v 0.0255564299 0.0097466209 0.0246221781
v 0.0263746728 0.0104551835 0.0250945908
v 0.0271394475 0.0112393490 0.0255361337
v 0.0278455299 0.0120937609 0.0259437906
v 0.0284880967 0.0130125826 0.0263147767
v 0.0290627585 0.0139895376 0.0266465578
v 0.0295655898 0.0150179524 0.0269368676
v 0.0299931558 0.0160908017 0.0271837230
v 0.0303425357 0.0172007571 0.0273854376
v 0.0306113430 0.0183402364 0.0275406335
v 0.0307977414 0.0195014557 0.0276482507
v 0.0309004576 0.0206764827 0.0277075539
v 0.0309187899 0.0218572909 0.0277181381
v 0.0308526132 0.0230358141 0.0276799310
v 0.0307023795 0.0242040018 0.0275931935
v 0.0304691150 0.0253538741 0.0274585181
v 0.0301544132 0.0264775762 0.0272768250
v 0.0297604237 0.0275674320 0.0270493551
v 0.0292898381 0.0286159969 0.0267776623
v 0.0287458707 0.0296161079 0.0264636026
v 0.0282037204 0.0319722883 0.0255122892
v 0.0274243788 0.0328310145 0.0250623362
v 0.0265862866 0.0336124940 0.0245784634
v 0.0256951687 0.0343113886 0.0240639762
v 0.0247571124 0.0349229241 0.0235223892
v 0.0237785256 0.0354429230 0.0229574018
v 0.0227660931 0.0358678334 0.0223728736
v 0.0217267307 0.0361947525 0.0217727974
v 0.0206675383 0.0364214473 0.0211612724
v 0.0195957514 0.0365463691 0.0205424760
v 0.0185186913 0.0365686646 0.0199206350
v 0.0174437154 0.0364881815 0.0192999974
v 0.0163781669 0.0363054696 0.0186848027
v 0.0153293246 0.0360217771 0.0180792533
v 0.0143043531 0.0356390417 0.0174874857
v 0.0133102540 0.0351598780 0.0169135424
v 0.0123538181 0.0345875592 0.0163613439
v 0.0114415787 0.0339259947 0.0158346622
v 0.0105797675 0.0331797038 0.0153370952
v 0.0097742713 0.0323537843 0.0148720418
v 0.0090305926 0.0314538781 0.0144426787
v 0.0083538115 0.0304861325 0.0140519390
v 0.0077485510 0.0294571582 0.0137024917
v 0.0072189458 0.0283739842 0.0133967239
v 0.0067686135 0.0272440095 0.0131367245
v 0.0064006303 0.0260749530 0.0129242693
v 0.0061175100 0.0248748007 0.0127608097
v 0.0059211866 0.0236517507 0.0126474623
v 0.0058130012 0.0224141578 0.0125850014
v 0.0057936927 0.0211704759 0.0125738537
v 0.0058633931 0.0199292006 0.0126140952
v 0.0060216262 0.0186988112 0.0127054512
v 0.0062673112 0.0174877124 0.0128472974
v 0.0065987697 0.0163041773 0.0130386651
v 0.0070137377 0.0151562906 0.0132782470
v 0.0075093803 0.0140518935 0.0135644064
v 0.0080823120 0.0129985302 0.0138951886
v 0.0273051202 0.0314168332 0.0259172426
v 0.0265672054 0.0322299128 0.0254912073
v 0.0269645522 0.0317920919 0.0257206155
v 0.0258346775 0.0329129588 0.0250682821
v 0.0257736629 0.0329698519 0.0250330553
v 0.0249299134 0.0336315959 0.0245459163
v 0.0240417206 0.0342106245 0.0240331179
v 0.0245883284 0.0338542812 0.0243487021
v 0.0232576532 0.0346272603 0.0235804364
v 0.0231151517 0.0347029824 0.0234981631
v 0.0221565361 0.0351053061 0.0229447062
v 0.0211724222 0.0354148475 0.0223765277
v 0.0218537778 0.0352005352 0.0227699086
v 0.0204009139 0.0355799703 0.0219310972
v 0.0201695325 0.0356294920 0.0217975091
v 0.0191547176 0.0357477734 0.0212116054
v 0.0181349098 0.0357688838 0.0206228192
v 0.0189194329 0.0357526439 0.0210757637
v 0.0174302078 0.0357161230 0.0202159592
v 0.0171170755 0.0356926789 0.0200351722
v 0.0161081675 0.0355196793 0.0194526789
v 0.0151150776 0.0352510667 0.0188793182
v 0.0159554354 0.0354783681 0.0193644990
v 0.0145178240 0.0350280458 0.0185344937
v 0.0141445896 0.0348886761 0.0183190067
v 0.0132033331 0.0344349829 0.0177755720
v 0.0122977376 0.0338930863 0.0172527262
v 0.0131337029 0.0343933171 0.0177353710
v 0.0118326330 0.0335557881 0.0169841979
v 0.0114339894 0.0332666881 0.0167540409
v 0.0106179886 0.0325600671 0.0162829227
v 0.0098553095 0.0317780503 0.0158425897
v 0.0091511620 0.0309259797 0.0154360499
v 0.0095303260 0.0313847962 0.0156549604
v 0.0085596268 0.0300801293 0.0150945269
v 0.0085103559 0.0300096757 0.0150660804
v 0.0079372688 0.0290353977 0.0147352083
v 0.0074358153 0.0280098010 0.0144456940
v 0.0077444176 0.0286409694 0.0146238657
v 0.0070749981 0.0271044380 0.0142373762
v 0.0070094209 0.0269398914 0.0141995151
v 0.0066609983 0.0258329775 0.0139983532
v 0.0063929276 0.0246966207 0.0138435826
v 0.0065785275 0.0254833823 0.0139507387
v 0.0062499270 0.0238057596 0.0137610211
v 0.0062070400 0.0235385833 0.0137362603
v 0.0061046053 0.0223667760 0.0136771196
v 0.0060863232 0.0211892035 0.0136665644
v 0.0061003873 0.0220950926 0.0136746843
v 0.0061320154 0.0203754837 0.0136929448
v 0.0061523185 0.0200139096 0.0137046668
v 0.0063021406 0.0188489230 0.0137911667
v 0.0065347659 0.0177022015 0.0139254729
v 0.0063379172 0.0186725632 0.0138118223
v 0.0067279077 0.0170125526 0.0140369834
v 0.0068486054 0.0165815786 0.0141066683
v 0.0072415152 0.0154947091 0.0143335148
v 0.0077108114 0.0144490175 0.0146044631
v 0.0072775989 0.0154143071 0.0143543478
v 0.0080029202 0.0139119610 0.0147731122
v 0.0082532882 0.0134516470 0.0149176623
v 0.0280300671 0.0318006433 0.0254572425
v 0.0272635271 0.0326452639 0.0250146804
v 0.0264392015 0.0334139067 0.0245387558
v 0.0255627212 0.0341013211 0.0240327197
v 0.0246400736 0.0347028114 0.0235000288
v 0.0236775612 0.0352142688 0.0229443220
v 0.0226817590 0.0356321995 0.0223693954
v 0.0216594693 0.0359537486 0.0217791761
v 0.0206176754 0.0361767196 0.0211776962
v 0.0195634938 0.0362995894 0.0205690641
v 0.0185041257 0.0363215187 0.0199574376
v 0.0174468075 0.0362423577 0.0193469947
v 0.0163987619 0.0360626471 0.0187419053
v 0.0153671480 0.0357836145 0.0181463027
v 0.0143590129 0.0354071660 0.0175642556
v 0.0133812430 0.0349358731 0.0169997400
v 0.0124405177 0.0343729553 0.0164566119
v 0.0115432629 0.0337222578 0.0159385816
v 0.0106956079 0.0329882255 0.0154491878
v 0.0099033429 0.0321758727 0.0149917734
v 0.0091718800 0.0312907485 0.0145694631
v 0.0085062158 0.0303388993 0.0141851417
v 0.0079108974 0.0293268271 0.0138414345
v 0.0073899915 0.0282614454 0.0135406893
v 0.0069470565 0.0271500318 0.0132849606
v 0.0065851179 0.0260001785 0.0130759953
v 0.0063066482 0.0248197400 0.0129152207
v 0.0061135496 0.0236167801 0.0128037352
v 0.0060071412 0.0223995160 0.0127423003
v 0.0059881499 0.0211762630 0.0127313356
v 0.0060567054 0.0199553772 0.0127709162
v 0.0062123393 0.0187451983 0.0128607715
v 0.0064539887 0.0175539932 0.0130002878
v 0.0067800026 0.0163898990 0.0131885120
v 0.0071881542 0.0152608677 0.0134241585
v 0.0076756554 0.0141746116 0.0137056174
v 0.0082391759 0.0131385510 0.0140309661
v 0.0278342574 0.0316458000 0.0254754022
v 0.0270792658 0.0324776958 0.0250395076
v 0.0262673593 0.0332347585 0.0245707531
v 0.0254040838 0.0339118165 0.0240723408
v 0.0244953366 0.0345042449 0.0235476753
v 0.0235473251 0.0350079968 0.0230003407
v 0.0225665254 0.0354196311 0.0224340757
v 0.0215596372 0.0357363358 0.0218527485
v 0.0205335387 0.0359559476 0.0212603303
v 0.0194952391 0.0360769663 0.0206608677
v 0.0184518311 0.0360985652 0.0200584558
v 0.0174104422 0.0360205968 0.0194572097
v 0.0163781861 0.0358435937 0.0188612364
v 0.0153621143 0.0355687649 0.0182746070
v 0.0143691674 0.0351979879 0.0177013288
v 0.0134061284 0.0347337953 0.0171453180
v 0.0124795757 0.0341793583 0.0166103726
v 0.0115958387 0.0335384640 0.0161001468
v 0.0107609542 0.0328154905 0.0156181260
v 0.0099806253 0.0320153763 0.0151676029
v 0.0092601824 0.0311435872 0.0147516550
v 0.0086045469 0.0302060783 0.0143731237
v 0.0080181974 0.0292092536 0.0140345946
v 0.0075051394 0.0281599227 0.0137383804
v 0.0070688774 0.0270652534 0.0134865045
v 0.0067123917 0.0259327234 0.0132806873
v 0.0064381173 0.0247700691 0.0131223350
v 0.0062479279 0.0235852326 0.0130125291
v 0.0061431227 0.0223863075 0.0129520197
v 0.0061244175 0.0211814837 0.0129412203
v 0.0061919401 0.0199789913 0.0129802045
v 0.0063452293 0.0187870447 0.0130687061
v 0.0065832380 0.0176137860 0.0132061204
v 0.0069043404 0.0164672297 0.0133915090
v 0.0073063429 0.0153552080 0.0136236052
v 0.0077864995 0.0142853172 0.0139008237
v 0.0083415302 0.0132648656 0.0142212709
v 0.0276354585 0.0315229157 0.0255649907
v 0.0268896319 0.0323447130 0.0251343875
v 0.0260875811 0.0330925856 0.0246713233
v 0.0252347851 0.0337614248 0.0241789613
v 0.0243370692 0.0343466616 0.0236606648
v 0.0234005657 0.0348442985 0.0231199742
v 0.0224316720 0.0352509359 0.0225605832
v 0.0214370066 0.0355637961 0.0219863129
v 0.0204233640 0.0357807420 0.0214010860
v 0.0193976685 0.0359002916 0.0208089004
v 0.0183669265 0.0359216283 0.0202138013
v 0.0173381791 0.0358446064 0.0196198537
v 0.0163184537 0.0356697519 0.0190311149
v 0.0153147160 0.0353982593 0.0184516067
v 0.0143338226 0.0350319832 0.0178852877
v 0.0133824741 0.0345734255 0.0173360263
v 0.0124671689 0.0340257188 0.0168075746
v 0.0115941597 0.0333926044 0.0163035425
v 0.0107694099 0.0326784072 0.0158273730
v 0.0099985535 0.0318880057 0.0153823189
v 0.0092868562 0.0310267993 0.0149714202
v 0.0086391795 0.0301006709 0.0145974839
v 0.0080599478 0.0291159468 0.0142630643
v 0.0075531178 0.0280793538 0.0139704459
v 0.0071221517 0.0269979728 0.0137216275
v 0.0067699934 0.0258791907 0.0135183088
v 0.0064990485 0.0247306500 0.0133618787
v 0.0063111678 0.0235601964 0.0132534057
v 0.0062076348 0.0223758251 0.0131936309
v 0.0061891566 0.0211856268 0.0131829626
v 0.0062558596 0.0199977317 0.0132214735
v 0.0064072880 0.0188202542 0.0133089008
v 0.0066424075 0.0176612378 0.0134446471
v 0.0069596119 0.0165285997 0.0136277851
v 0.0073567345 0.0154300769 0.0138570640
v 0.0078310624 0.0143731736 0.0141309173
v 0.0083793556 0.0133651094 0.0144474745
v 0.0274531302 0.0314440191 0.0257172385
v 0.0267131879 0.0322593328 0.0252900326
v 0.0259174649 0.0330013050 0.0248306218
v 0.0250713971 0.0336648673 0.0243421442
v 0.0241807638 0.0342454870 0.0238279369
v 0.0232516489 0.0347391976 0.0232915122
v 0.0222903994 0.0351426268 0.0227365345
v 0.0213035814 0.0354530187 0.0221667949
v 0.0202979360 0.0356682530 0.0215861852
v 0.0192803327 0.0357868595 0.0209986717
v 0.0182577228 0.0358080279 0.0204082676
v 0.0172370918 0.0357316136 0.0198190060
v 0.0162254116 0.0355581386 0.0192349122
v 0.0152295930 0.0352887880 0.0186599760
v 0.0142564384 0.0349254016 0.0180981250
v 0.0133125956 0.0344704618 0.0175531970
v 0.0124045118 0.0339270762 0.0170289146
v 0.0115383902 0.0332989568 0.0165288591
v 0.0107201474 0.0325903943 0.0160564464
v 0.0099553727 0.0318062287 0.0156149035
v 0.0092492903 0.0309518169 0.0152072466
v 0.0086067235 0.0300329952 0.0148362605
v 0.0080320617 0.0290560402 0.0145044794
v 0.0075292303 0.0280276254 0.0142141696
v 0.0071016644 0.0269547760 0.0139673142
v 0.0067522844 0.0258448206 0.0137655996
v 0.0064834771 0.0247053414 0.0136104037
v 0.0062970788 0.0235441221 0.0135027865
v 0.0061943626 0.0223690951 0.0134434833
v 0.0061760302 0.0211882869 0.0134328991
v 0.0062422069 0.0200097637 0.0134711063
v 0.0063924407 0.0188415760 0.0135578437
v 0.0066257052 0.0176917037 0.0136925191
v 0.0069404070 0.0165680016 0.0138742122
v 0.0073343964 0.0154781457 0.0141016822
v 0.0078049821 0.0144295809 0.0143733749
v 0.0083489495 0.0134294699 0.0146874346
v 0.0085152400 0.0125094105 0.0158771905
v 0.0095258196 0.0112447313 0.0164606490
v 0.0106610482 0.0101299293 0.0171160735
v 0.0119043713 0.0091812609 0.0178339064
v 0.0132376587 0.0084125598 0.0186036803
v 0.0146414680 0.0078350353 0.0194141699
v 0.0160953285 0.0074571090 0.0202535567
v 0.0175780395 0.0072842921 0.0211096003
v 0.0190679799 0.0073191045 0.0219698178
v 0.0205434230 0.0075610386 0.0228216653
v 0.0219828535 0.0080065665 0.0236527208
v 0.0233652812 0.0086491913 0.0244508658
v 0.0246705473 0.0094795421 0.0252044615
v 0.0258796179 0.0104855107 0.0259025188
v 0.0269748622 0.0116524276 0.0265348584
v 0.0279403091 0.0129632765 0.0270922594
v 0.0287618800 0.0143989425 0.0275665936
v 0.0294275948 0.0159384902 0.0279509442
v 0.0299277456 0.0175594695 0.0282397065
v 0.0302550394 0.0192382429 0.0284286696
v 0.0304047032 0.0209503302 0.0285150780
v 0.0303745548 0.0226707652 0.0284976718
v 0.0301650337 0.0243744601 0.0283767048
v 0.0297791953 0.0260365713 0.0281539409
v 0.0292226658 0.0276328613 0.0278326284
v 0.0285035609 0.0291400527 0.0274174530
v 0.0276323666 0.0305361673 0.0269144687
v 0.0266217869 0.0318008465 0.0263310103
v 0.0254865584 0.0329156484 0.0256755858
v 0.0242432352 0.0338643169 0.0249577528
v 0.0229099478 0.0346330180 0.0241879790
v 0.0215061386 0.0352105425 0.0233774893
v 0.0200522781 0.0355884687 0.0225381026
v 0.0185695670 0.0357612857 0.0216820590
v 0.0170796266 0.0357264733 0.0208218415
v 0.0156041835 0.0354845392 0.0199699940
v 0.0141647531 0.0350390113 0.0191389384
v 0.0127823254 0.0343963865 0.0183407934
v 0.0114770593 0.0335660356 0.0175871977
v 0.0102679886 0.0325600671 0.0168891405
v 0.0091727443 0.0313931502 0.0162568009
v 0.0082072975 0.0300823012 0.0156993999
v 0.0073857265 0.0286466353 0.0152250657
v 0.0067200118 0.0271070876 0.0148407151
v 0.0062198609 0.0254861083 0.0145519528
v 0.0058925672 0.0238073348 0.0143629897
v 0.0057429033 0.0220952476 0.0142765812
v 0.0057730518 0.0203748126 0.0142939874
v 0.0059825728 0.0186711176 0.0144149545
v 0.0063684113 0.0170090065 0.0146377184
v 0.0069249407 0.0154127165 0.0149590308
v 0.0076440457 0.0139055251 0.0153742063
v 0.0272945105 0.0230062231 0.0267194075
v 0.0273835605 0.0215426188 0.0267708205
v 0.0270336962 0.0244421938 0.0265688262
v 0.0266059760 0.0258237815 0.0263218819
v 0.0260193176 0.0271252499 0.0259831745
v 0.0252846493 0.0283223550 0.0255590135
v 0.0244156566 0.0293927971 0.0250573003
v 0.0234285271 0.0303166358 0.0244873809
v 0.0223416493 0.0310766618 0.0238598717
v 0.0211752695 0.0316587172 0.0231864620
v 0.0199511154 0.0320519594 0.0224796963
v 0.0186919904 0.0322490631 0.0217527402
v 0.0174213498 0.0322463567 0.0210191355
v 0.0161628632 0.0320438904 0.0202925479
v 0.0149399737 0.0316454359 0.0195865123
v 0.0137754616 0.0310584157 0.0189141809
v 0.0126910195 0.0302937648 0.0182880780
v 0.0117068484 0.0293657272 0.0177198665
v 0.0108412817 0.0282915905 0.0172201313
v 0.0101104431 0.0270913638 0.0167981815
v 0.0095279469 0.0257874051 0.0164618772
v 0.0091046438 0.0244040047 0.0162174830
v 0.0088484192 0.0229669327 0.0160695517
v 0.0087640460 0.0215029590 0.0160208388
v 0.0088530960 0.0200393547 0.0160722518
v 0.0091139104 0.0186033840 0.0162228330
v 0.0095416305 0.0172217962 0.0164697774
v 0.0101282890 0.0159203279 0.0168084848
v 0.0108629573 0.0147232227 0.0172326458
v 0.0117319500 0.0136527807 0.0177343589
v 0.0127190795 0.0127289420 0.0183042784
v 0.0138059573 0.0119689160 0.0189317876
v 0.0149723370 0.0113868606 0.0196051973
v 0.0161964912 0.0109936183 0.0203119630
v 0.0174556161 0.0107965146 0.0210389191
v 0.0187262567 0.0107992211 0.0217725238
v 0.0199847434 0.0110016874 0.0224991114
v 0.0212076328 0.0114001418 0.0232051470
v 0.0223721449 0.0119871621 0.0238774783
v 0.0234565871 0.0127518130 0.0245035813
v 0.0244407581 0.0136798506 0.0250717927
v 0.0253063249 0.0147539873 0.0255715279
v 0.0260371634 0.0159542140 0.0259934778
v 0.0266196597 0.0172581727 0.0263297821
v 0.0270429628 0.0186415731 0.0265741763
v 0.0272991874 0.0200786451 0.0267221076
v 0.0122769199 0.0140188276 0.0174716472
v 0.0132181364 0.0131379581 0.0180150588
v 0.0125864039 0.0137015253 0.0176503279
v 0.0142544618 0.0124132822 0.0186133815
v 0.0133790749 0.0130103246 0.0181079767
v 0.0153665913 0.0118582991 0.0192554698
v 0.0163760586 0.0115225778 0.0198382860
v 0.0154206767 0.0118364596 0.0192866960
v 0.0165338080 0.0114833472 0.0199293627
v 0.0177343690 0.0112954111 0.0206225069
v 0.0186470328 0.0112795864 0.0211494336
v 0.0189459101 0.0112979917 0.0213219905
v 0.0196360961 0.0113854150 0.0217204696
v 0.0201458624 0.0114910409 0.0220147833
v 0.0213118733 0.0118709626 0.0226879800
v 0.0224222221 0.0124306796 0.0233290401
v 0.0218297350 0.0121061144 0.0229869675
v 0.0234562250 0.0131597654 0.0239260220
v 0.0227189012 0.0126173606 0.0235003279
v 0.0243946207 0.0140446384 0.0244678050
v 0.0252081239 0.0150520337 0.0249374813
v 0.0245389416 0.0142044165 0.0245511287
v 0.0252199285 0.0150688153 0.0249442967
v 0.0259167746 0.0162132175 0.0253466210
v 0.0264087594 0.0172911054 0.0256306686
v 0.0264721780 0.0174565269 0.0256672833
v 0.0267675810 0.0183606181 0.0258378343
v 0.0268757925 0.0187755831 0.0259003102
v 0.0271200997 0.0201458146 0.0260413611
v 0.0271866591 0.0209493065 0.0260797891
v 0.0272005486 0.0215416965 0.0260878082
v 0.0271156404 0.0229372261 0.0260387865
v 0.0271866591 0.0220962712 0.0260797891
v 0.0268669570 0.0243064075 0.0258952090
v 0.0264591308 0.0256237354 0.0256597505
v 0.0267675810 0.0246849596 0.0258378343
v 0.0258997588 0.0268646703 0.0253367969
v 0.0264087594 0.0257544724 0.0256306686
v 0.0252081239 0.0279935441 0.0249374813
v 0.0251992611 0.0280060961 0.0249323644
v 0.0114483455 0.0150394816 0.0169932695
v 0.0318511358 0.0252255160 0.0166484704
v 0.0316587594 0.0257544724 0.0165374018
v 0.0320175810 0.0246849596 0.0167445675
v 0.0325049081 0.0254061368 0.0164485757
v 0.0327747406 0.0244785960 0.0166043635
v 0.0321631546 0.0263015048 0.0162512642
v 0.0281647057 0.0241164685 0.0266444646
v 0.0336647057 0.0241164685 0.0171181852
v 0.0271095680 0.0272614391 0.0260352806
v 0.0326095680 0.0272614391 0.0165090011
v 0.0337765486 0.0239694835 0.0171827577
v 0.0282765486 0.0239694835 0.0267090371
v 0.0338698967 0.0233928624 0.0172366523
v 0.0283698967 0.0233928624 0.0267629317
v 0.0283115898 0.0232091504 0.0267292682
v 0.0338115898 0.0232091504 0.0172029887
v 0.0330950116 0.0225002490 0.0167892721
v 0.0324366591 0.0220962712 0.0169865224
v 0.0331335764 0.0215227889 0.0168115375
v 0.0330950116 0.0205453288 0.0167892721
v 0.0324366591 0.0209493065 0.0169865224
v 0.0324505637 0.0215227889 0.0169945502
v 0.0283115898 0.0198364274 0.0267292682
v 0.0338115898 0.0198364274 0.0172029887
v 0.0338698967 0.0196527154 0.0172366523
v 0.0283698967 0.0196527154 0.0267629317
v 0.0337765486 0.0190760943 0.0171827577
v 0.0282765486 0.0190760943 0.0267090371
v 0.0281647057 0.0189291092 0.0266444646
v 0.0336647057 0.0189291092 0.0171181852
v 0.0327747406 0.0185669817 0.0166043635
v 0.0320175810 0.0183606181 0.0167445675
v 0.0325049081 0.0176394410 0.0164485757
v 0.0321631546 0.0167440729 0.0162512642
v 0.0316587594 0.0172911054 0.0165374018
v 0.0318511358 0.0178200618 0.0166484704
v 0.0271095680 0.0157841387 0.0260352806
v 0.0326095680 0.0157841387 0.0165090011
v 0.0326064643 0.0155885110 0.0165072092
v 0.0271064643 0.0155885110 0.0260334886
v 0.0323390270 0.0150897658 0.0163528042
v 0.0268390270 0.0150897658 0.0258790837
v 0.0266887532 0.0149993589 0.0257923230
v 0.0321887532 0.0149993589 0.0162660436
v 0.0312455958 0.0150329126 0.0157215114
v 0.0304581239 0.0150520337 0.0158442146
v 0.0307038086 0.0142805607 0.0154087104
v 0.0301338084 0.0146174085 0.0156569709
v 0.0301050220 0.0135882091 0.0150630008
v 0.0297889416 0.0142044165 0.0154578620
v 0.0247209800 0.0125068865 0.0246562286
v 0.0302209800 0.0125068865 0.0151299492
v 0.0301568848 0.0123257638 0.0150929438
v 0.0246568848 0.0123257638 0.0246192233
v 0.0297514773 0.0119722527 0.0148588817
v 0.0242514773 0.0119722527 0.0243851611
v 0.0240830678 0.0119506340 0.0242879299
v 0.0295830678 0.0119506340 0.0147616504
v 0.0287140969 0.0123753373 0.0142599498
v 0.0279689012 0.0126173606 0.0144070612
v 0.0279735262 0.0118997835 0.0138323812
v 0.0275305159 0.0123473651 0.0141539593
v 0.0271985760 0.0115039543 0.0133849634
v 0.0270797350 0.0121061144 0.0138937008
v 0.0214684178 0.0104472819 0.0227783610
v 0.0269684178 0.0104472819 0.0132520815
v 0.0268519876 0.0103051257 0.0131848605
v 0.0213519876 0.0103051257 0.0227111400
v 0.0263633624 0.0101445925 0.0129027526
v 0.0208633624 0.0101445925 0.0224290321
v 0.0206995619 0.0101946816 0.0223344618
v 0.0261995619 0.0101946816 0.0128081824
v 0.0255221367 0.0109531759 0.0124170708
v 0.0248860961 0.0113854150 0.0126272028
v 0.0246828008 0.0108186465 0.0119324799
v 0.0243928474 0.0113165136 0.0123424255
v 0.0238363482 0.0107727986 0.0114437803
v 0.0238970328 0.0112795864 0.0120561668
v 0.0177911580 0.0098834859 0.0206552940
v 0.0232911580 0.0098834859 0.0111290146
v 0.0231381173 0.0097994953 0.0110406565
v 0.0176381173 0.0097994953 0.0205669360
v 0.0226322659 0.0098536207 0.0107486031
v 0.0171322659 0.0098536207 0.0202748825
v 0.0169951966 0.0099686528 0.0201957455
v 0.0224951966 0.0099686528 0.0106694661
v 0.0221008072 0.0109584994 0.0104417652
v 0.0216260586 0.0115225778 0.0107450193
v 0.0212760629 0.0111831632 0.0099655989
v 0.0204724262 0.0114934887 0.0095016190
v 0.0206706767 0.0118364596 0.0101934293
v 0.0211445625 0.0116640760 0.0104670274
v 0.0141858349 0.0108916423 0.0185737598
v 0.0196858349 0.0108916423 0.0090474803
v 0.0326064643 0.0274570668 0.0165072092
v 0.0271064643 0.0274570668 0.0260334886
v 0.0323390270 0.0279558120 0.0163528042
v 0.0268390270 0.0279558120 0.0258790837
v 0.0266887532 0.0280462188 0.0257923230
v 0.0321887532 0.0280462188 0.0162660436
v 0.0304581239 0.0279935441 0.0158442146
v 0.0312455958 0.0280126651 0.0157215114
v 0.0310346493 0.0283223550 0.0155997214
v 0.0304492611 0.0280060961 0.0158390976
v 0.0305849229 0.0289127944 0.0153400717
v 0.0300204522 0.0285690732 0.0155915247
v 0.0297889416 0.0288411612 0.0154578620
v 0.0301050220 0.0294573686 0.0150630008
v 0.0245389416 0.0288411612 0.0245511287
v 0.0195168527 0.0108771606 0.0089499184
v 0.0140168527 0.0108771606 0.0184761979
v 0.0190620932 0.0111386348 0.0086873629
v 0.0135620932 0.0111386348 0.0182136423
v 0.0134702670 0.0113030742 0.0181606265
v 0.0189702670 0.0113030742 0.0086343470
v 0.0189121778 0.0123905887 0.0086008092
v 0.0186290749 0.0130103246 0.0090147099
v 0.0182134116 0.0129441037 0.0081973763
v 0.0175611262 0.0135686913 0.0078207792
v 0.0178364039 0.0137015253 0.0085570611
v 0.0182243600 0.0133431123 0.0087810477
v 0.0111393674 0.0133355939 0.0168148809
v 0.0166393674 0.0133355939 0.0072886015
v 0.0164772656 0.0133925770 0.0071950120
v 0.0109772656 0.0133925770 0.0167212914
v 0.0161350158 0.0138260864 0.0069974140
v 0.0106350158 0.0138260864 0.0165236934
v 0.0106008344 0.0140177246 0.0165039588
v 0.0110499041 0.0156477269 0.0167632293
v 0.0161008344 0.0140177246 0.0069776793
v 0.0163868907 0.0150560322 0.0071428340
v 0.0162999041 0.0156477269 0.0076699625
v 0.0159084747 0.0158636431 0.0068666204
v 0.0160266295 0.0161268592 0.0075121874
v 0.0154956355 0.0167181389 0.0066282676
v 0.0157769987 0.0166228959 0.0073680630
v 0.0105269987 0.0166228959 0.0164613297
v 0.0107478478 0.0161809075 0.0165888370
v 0.0090631977 0.0168852715 0.0156162038
v 0.0145631977 0.0168852715 0.0060899244
v 0.0144298692 0.0170060235 0.0060129471
v 0.0089298692 0.0170060235 0.0155392266
v 0.0142463517 0.0175530203 0.0059069933
v 0.0087463517 0.0175530203 0.0154332727
v 0.0101884758 0.0174218424 0.0162658834
v 0.0087744315 0.0177459756 0.0154494846
v 0.0097031137 0.0190785888 0.0159856595
v 0.0097806496 0.0187391702 0.0160304248
v 0.0142744315 0.0177459756 0.0059232051
v 0.0148659998 0.0185948471 0.0062647473
v 0.0149531137 0.0190785888 0.0068923927
v 0.0146725468 0.0195474816 0.0061530571
v 0.0145549100 0.0205164811 0.0060851394
v 0.0147705952 0.0202060243 0.0067870156
v 0.0148481866 0.0196393563 0.0068318131
v 0.0095319661 0.0201083516 0.0158868474
v 0.0095205952 0.0202060243 0.0158802824
v 0.0082377242 0.0210612716 0.0151396164
v 0.0137377242 0.0210612716 0.0056133370
v 0.0136511756 0.0212294843 0.0055633682
v 0.0081511756 0.0212294843 0.0150896476
v 0.0136511756 0.0218160935 0.0055633682
v 0.0081511756 0.0218160935 0.0150896476
v 0.0094470580 0.0215038813 0.0158378257
v 0.0082377242 0.0219843062 0.0151396164
v 0.0095205952 0.0228395535 0.0158802824
v 0.0137377242 0.0219843062 0.0056133370
v 0.0145549100 0.0225290967 0.0060851394
v 0.0147705952 0.0228395535 0.0067870156
v 0.0146725468 0.0234980962 0.0061530571
v 0.0148659998 0.0244507307 0.0062647473
v 0.0149531137 0.0239669890 0.0068923927
v 0.0148481866 0.0234062214 0.0068318131
v 0.0097031137 0.0239669890 0.0159856595
v 0.0095275068 0.0228997632 0.0158842728
v 0.0087744315 0.0252996021 0.0154494846
v 0.0142744315 0.0252996021 0.0059232051
v 0.0142463517 0.0254925574 0.0059069933
v 0.0087463517 0.0254925574 0.0154332727
v 0.0144298692 0.0260395542 0.0060129471
v 0.0089298692 0.0260395542 0.0155392266
v 0.0101754286 0.0255890509 0.0162583506
v 0.0097718140 0.0242699946 0.0160253236
v 0.0090631977 0.0261603062 0.0156162038
v 0.0105269987 0.0264226818 0.0164613297
v 0.0145631977 0.0261603062 0.0060899244
v 0.0154956355 0.0263274389 0.0066282676
v 0.0157769987 0.0264226818 0.0073680630
v 0.0159084747 0.0271819346 0.0068666204
v 0.0160266295 0.0269187186 0.0075121874
v 0.0163868907 0.0279895455 0.0071428340
v 0.0162999041 0.0273978509 0.0076699625
v 0.0107308320 0.0268323603 0.0165790129
v 0.0110499041 0.0273978509 0.0167632293
v 0.0106008344 0.0290278531 0.0165039588
v 0.0161008344 0.0290278531 0.0069776793
v 0.0161350158 0.0292194914 0.0069974140
v 0.0106350158 0.0292194914 0.0165236934
v 0.0164772656 0.0296530008 0.0071950120
v 0.0109772656 0.0296530008 0.0167212914
v 0.0122529858 0.0290009393 0.0174578289
v 0.0114276780 0.0279767625 0.0169813372
v 0.0111393674 0.0297099839 0.0168148809
v 0.0125864039 0.0293440525 0.0176503279
v 0.0166393674 0.0297099839 0.0072886015
v 0.0175611262 0.0294768864 0.0078207792
v 0.0178364039 0.0293440525 0.0085570611
v 0.0182134116 0.0301014741 0.0081973763
v 0.0182243600 0.0297024655 0.0087810477
v 0.0189121778 0.0306549891 0.0086008092
v 0.0186290749 0.0300352531 0.0090147099
v 0.0133790749 0.0300352531 0.0181079767
v 0.0131913815 0.0298858124 0.0179996119
v 0.0134702670 0.0317425036 0.0181606265
v 0.0189702670 0.0317425036 0.0086343470
v 0.0190620932 0.0319069430 0.0086873629
v 0.0135620932 0.0319069430 0.0182136423
v 0.0195168527 0.0321684172 0.0089499184
v 0.0140168527 0.0321684172 0.0184761979
v 0.0142253845 0.0306148982 0.0185965938
v 0.0141858349 0.0321539355 0.0185737598
v 0.0154206767 0.0312091181 0.0192866960
v 0.0153357333 0.0311746151 0.0192376539
v 0.0196858349 0.0321539355 0.0090474803
v 0.0204724262 0.0315520891 0.0095016190
v 0.0206706767 0.0312091181 0.0101934293
v 0.0212760629 0.0318624145 0.0099655989
v 0.0211445625 0.0313815017 0.0104670274
v 0.0221008072 0.0320870784 0.0104417652
v 0.0216260586 0.0315229999 0.0107450193
v 0.0163760586 0.0315229999 0.0198382860
v 0.0169951966 0.0330769249 0.0201957455
v 0.0224951966 0.0330769249 0.0106694661
v 0.0226322659 0.0331919570 0.0107486031
v 0.0171322659 0.0331919570 0.0202748825
v 0.0231381173 0.0332460825 0.0110406565
v 0.0176381173 0.0332460825 0.0205669360
v 0.0177016965 0.0317475861 0.0206036434
v 0.0165017441 0.0315545368 0.0199108506
v 0.0177911580 0.0331620918 0.0206552940
v 0.0186470328 0.0317659914 0.0211494336
v 0.0232911580 0.0331620918 0.0111290146
v 0.0238363482 0.0322727791 0.0114437803
v 0.0238970328 0.0317659914 0.0120561668
v 0.0246828008 0.0322269313 0.0119324799
v 0.0255221367 0.0320924018 0.0124170708
v 0.0248860961 0.0316601628 0.0126272028
v 0.0243928474 0.0317290642 0.0123424255
v 0.0196360961 0.0316601628 0.0217204696
v 0.0189132375 0.0317501667 0.0213031270
v 0.0206995619 0.0328508962 0.0223344618
v 0.0261995619 0.0328508962 0.0128081824
v 0.0263633624 0.0329009853 0.0129027526
v 0.0208633624 0.0329009853 0.0224290321
v 0.0268519876 0.0327404520 0.0131848605
v 0.0213519876 0.0327404520 0.0227111400
v 0.0201137985 0.0315622306 0.0219962712
v 0.0214684178 0.0325982958 0.0227783610
v 0.0212810153 0.0311872787 0.0226701641
v 0.0218297350 0.0309394633 0.0229869675
v 0.0269684178 0.0325982958 0.0132520815
v 0.0243706866 0.0290267502 0.0244539867
v 0.0234294702 0.0299076197 0.0239105751
v 0.0227189012 0.0304282172 0.0235003279
v 0.0223931448 0.0306322956 0.0233122524
v 0.0271985760 0.0315416234 0.0133849634
v 0.0270797350 0.0309394633 0.0138937008
v 0.0247209800 0.0305386912 0.0246562286
v 0.0302209800 0.0305386912 0.0151299492
v 0.0279735262 0.0311457943 0.0138323812
v 0.0287140969 0.0306702405 0.0142599498
v 0.0279689012 0.0304282172 0.0144070612
v 0.0275305159 0.0306982126 0.0141539593
v 0.0240830678 0.0310949438 0.0242879299
v 0.0295830678 0.0310949438 0.0147616504
v 0.0246568848 0.0307198140 0.0246192233
v 0.0242514773 0.0310733250 0.0243851611
v 0.0297514773 0.0310733250 0.0148588817
v 0.0301568848 0.0307198140 0.0150929438
v 0.0099759495 0.0250115723 0.0034414754
v 0.0102346055 0.0252709098 0.0035908105
v 0.0075395648 0.0232651822 0.0020348281
v 0.0077581403 0.0244003812 0.0021610226
v 0.0086935138 0.0247000905 0.0027010608
v 0.0076554533 0.0243601189 0.0021017363
v 0.0096504452 0.0248883282 0.0032535454
v 0.0103859438 0.0256257648 0.0036781857
v 0.0105281433 0.0262028602 0.0037602846
v 0.0091843013 0.0299401007 0.0029844171
v 0.0102390098 0.0272769302 0.0035933533
v 0.0095112285 0.0280186644 0.0031731686
v 0.0088525965 0.0288420693 0.0027929072
v 0.0104595717 0.0269742811 0.0037206948
v 0.0105612525 0.0265965583 0.0037794002
v 0.0125769658 0.0309539799 0.0049431729
v 0.0128901040 0.0314327902 0.0051239633
v 0.0123248326 0.0306862146 0.0047976037
v 0.0116604308 0.0305731362 0.0044140111
v 0.0120025108 0.0305522816 0.0046115111
v 0.0097432575 0.0309074687 0.0033071306
v 0.0107092297 0.0307967707 0.0038648349
v 0.0096349089 0.0309127586 0.0032445755
v 0.0128061836 0.0354782145 0.0050755118
v 0.0129565119 0.0325549357 0.0051623039
v 0.0125099235 0.0335501587 0.0049044659
v 0.0121533651 0.0345926934 0.0046986069
v 0.0130674976 0.0321807218 0.0052263815
v 0.0130441437 0.0317860920 0.0052128981
v 0.0121193077 0.0347115799 0.0046789439
v 0.0162869355 0.0350084603 0.0070851249
v 0.0167287213 0.0353243196 0.0073401900
v 0.0159680594 0.0348639479 0.0069010216
v 0.0156256031 0.0348735079 0.0067033044
v 0.0153131472 0.0350356447 0.0065229079
v 0.0136300304 0.0361471032 0.0055511600
v 0.0144961415 0.0356409483 0.0060512094
v 0.0135306533 0.0361972309 0.0054937846
v 0.0179160564 0.0391315708 0.0080256983
v 0.0171417018 0.0363429886 0.0075786244
v 0.0170366206 0.0374572900 0.0075179557
v 0.0170302910 0.0385781545 0.0075143013
v 0.0171281222 0.0359477495 0.0075707842
v 0.0169828876 0.0355895098 0.0074869330
v 0.0170357264 0.0387032190 0.0075174395
v 0.0203559077 0.0373916457 0.0094343471
v 0.0206722479 0.0372398838 0.0096169862
v 0.0188935289 0.0394116430 0.0085900422
v 0.0195428056 0.0385783903 0.0089649024
v 0.0188165447 0.0394998385 0.0085455954
v 0.0201152749 0.0376731671 0.0092954177
v 0.0210148010 0.0372416260 0.0098147593
v 0.0215255688 0.0373518757 0.0101096512
v 0.0238238033 0.0404067635 0.0114365375
v 0.0222293466 0.0381294914 0.0105159775
v 0.0224799643 0.0392123787 0.0106606717
v 0.0228247183 0.0402601939 0.0108597155
v 0.0220930356 0.0377666064 0.0104372783
v 0.0218455351 0.0374931389 0.0102943838
v 0.0255545709 0.0377666064 0.0124357967
v 0.0258020715 0.0374931389 0.0125786912
v 0.0248228882 0.0402601939 0.0120133595
v 0.0251676423 0.0392123787 0.0122124033
v 0.0247786940 0.0403745459 0.0119878439
v 0.0254182599 0.0381294914 0.0123570975
v 0.0261220378 0.0373518757 0.0127634238
v 0.0266328056 0.0372416260 0.0130583157
v 0.0297315501 0.0391315708 0.0148473767
v 0.0275323316 0.0376731671 0.0135776573
v 0.0281048009 0.0385783903 0.0139081726
v 0.0287540777 0.0394116430 0.0142830327
v 0.0272916988 0.0373916457 0.0134387279
v 0.0269753586 0.0372398838 0.0132560888
v 0.0305194843 0.0359477495 0.0153022908
v 0.0306647190 0.0355895098 0.0153861420
v 0.0306173156 0.0385781545 0.0153587737
v 0.0306109860 0.0374572900 0.0153551193
v 0.0306118801 0.0387032190 0.0153556355
v 0.0305059047 0.0363429886 0.0152944506
v 0.0309188852 0.0353243196 0.0155328850
v 0.0313606710 0.0350084603 0.0157879501
v 0.0288310619 0.0394998385 0.0143274796
v 0.0348414230 0.0354782145 0.0177975632
v 0.0323344593 0.0350356447 0.0163501670
v 0.0331514651 0.0356409483 0.0168218656
v 0.0340175761 0.0361471032 0.0173219150
v 0.0320220035 0.0348735079 0.0161697706
v 0.0316795472 0.0348639479 0.0159720534
v 0.0345801089 0.0321807218 0.0176466935
v 0.0346034629 0.0317860920 0.0176601769
v 0.0354942415 0.0345926934 0.0181744681
v 0.0351376831 0.0335501587 0.0179686091
v 0.0355282988 0.0347115799 0.0181941311
v 0.0346910947 0.0325549357 0.0177107711
v 0.0347575026 0.0314327902 0.0177491117
v 0.0350706407 0.0309539799 0.0179299021
v 0.0384633053 0.0299401007 0.0198886579
v 0.0359871758 0.0305731362 0.0184590639
v 0.0369383769 0.0307967707 0.0190082401
v 0.0379043491 0.0309074687 0.0195659444
v 0.0356450958 0.0305522816 0.0182615639
v 0.0353227740 0.0306862146 0.0180754713
v 0.0371880349 0.0269742811 0.0191523802
v 0.0370863540 0.0265965583 0.0190936748
v 0.0387950100 0.0288420693 0.0200801677
v 0.0381363780 0.0280186644 0.0196999064
v 0.0388639605 0.0289387215 0.0201199763
v 0.0374085967 0.0272769302 0.0192797217
v 0.0371194633 0.0262028602 0.0191127904
v 0.0372616627 0.0256257648 0.0191948893
v 0.0380126977 0.0309127586 0.0196284995
v 0.0341169533 0.0361972309 0.0173792904
v 0.0401080417 0.0232651822 0.0208382469
v 0.0379971613 0.0248883282 0.0196195296
v 0.0389540928 0.0247000905 0.0201720142
v 0.0398894663 0.0244003812 0.0207120524
v 0.0376716571 0.0250115723 0.0194315996
v 0.0374130011 0.0252709098 0.0192822645
v 0.0376857714 0.0203408607 0.0194397485
v 0.0376378273 0.0197434202 0.0194120680
v 0.0377780642 0.0207217840 0.0194930338
v 0.0379910472 0.0210315863 0.0196159996
v 0.0382913971 0.0212217960 0.0197894067
v 0.0400738342 0.0221029358 0.0208184972
v 0.0392020804 0.0216098661 0.0203151899
v 0.0401683657 0.0221643003 0.0208730750
v 0.0395535015 0.0163549439 0.0205180830
v 0.0380929564 0.0187489854 0.0196748369
v 0.0389263793 0.0181742981 0.0201560138
v 0.0397048267 0.0175046589 0.0206054506
v 0.0378279889 0.0189996834 0.0195218578
v 0.0376679317 0.0193494006 0.0194294488
v 0.0397879836 0.0174242820 0.0206534613
v 0.0363799439 0.0146384871 0.0186858287
v 0.0361483314 0.0141013891 0.0185521071
v 0.0365851741 0.0149551897 0.0188043184
v 0.0372202688 0.0152073126 0.0191709905
v 0.0368806948 0.0151552310 0.0189749373
v 0.0391580016 0.0152854503 0.0202897410
v 0.0381908613 0.0151893076 0.0197313623
v 0.0392653471 0.0153032394 0.0203517170
v 0.0368745784 0.0101426517 0.0189714060
v 0.0362616232 0.0129842602 0.0186175162
v 0.0368589792 0.0121007379 0.0189623998
v 0.0373753669 0.0111516073 0.0192605364
v 0.0360929779 0.0133285539 0.0185201488
v 0.0360531361 0.0137214194 0.0184971461
v 0.0333783400 0.0098658766 0.0169528519
v 0.0329943397 0.0094616592 0.0167311492
v 0.0336687902 0.0100755862 0.0171205433
v 0.0343398736 0.0100457693 0.0175079935
v 0.0340069369 0.0101388498 0.0173157724
v 0.0361712005 0.0093103519 0.0185653106
v 0.0352392914 0.0096241208 0.0180272726
v 0.0362768625 0.0092821631 0.0186263146
v 0.0324330758 0.0054673101 0.0164071033
v 0.0327504936 0.0083727106 0.0165903645
v 0.0330311064 0.0072996779 0.0167523764
v 0.0332156933 0.0061992413 0.0168589477
v 0.0327009469 0.0087641012 0.0165617587
v 0.0327867013 0.0091470565 0.0166112691
v 0.0332302521 0.0060751529 0.0168673533
v 0.0297578903 0.0066599326 0.0148625842
v 0.0294227862 0.0067419908 0.0146691118
v 0.0315168150 0.0049846108 0.0158780999
v 0.0307459965 0.0056659150 0.0154330676
v 0.0316065232 0.0049142512 0.0159298929
v 0.0300392248 0.0064342610 0.0150250128
v 0.0290863430 0.0066675967 0.0144748662
v 0.0286018163 0.0064508517 0.0141951246
v 0.0268288432 0.0029603498 0.0131714981
v 0.0280337649 0.0055371519 0.0138671600
v 0.0279597363 0.0044195279 0.0138244195
v 0.0277875930 0.0033164053 0.0137250325
v 0.0281100084 0.0059227800 0.0139111792
v 0.0283097775 0.0062441048 0.0140265159
v 0.0277623483 0.0031946235 0.0137104575
v 0.0374277629 0.0110419712 0.0192907873
v 0.0240836109 0.0054755929 0.0115865375
v 0.0235639957 0.0054755929 0.0112865375
v 0.0244206086 0.0054046240 0.0117811032
v 0.0248991489 0.0048605421 0.0120573886
v 0.0247074124 0.0051883265 0.0119466894
v 0.0258234457 0.0028924423 0.0125910316
v 0.0253178211 0.0038492680 0.0122991091
v 0.0258850844 0.0027894143 0.0126266187
v 0.0208187633 0.0029603498 0.0097015769
v 0.0227484576 0.0048605421 0.0108156864
v 0.0223297855 0.0038492680 0.0105739659
v 0.0218241608 0.0028924423 0.0102820434
v 0.0229401942 0.0051883265 0.0109263856
v 0.0232269980 0.0054046240 0.0110919718
v 0.0217625221 0.0027894143 0.0102464563
v 0.0399921533 0.0243601189 0.0207713387
v 0.0228689125 0.0403745459 0.0108852311
v 0.0190457903 0.0064508517 0.0086779504
v 0.0185612635 0.0066675967 0.0083982087
v 0.0193378291 0.0062441048 0.0088465591
v 0.0195375981 0.0059227800 0.0089618958
v 0.0196138416 0.0055371519 0.0090059150
v 0.0198600136 0.0033164053 0.0091480425
v 0.0196878703 0.0044195279 0.0090486555
v 0.0198852583 0.0031946235 0.0091626175
v 0.0152145308 0.0054673101 0.0064659717
v 0.0176083817 0.0064342610 0.0078480622
v 0.0169016101 0.0056659150 0.0074400074
v 0.0161307915 0.0049846108 0.0069949751
v 0.0178897163 0.0066599326 0.0080104908
v 0.0182248203 0.0067419908 0.0082039632
v 0.0160410834 0.0049142512 0.0069431821
v 0.0149466597 0.0087641012 0.0063113162
v 0.0148609052 0.0091470565 0.0062618059
v 0.0144319132 0.0061992413 0.0060141273
v 0.0146165002 0.0072996779 0.0061206986
v 0.0144173544 0.0060751529 0.0060057217
v 0.0148971130 0.0083727106 0.0062827105
v 0.0146532668 0.0094616592 0.0061419258
v 0.0142692665 0.0098658766 0.0059202231
v 0.0114764061 0.0093103519 0.0043077644
v 0.0113707441 0.0092821631 0.0042467604
v 0.0111568793 0.0095783392 0.0041232855
v 0.0102198436 0.0110419712 0.0035822877
v 0.0133077329 0.0100457693 0.0053650815
v 0.0124083152 0.0096241208 0.0048458024
v 0.0136406697 0.0101388498 0.0055573026
v 0.0139788164 0.0100755862 0.0057525316
v 0.0114992751 0.0141013891 0.0043209678
v 0.0112676627 0.0146384871 0.0041872463
v 0.0115944705 0.0137214194 0.0043759289
v 0.0115546286 0.0133285539 0.0043529262
v 0.0102722397 0.0111516073 0.0036125386
v 0.0107886274 0.0121007379 0.0039106752
v 0.0113859833 0.0129842602 0.0042555588
v 0.0080941051 0.0163549439 0.0023549920
v 0.0104273377 0.0152073126 0.0037020845
v 0.0094567453 0.0151893076 0.0031417127
v 0.0084896050 0.0152854503 0.0025833340
v 0.0107669117 0.0151552310 0.0038981376
v 0.0110624324 0.0149551897 0.0040687566
v 0.0083822595 0.0153032394 0.0025213580
v 0.0087836460 0.0289387215 0.0027530987
v 0.0100097792 0.0197434202 0.0034610070
v 0.0099618352 0.0203408607 0.0034333265
v 0.0099796748 0.0193494006 0.0034436262
v 0.0098196176 0.0189996834 0.0033512171
v 0.0095546502 0.0187489854 0.0031982381
v 0.0079427799 0.0175046589 0.0022676243
v 0.0087212273 0.0181742981 0.0027170612
v 0.0078596230 0.0174242820 0.0022196137
v 0.0093562094 0.0212217960 0.0030836683
v 0.0084455261 0.0216098661 0.0025578850
v 0.0075737724 0.0221029358 0.0020545778
v 0.0096565593 0.0210315863 0.0032570754
v 0.0098695423 0.0207217840 0.0033800412
v 0.0074792409 0.0221643003 0.0020000000
v 0.0063859833 0.0129842602 0.0129158128
v 0.0065546286 0.0133285539 0.0130131803
v 0.0065944705 0.0137214194 0.0130361829
v 0.0064992751 0.0141013891 0.0129812219
v 0.0062676627 0.0146384871 0.0128475004
v 0.0060624324 0.0149551897 0.0127290106
v 0.0057669117 0.0151552310 0.0125583917
v 0.0054273377 0.0152073126 0.0123623385
v 0.0293398736 0.0100457693 0.0261682476
v 0.0290069369 0.0101388498 0.0259760264
v 0.0286687902 0.0100755862 0.0257807974
v 0.0283783400 0.0098658766 0.0256131059
v 0.0279943397 0.0094616592 0.0253914032
v 0.0277867013 0.0091470565 0.0252715231
v 0.0277009469 0.0087641012 0.0252220128
v 0.0277504936 0.0083727106 0.0252506186
v 0.0146138416 0.0055371519 0.0176661690
v 0.0145375981 0.0059227800 0.0176221498
v 0.0143378291 0.0062441048 0.0175068131
v 0.0140457903 0.0064508517 0.0173382045
v 0.0135612635 0.0066675967 0.0170584628
v 0.0132248203 0.0067419908 0.0168642172
v 0.0128897163 0.0066599326 0.0166707448
v 0.0126083817 0.0064342610 0.0165083162
v 0.0255059047 0.0363429886 0.0239547046
v 0.0255194843 0.0359477495 0.0239625448
v 0.0256647190 0.0355895098 0.0240463961
v 0.0259188852 0.0353243196 0.0241931390
v 0.0263606710 0.0350084603 0.0244482042
v 0.0266795472 0.0348639479 0.0246323074
v 0.0270220035 0.0348735079 0.0248300246
v 0.0273344593 0.0350356447 0.0250104211
v 0.0332913971 0.0212217960 0.0284496607
v 0.0329910472 0.0210315863 0.0282762536
v 0.0327780642 0.0207217840 0.0281532878
v 0.0326857714 0.0203408607 0.0281000025
v 0.0326378273 0.0197434202 0.0280723220
v 0.0326679317 0.0193494006 0.0280897028
v 0.0328279889 0.0189996834 0.0281821119
v 0.0330929564 0.0187489854 0.0283350909
v 0.0204182599 0.0381294914 0.0210173515
v 0.0205545709 0.0377666064 0.0210960507
v 0.0208020715 0.0374931389 0.0212389452
v 0.0211220378 0.0373518757 0.0214236778
v 0.0216328056 0.0372416260 0.0217185698
v 0.0219753586 0.0372398838 0.0219163429
v 0.0222916988 0.0373916457 0.0220989820
v 0.0225323316 0.0376731671 0.0222379114
v 0.0322202688 0.0152073126 0.0278312445
v 0.0318806948 0.0151552310 0.0276351914
v 0.0315851741 0.0149551897 0.0274645724
v 0.0313799439 0.0146384871 0.0273460827
v 0.0311483314 0.0141013891 0.0272123612
v 0.0310531361 0.0137214194 0.0271574001
v 0.0310929779 0.0133285539 0.0271804028
v 0.0312616232 0.0129842602 0.0272777702
v 0.0151152749 0.0376731671 0.0179556717
v 0.0153559077 0.0373916457 0.0180946011
v 0.0156722479 0.0372398838 0.0182772402
v 0.0160148010 0.0372416260 0.0184750133
v 0.0165255688 0.0373518757 0.0187699052
v 0.0168455351 0.0374931389 0.0189546378
v 0.0170930356 0.0377666064 0.0190975324
v 0.0172293466 0.0381294914 0.0191762316
v 0.0296910947 0.0325549357 0.0263710252
v 0.0295801089 0.0321807218 0.0263069475
v 0.0296034629 0.0317860920 0.0263204309
v 0.0297575026 0.0314327902 0.0264093658
v 0.0300706407 0.0309539799 0.0265901562
v 0.0303227740 0.0306862146 0.0267357254
v 0.0306450958 0.0305522816 0.0269218180
v 0.0309871758 0.0305731362 0.0271193179
v 0.0103131472 0.0350356447 0.0151831620
v 0.0106256031 0.0348735079 0.0153635584
v 0.0109680594 0.0348639479 0.0155612757
v 0.0112869355 0.0350084603 0.0157453789
v 0.0117287213 0.0353243196 0.0160004441
v 0.0119828876 0.0355895098 0.0161471870
v 0.0121281222 0.0359477495 0.0162310383
v 0.0121417018 0.0363429886 0.0162388785
v 0.0250392248 0.0064342610 0.0236852668
v 0.0247578903 0.0066599326 0.0235228383
v 0.0244227862 0.0067419908 0.0233293658
v 0.0240863430 0.0066675967 0.0231351203
v 0.0236018163 0.0064508517 0.0228553786
v 0.0233097775 0.0062441048 0.0226867699
v 0.0231100084 0.0059227800 0.0225714332
v 0.0230337649 0.0055371519 0.0225274140
v 0.0066604308 0.0305731362 0.0130742652
v 0.0070025108 0.0305522816 0.0132717651
v 0.0073248326 0.0306862146 0.0134578577
v 0.0075769658 0.0309539799 0.0136034269
v 0.0078901040 0.0314327902 0.0137842173
v 0.0080441437 0.0317860920 0.0138731522
v 0.0080674976 0.0321807218 0.0138866356
v 0.0079565119 0.0325549357 0.0138225579
v 0.0198991489 0.0048605421 0.0207176426
v 0.0197074124 0.0051883265 0.0206069435
v 0.0194206086 0.0054046240 0.0204413572
v 0.0190836109 0.0054755929 0.0202467915
v 0.0185639957 0.0054755929 0.0199467915
v 0.0182269980 0.0054046240 0.0197522258
v 0.0179401942 0.0051883265 0.0195866396
v 0.0177484576 0.0048605421 0.0194759404
v 0.0046504452 0.0248883282 0.0119137994
v 0.0049759495 0.0250115723 0.0121017294
v 0.0052346055 0.0252709098 0.0122510645
v 0.0053859438 0.0256257648 0.0123384398
v 0.0055281433 0.0262028602 0.0124205387
v 0.0055612525 0.0265965583 0.0124396543
v 0.0054595717 0.0269742811 0.0123809488
v 0.0052390098 0.0272769302 0.0122536074
v 0.0098971130 0.0083727106 0.0149429645
v 0.0099466597 0.0087641012 0.0149715703
v 0.0098609052 0.0091470565 0.0149220599
v 0.0096532668 0.0094616592 0.0148021798
v 0.0092692665 0.0098658766 0.0145804772
v 0.0089788164 0.0100755862 0.0144127857
v 0.0086406697 0.0101388498 0.0142175566
v 0.0083077329 0.0100457693 0.0140253355
v 0.0045546502 0.0187489854 0.0118584921
v 0.0048196176 0.0189996834 0.0120114712
v 0.0049796748 0.0193494006 0.0121038802
v 0.0050097792 0.0197434202 0.0121212610
v 0.0049618352 0.0203408607 0.0120935805
v 0.0048695423 0.0207217840 0.0120402952
v 0.0046565593 0.0210315863 0.0119173294
v 0.0043562094 0.0212217960 0.0117439223
v 0.0324085967 0.0272769302 0.0279399757
v 0.0321880349 0.0269742811 0.0278126342
v 0.0320863540 0.0265965583 0.0277539288
v 0.0321194633 0.0262028602 0.0277730444
v 0.0322616627 0.0256257648 0.0278551433
v 0.0324130011 0.0252709098 0.0279425186
v 0.0326716571 0.0250115723 0.0280918536
v 0.0329971613 0.0248883282 0.0282797836
v 0.0104834412 0.0091343756 0.0042024085
v 0.0098970054 0.0106006050 0.0036863892
v 0.0102716819 0.0091077206 0.0041895668
v 0.0095921821 0.0101467237 0.0037972575
v 0.0052722397 0.0111516073 0.0122727926
v 0.0057886274 0.0121007379 0.0125709292
v 0.0051485786 0.0106006051 0.0119109052
v 0.0052198436 0.0110419712 0.0122425418
v 0.0050921821 0.0101467237 0.0115914861
v 0.0057716819 0.0091077206 0.0119837955
v 0.0074083152 0.0096241208 0.0135060564
v 0.0064764061 0.0093103519 0.0129680184
v 0.0058886828 0.0091343756 0.0121607636
v 0.0063707441 0.0092821631 0.0129070145
v 0.0061568793 0.0095783392 0.0127835396
v 0.0078326932 0.0153876446 0.0024945575
v 0.0072859591 0.0154947424 0.0024657590
v 0.0071227358 0.0161179448 0.0023715220
v 0.0069773908 0.0167470210 0.0022876070
v 0.0074120122 0.0170949155 0.0022516777
v 0.0044567453 0.0151893076 0.0118019667
v 0.0034896050 0.0152854503 0.0112435880
v 0.0030842667 0.0153876449 0.0107190736
v 0.0027859591 0.0154947424 0.0102599876
v 0.0033822595 0.0153032394 0.0111816121
v 0.0029427799 0.0175046589 0.0109278784
v 0.0037212273 0.0181742981 0.0113773152
v 0.0026635855 0.0170949157 0.0104761937
v 0.0028596230 0.0174242820 0.0108798677
v 0.0024773908 0.0167470210 0.0100818356
v 0.0030941051 0.0163549439 0.0110152460
v 0.0026227358 0.0161179448 0.0101657506
v 0.0069846972 0.0224197753 0.0020049668
v 0.0065000000 0.0226958854 0.0020119853
v 0.0065427642 0.0233450890 0.0020366752
v 0.0066040370 0.0239923122 0.0020720511
v 0.0071265341 0.0241872348 0.0020868569
v 0.0027581403 0.0244003812 0.0108212767
v 0.0036935138 0.0247000905 0.0113613148
v 0.0023781074 0.0241872351 0.0103113729
v 0.0026554533 0.0243601189 0.0107619903
v 0.0021040370 0.0239923122 0.0098662797
v 0.0034455261 0.0216098661 0.0112181391
v 0.0025737724 0.0221029358 0.0107148318
v 0.0022362708 0.0224197755 0.0102294829
v 0.0020000000 0.0226958854 0.0098062139
v 0.0024792409 0.0221643003 0.0106602540
v 0.0025395648 0.0232651822 0.0106950821
v 0.0020427642 0.0233450890 0.0098309038
v 0.0082629288 0.0303261214 0.0030298127
v 0.0085225442 0.0309040806 0.0031797017
v 0.0090791265 0.0309197060 0.0032141866
v 0.0083939277 0.0293307630 0.0028185864
v 0.0080199526 0.0297385951 0.0028895303
v 0.0047432575 0.0309074687 0.0119673846
v 0.0057092297 0.0307967707 0.0125250889
v 0.0043306999 0.0309197063 0.0114387027
v 0.0046349089 0.0309127586 0.0119048295
v 0.0040225442 0.0309040806 0.0109739304
v 0.0045112285 0.0280186644 0.0118334227
v 0.0038525965 0.0288420693 0.0114531613
v 0.0036455013 0.0293307631 0.0110431025
v 0.0035199526 0.0297385951 0.0106837590
v 0.0037836460 0.0289387215 0.0114133527
v 0.0041843013 0.0299401007 0.0116446711
v 0.0037629288 0.0303261214 0.0108240413
v 0.0120509118 0.0361182150 0.0052168057
v 0.0124738073 0.0365488535 0.0054609645
v 0.0130060810 0.0363830715 0.0054814149
v 0.0118700601 0.0351872405 0.0048255324
v 0.0116405389 0.0356717147 0.0049798768
v 0.0086300304 0.0361471032 0.0142114140
v 0.0094961415 0.0356409483 0.0147114635
v 0.0082576545 0.0363830717 0.0137059310
v 0.0085306533 0.0361972309 0.0141540386
v 0.0079738073 0.0365488535 0.0132551932
v 0.0075099235 0.0335501587 0.0135647200
v 0.0071533651 0.0345926934 0.0133588609
v 0.0071216338 0.0351872406 0.0130500486
v 0.0071405389 0.0356717147 0.0127741055
v 0.0071193077 0.0347115799 0.0133391979
v 0.0078061836 0.0354782145 0.0137357658
v 0.0075509118 0.0361182150 0.0130110344
v 0.0173951252 0.0399391154 0.0083022887
v 0.0179241864 0.0401642732 0.0086077424
v 0.0183770406 0.0398394734 0.0085823399
v 0.0169436236 0.0391982581 0.0077547556
v 0.0168727787 0.0396939435 0.0080007119
v 0.0138935289 0.0394116430 0.0172502963
v 0.0145428056 0.0385783903 0.0176251564
v 0.0136286142 0.0398394736 0.0168068560
v 0.0138165447 0.0394998385 0.0172058494
v 0.0134241864 0.0401642732 0.0164019710
v 0.0120366206 0.0374572900 0.0161782098
v 0.0120302910 0.0385781545 0.0161745554
v 0.0121951973 0.0391982581 0.0159792718
v 0.0123727787 0.0396939435 0.0157949405
v 0.0120357264 0.0387032190 0.0161776935
v 0.0129160564 0.0391315708 0.0166859523
v 0.0128951252 0.0399391154 0.0160965174
v 0.0229294054 0.0408221057 0.0112106483
v 0.0230100290 0.0412620571 0.0115440550
v 0.0235738033 0.0412727889 0.0118695502
v 0.0241375775 0.0412620571 0.0121950454
v 0.0244666275 0.0408221056 0.0120981645
v 0.0198228882 0.0402601939 0.0206736135
v 0.0201676423 0.0392123787 0.0208726573
v 0.0197182012 0.0408221057 0.0203226807
v 0.0197786940 0.0403745459 0.0206480980
v 0.0196375775 0.0412620571 0.0199892740
v 0.0174799643 0.0392123787 0.0193209257
v 0.0178247183 0.0402601939 0.0195199696
v 0.0181809790 0.0408221056 0.0194351645
v 0.0185100290 0.0412620571 0.0193382836
v 0.0178689125 0.0403745459 0.0195454851
v 0.0188238033 0.0404067635 0.0200967915
v 0.0190738033 0.0412727889 0.0196637788
v 0.0290189923 0.0398394736 0.0147264730
v 0.0292234202 0.0401642732 0.0151313580
v 0.0297524814 0.0399391154 0.0154368117
v 0.0302748278 0.0396939435 0.0157383885
v 0.0304524093 0.0391982581 0.0155540572
v 0.0256173156 0.0385781545 0.0240190277
v 0.0256109860 0.0374572900 0.0240153733
v 0.0257039829 0.0391982581 0.0237785734
v 0.0256118801 0.0387032190 0.0240158895
v 0.0257748278 0.0396939435 0.0235326171
v 0.0231048009 0.0385783903 0.0225684267
v 0.0237540777 0.0394116430 0.0229432868
v 0.0242705659 0.0398394734 0.0229509892
v 0.0247234202 0.0401642732 0.0229255867
v 0.0238310619 0.0394998385 0.0229877337
v 0.0247315501 0.0391315708 0.0235076308
v 0.0252524814 0.0399391154 0.0232310403
v 0.0350966947 0.0361182150 0.0185222947
v 0.0355070676 0.0356717147 0.0187592236
v 0.0355259728 0.0351872406 0.0184832805
v 0.0343899520 0.0363830717 0.0178273980
v 0.0346737992 0.0365488535 0.0182781359
v 0.0281514651 0.0356409483 0.0254821196
v 0.0290175761 0.0361471032 0.0259821690
v 0.0296415256 0.0363830715 0.0260519142
v 0.0301737992 0.0365488535 0.0260723645
v 0.0291169533 0.0361972309 0.0260395444
v 0.0304942415 0.0345926934 0.0268347222
v 0.0301376831 0.0335501587 0.0266288631
v 0.0307775464 0.0351872405 0.0267077967
v 0.0305282988 0.0347115799 0.0268543852
v 0.0310070676 0.0356717147 0.0265534522
v 0.0298414230 0.0354782145 0.0264578172
v 0.0305966947 0.0361182150 0.0263165233
v 0.0388846778 0.0303261214 0.0207092877
v 0.0391276539 0.0297385951 0.0208495701
v 0.0390021053 0.0293307631 0.0204902265
v 0.0383169066 0.0309197063 0.0200946263
v 0.0386250623 0.0309040806 0.0205593987
v 0.0319383769 0.0307967707 0.0276684941
v 0.0329043491 0.0309074687 0.0282261984
v 0.0335684801 0.0309197060 0.0283191424
v 0.0341250623 0.0309040806 0.0283536273
v 0.0330126977 0.0309127586 0.0282887535
v 0.0337950100 0.0288420693 0.0287404218
v 0.0331363780 0.0280186644 0.0283601604
v 0.0342536789 0.0293307630 0.0287147427
v 0.0338639605 0.0289387215 0.0287802304
v 0.0346276539 0.0297385951 0.0286437987
v 0.0334633053 0.0299401007 0.0285489120
v 0.0343846778 0.0303261214 0.0285035163
v 0.0402694991 0.0241872351 0.0212219561
v 0.0405435695 0.0239923122 0.0216670493
v 0.0406048423 0.0233450890 0.0217024252
v 0.0406476066 0.0226958854 0.0217271151
v 0.0404113358 0.0224197755 0.0213038461
v 0.0350738342 0.0221029358 0.0294787512
v 0.0342020804 0.0216098661 0.0289754440
v 0.0356629093 0.0224197753 0.0295283622
v 0.0351683657 0.0221643003 0.0295333290
v 0.0361476066 0.0226958854 0.0295213438
v 0.0339540928 0.0247000905 0.0288322683
v 0.0348894663 0.0244003812 0.0293723064
v 0.0355210725 0.0241872348 0.0294464722
v 0.0360435695 0.0239923122 0.0294612779
v 0.0349921533 0.0243601189 0.0294315928
v 0.0351080417 0.0232651822 0.0294985010
v 0.0361048423 0.0233450890 0.0294966538
v 0.0372230913 0.0096207548 0.0197499703
v 0.0368759247 0.0091077206 0.0195495336
v 0.0365726441 0.0091840994 0.0190875765
v 0.0374990279 0.0106006051 0.0196224238
v 0.0375554245 0.0101467237 0.0199418429
v 0.0311712005 0.0093103519 0.0272255646
v 0.0302392914 0.0096241208 0.0266875266
v 0.0318242175 0.0091840991 0.0273120925
v 0.0312768625 0.0092821631 0.0272865686
v 0.0323759247 0.0091077206 0.0273437622
v 0.0318589792 0.0121007379 0.0276226539
v 0.0323753669 0.0111516073 0.0279207904
v 0.0327506012 0.0106006050 0.0278469398
v 0.0330554245 0.0101467237 0.0277360716
v 0.0324277629 0.0110419712 0.0279510413
v 0.0318745784 0.0101426517 0.0276316601
v 0.0327230913 0.0096207548 0.0275441990
v 0.0325778999 0.0047310005 0.0170680678
v 0.0320936768 0.0043974225 0.0167885014
v 0.0318431586 0.0046469623 0.0163570067
v 0.0331501317 0.0055813959 0.0171115874
v 0.0330523378 0.0050828270 0.0173419846
v 0.0280311064 0.0072996779 0.0254126305
v 0.0282156933 0.0061992413 0.0255192018
v 0.0284017049 0.0055813959 0.0253361034
v 0.0285523378 0.0050828270 0.0251362133
v 0.0282302521 0.0060751529 0.0255276073
v 0.0265168150 0.0049846108 0.0245383539
v 0.0257459965 0.0056659150 0.0240933217
v 0.0270947319 0.0046469621 0.0245815227
v 0.0266065232 0.0049142512 0.0245901470
v 0.0275936768 0.0043974225 0.0245827301
v 0.0274330758 0.0054673101 0.0250673573
v 0.0280778999 0.0047310005 0.0248622964
v 0.0267166553 0.0021090702 0.0136840767
v 0.0261607727 0.0020000000 0.0133631377
v 0.0260136265 0.0023889991 0.0129913247
v 0.0275246750 0.0027151602 0.0138637285
v 0.0272691225 0.0022392383 0.0140030437
v 0.0229597363 0.0044195279 0.0224846735
v 0.0227875930 0.0033164053 0.0223852866
v 0.0227762482 0.0027151603 0.0220882444
v 0.0227691225 0.0022392383 0.0217972724
v 0.0227623483 0.0031946235 0.0223707116
v 0.0208234457 0.0028924423 0.0212512856
v 0.0203178211 0.0038492680 0.0209593631
v 0.0212651997 0.0023889990 0.0212158407
v 0.0208850844 0.0027894143 0.0212868728
v 0.0216607727 0.0020000000 0.0211573663
v 0.0218288432 0.0029603498 0.0218317521
v 0.0222166553 0.0021090702 0.0214783053
v 0.0213824068 0.0023889990 0.0103174883
v 0.0209868339 0.0020000000 0.0103759627
v 0.0204309512 0.0021090702 0.0100550237
v 0.0198784841 0.0022392383 0.0097360567
v 0.0198713584 0.0027151603 0.0094450846
v 0.0148600136 0.0033164053 0.0178082965
v 0.0146878703 0.0044195279 0.0177089095
v 0.0151229316 0.0027151602 0.0176696006
v 0.0148852583 0.0031946235 0.0178228715
v 0.0153784841 0.0022392383 0.0175302853
v 0.0173297855 0.0038492680 0.0192342199
v 0.0168241608 0.0028924423 0.0189422974
v 0.0166339801 0.0023889991 0.0185420043
v 0.0164868339 0.0020000000 0.0181701914
v 0.0167625221 0.0027894143 0.0189067103
v 0.0158187633 0.0029603498 0.0183618309
v 0.0159309512 0.0021090702 0.0178492523
v 0.0155528747 0.0046469621 0.0069518063
v 0.0150539298 0.0043974225 0.0069505990
v 0.0145697067 0.0047310005 0.0066710326
v 0.0140952688 0.0050828270 0.0063971158
v 0.0142459016 0.0055813959 0.0061972257
v 0.0119016101 0.0056659150 0.0161002614
v 0.0111307915 0.0049846108 0.0156552291
v 0.0108044480 0.0046469623 0.0151763223
v 0.0105539298 0.0043974225 0.0147448276
v 0.0110410834 0.0049142512 0.0156034361
v 0.0094319132 0.0061992413 0.0146743813
v 0.0096165002 0.0072996779 0.0147809526
v 0.0094974749 0.0055813959 0.0144217416
v 0.0094173544 0.0060751529 0.0146659758
v 0.0095952688 0.0050828270 0.0141913444
v 0.0102145308 0.0054673101 0.0151262257
v 0.0100697067 0.0047310005 0.0144652612
v 0.0339263793 0.0181742981 0.0288162679
v 0.0331908613 0.0151893076 0.0283916163
v 0.0347048267 0.0175046589 0.0292657047
v 0.0341580016 0.0152854503 0.0289499950
v 0.0342653471 0.0153032394 0.0290119710
v 0.0345535015 0.0163549439 0.0291783370
v 0.0347879836 0.0174242820 0.0293137153
v 0.0352355944 0.0170949155 0.0292816513
v 0.0399840211 0.0170949157 0.0210571353
v 0.0356702157 0.0167470210 0.0292457220
v 0.0401702157 0.0167470210 0.0214514934
v 0.0348149134 0.0153876446 0.0290387715
v 0.0395633399 0.0153876449 0.0208142554
v 0.0398616474 0.0154947424 0.0212733414
v 0.0353616474 0.0154947424 0.0290675700
v 0.0355248707 0.0161179448 0.0291618071
v 0.0400248707 0.0161179448 0.0213675784

f 1 2 117
f 2 3 118
f 3 4 119
f 4 5 120
f 5 6 121
f 6 7 122
f 7 8 123
f 8 9 124
f 9 10 125
f 10 11 126
f 11 12 127
f 12 13 128
f 13 14 129
f 14 15 130
f 15 16 131
f 16 17 132
f 17 18 133
f 18 19 134
f 19 20 135
f 20 21 136
f 21 22 137
f 22 23 138
f 23 24 139
f 24 25 140
f 25 26 141
f 26 27 142
f 27 28 143
f 28 29 144
f 29 30 145
f 30 31 146
f 31 32 147
f 32 33 148
f 33 34 149
f 34 35 150
f 35 36 151
f 36 37 152
f 37 38 153
f 38 39 40
f 117 154 41
f 41 42 117
f 117 118 155
f 118 119 156
f 119 120 157
f 120 121 158
f 121 122 159
f 122 123 160
f 123 124 161
f 124 125 162
f 125 126 163
f 126 127 164
f 127 128 165
f 128 129 166
f 129 130 167
f 130 131 168
f 131 132 169
f 132 133 170
f 133 134 171
f 134 135 172
f 135 136 173
f 136 137 174
f 137 138 175
f 138 139 176
f 139 140 177
f 140 141 178
f 141 142 179
f 142 143 180
f 143 144 181
f 144 145 182
f 145 146 183
f 146 147 184
f 147 148 185
f 148 149 186
f 149 150 187
f 150 151 188
f 151 152 189
f 152 153 190
f 153 43 44
f 153 40 43
f 191 45 46
f 46 154 191
f 154 155 192
f 155 156 193
f 156 157 194
f 157 158 195
f 158 159 196
f 159 160 197
f 160 161 198
f 161 162 199
f 162 163 200
f 163 164 201
f 164 165 202
f 165 166 203
f 166 167 204
f 167 168 205
f 168 169 206
f 169 170 207
f 170 171 208
f 171 172 209
f 172 173 210
f 173 174 211
f 174 175 212
f 175 176 213
f 176 177 214
f 177 178 215
f 178 179 216
f 179 180 217
f 180 181 218
f 181 182 219
f 182 183 220
f 183 184 221
f 184 185 222
f 185 186 223
f 186 187 224
f 187 188 225
f 188 189 226
f 189 190 227
f 227 190 47
f 190 44 47
f 191 228 48
f 228 49 48
f 191 192 229
f 192 193 230
f 193 194 231
f 194 195 232
f 195 196 233
f 196 197 234
f 197 198 235
f 198 199 236
f 199 200 237
f 200 201 238
f 201 202 239
f 202 203 240
f 203 204 241
f 204 205 242
f 205 206 243
f 206 207 244
f 207 208 245
f 208 209 246
f 209 210 247
f 210 211 248
f 211 212 249
f 212 213 250
f 213 214 251
f 214 215 252
f 215 216 253
f 216 217 254
f 217 218 255
f 218 219 256
f 219 220 257
f 220 221 258
f 221 222 259
f 222 223 260
f 223 224 261
f 224 225 262
f 225 226 263
f 226 227 264
f 227 50 51
f 51 264 227
f 49 228 52
f 229 53 54
f 54 228 229
f 229 230 55
f 230 56 55
f 230 231 57
f 232 58 59
f 59 231 232
f 232 233 60
f 233 61 60
f 233 234 62
f 235 63 64
f 64 234 235
f 235 236 65
f 236 66 65
f 236 237 67
f 238 68 69
f 69 237 238
f 238 239 70
f 239 71 70
f 239 240 72
f 241 73 74
f 74 240 241
f 241 242 75
f 242 76 75
f 242 243 77
f 244 78 79
f 79 243 244
f 244 245 80
f 245 81 80
f 245 246 82
f 246 247 83
f 248 84 85
f 85 247 248
f 248 249 86
f 249 87 86
f 249 250 88
f 251 89 90
f 90 250 251
f 251 252 91
f 252 92 91
f 252 253 93
f 254 94 95
f 95 253 254
f 254 255 96
f 255 97 96
f 255 256 98
f 257 99 100
f 100 256 257
f 257 258 101
f 258 102 101
f 258 259 103
f 260 104 105
f 105 259 260
f 260 261 106
f 261 107 106
f 261 262 108
f 263 109 110
f 110 262 263
f 263 264 111
f 264 112 111
f 264 113 114
f 114 112 264
f 111 109 263
f 110 108 262
f 108 107 261
f 106 104 260
f 105 103 259
f 103 102 258
f 101 99 257
f 100 98 256
f 98 97 255
f 96 94 254
f 95 93 253
f 93 92 252
f 91 89 251
f 90 88 250
f 88 87 249
f 86 84 248
f 85 83 247
f 83 82 246
f 82 81 245
f 80 78 244
f 79 77 243
f 77 76 242
f 75 73 241
f 74 72 240
f 72 71 239
f 70 68 238
f 69 67 237
f 67 66 236
f 65 63 235
f 64 62 234
f 62 61 233
f 60 58 232
f 59 57 231
f 57 56 230
f 55 53 229
f 54 52 228
f 52 115 49
f 51 113 264
f 264 263 226
f 263 262 225
f 262 261 224
f 261 260 223
f 260 259 222
f 259 258 221
f 258 257 220
f 257 256 219
f 256 255 218
f 255 254 217
f 254 253 216
f 253 252 215
f 252 251 214
f 251 250 213
f 250 249 212
f 249 248 211
f 248 247 210
f 247 246 209
f 246 245 208
f 245 244 207
f 244 243 206
f 243 242 205
f 242 241 204
f 241 240 203
f 240 239 202
f 239 238 201
f 238 237 200
f 237 236 199
f 236 235 198
f 235 234 197
f 234 233 196
f 233 232 195
f 232 231 194
f 231 230 193
f 230 229 192
f 229 228 191
f 48 45 191
f 47 50 227
f 227 226 189
f 226 225 188
f 225 224 187
f 224 223 186
f 223 222 185
f 222 221 184
f 221 220 183
f 220 219 182
f 219 218 181
f 218 217 180
f 217 216 179
f 216 215 178
f 215 214 177
f 214 213 176
f 213 212 175
f 212 211 174
f 211 210 173
f 210 209 172
f 209 208 171
f 208 207 170
f 207 206 169
f 206 205 168
f 205 204 167
f 204 203 166
f 203 202 165
f 202 201 164
f 201 200 163
f 200 199 162
f 199 198 161
f 198 197 160
f 197 196 159
f 196 195 158
f 195 194 157
f 194 193 156
f 193 192 155
f 192 191 154
f 46 41 154
f 44 190 153
f 190 189 152
f 189 188 151
f 188 187 150
f 187 186 149
f 186 185 148
f 185 184 147
f 184 183 146
f 183 182 145
f 182 181 144
f 181 180 143
f 180 179 142
f 179 178 141
f 178 177 140
f 177 176 139
f 176 175 138
f 175 174 137
f 174 173 136
f 173 172 135
f 172 171 134
f 171 170 133
f 170 169 132
f 169 168 131
f 168 167 130
f 167 166 129
f 166 165 128
f 165 164 127
f 164 163 126
f 163 162 125
f 162 161 124
f 161 160 123
f 160 159 122
f 159 158 121
f 158 157 120
f 157 156 119
f 156 155 118
f 155 154 117
f 42 116 117
f 40 153 38
f 153 152 37
f 152 151 36
f 151 150 35
f 150 149 34
f 149 148 33
f 148 147 32
f 147 146 31
f 146 145 30
f 145 144 29
f 144 143 28
f 143 142 27
f 142 141 26
f 141 140 25
f 140 139 24
f 139 138 23
f 138 137 22
f 137 136 21
f 136 135 20
f 135 134 19
f 134 133 18
f 133 132 17
f 132 131 16
f 131 130 15
f 130 129 14
f 129 128 13
f 128 127 12
f 127 126 11
f 126 125 10
f 125 124 9
f 124 123 8
f 123 122 7
f 122 121 6
f 121 120 5
f 120 119 4
f 119 118 3
f 118 117 2
f 117 116 1
f 39 265 363
f 265 266 364
f 266 267 365
f 267 268 366
f 268 269 367
f 269 270 368
f 270 271 369
f 271 272 370
f 272 273 371
f 273 274 372
f 274 275 373
f 275 276 374
f 276 277 375
f 277 278 376
f 278 279 377
f 279 280 378
f 280 281 379
f 281 282 380
f 282 283 381
f 283 284 382
f 284 285 383
f 285 286 384
f 286 287 385
f 287 288 386
f 288 289 387
f 289 290 388
f 290 291 389
f 291 292 390
f 292 293 391
f 293 294 392
f 294 295 393
f 295 296 394
f 296 297 395
f 297 298 396
f 298 299 397
f 299 300 398
f 300 301 399
f 301 1 116
f 363 400 44
f 44 43 363
f 363 364 401
f 364 365 402
f 365 366 403
f 366 367 404
f 367 368 405
f 368 369 406
f 369 370 407
f 370 371 408
f 371 372 409
f 372 373 410
f 373 374 411
f 374 375 412
f 375 376 413
f 376 377 414
f 377 378 415
f 378 379 416
f 379 380 417
f 380 381 418
f 381 382 419
f 382 383 420
f 383 384 421
f 384 385 422
f 385 386 423
f 386 387 424
f 387 388 425
f 388 389 426
f 389 390 427
f 390 391 428
f 391 392 429
f 392 393 430
f 393 394 431
f 394 395 432
f 395 396 433
f 396 397 434
f 397 398 435
f 398 399 436
f 399 42 41
f 399 116 42
f 437 50 47
f 47 400 437
f 400 401 438
f 401 402 439
f 402 403 440
f 403 404 441
f 404 405 442
f 405 406 443
f 406 407 444
f 407 408 445
f 408 409 446
f 409 410 447
f 410 411 448
f 411 412 449
f 412 413 450
f 413 414 451
f 414 415 452
f 415 416 453
f 416 417 454
f 417 418 455
f 418 419 456
f 419 420 457
f 420 421 458
f 421 422 459
f 422 423 460
f 423 424 461
f 424 425 462
f 425 426 463
f 426 427 464
f 427 428 465
f 428 429 466
f 429 430 467
f 430 431 468
f 431 432 469
f 432 433 470
f 433 434 471
f 434 435 472
f 435 436 473
f 473 436 46
f 436 41 46
f 437 474 51
f 474 113 51
f 437 438 475
f 438 439 476
f 439 440 477
f 440 441 478
f 441 442 479
f 442 443 480
f 443 444 481
f 444 445 482
f 445 446 483
f 446 447 484
f 447 448 485
f 448 449 486
f 449 450 487
f 450 451 488
f 451 452 489
f 452 453 490
f 453 454 491
f 454 455 492
f 455 456 493
f 456 457 494
f 457 458 495
f 458 459 496
f 459 460 497
f 460 461 498
f 461 462 499
f 462 463 500
f 463 464 501
f 464 465 502
f 465 466 503
f 466 467 504
f 467 468 505
f 468 469 506
f 469 470 507
f 470 471 508
f 471 472 509
f 472 473 510
f 473 45 48
f 48 510 473
f 113 474 302
f 475 303 304
f 304 474 475
f 475 476 305
f 476 306 305
f 476 477 307
f 478 308 309
f 309 477 478
f 478 479 310
f 479 311 310
f 479 480 312
f 481 313 314
f 314 480 481
f 481 482 315
f 482 316 315
f 482 483 317
f 484 318 319
f 319 483 484
f 484 485 320
f 485 321 320
f 485 486 322
f 487 323 324
f 324 486 487
f 487 488 325
f 488 326 325
f 488 489 327
f 490 328 329
f 329 489 490
f 490 491 330
f 491 331 330
f 491 492 332
f 492 493 333
f 494 334 335
f 335 493 494
f 494 495 336
f 495 337 336
f 495 496 338
f 497 339 340
f 340 496 497
f 497 498 341
f 498 342 341
f 498 499 343
f 500 344 345
f 345 499 500
f 500 501 346
f 501 347 346
f 501 502 348
f 503 349 350
f 350 502 503
f 503 504 351
f 504 352 351
f 504 505 353
f 506 354 355
f 355 505 506
f 506 507 356
f 507 357 356
f 507 508 358
f 509 359 360
f 360 508 509
f 509 510 361
f 510 362 361
f 510 49 115
f 115 362 510
f 361 359 509
f 360 358 508
f 358 357 507
f 356 354 506
f 355 353 505
f 353 352 504
f 351 349 503
f 350 348 502
f 348 347 501
f 346 344 500
f 345 343 499
f 343 342 498
f 341 339 497
f 340 338 496
f 338 337 495
f 336 334 494
f 335 333 493
f 333 332 492
f 332 331 491
f 330 328 490
f 329 327 489
f 327 326 488
f 325 323 487
f 324 322 486
f 322 321 485
f 320 318 484
f 319 317 483
f 317 316 482
f 315 313 481
f 314 312 480
f 312 311 479
f 310 308 478
f 309 307 477
f 307 306 476
f 305 303 475
f 304 302 474
f 302 114 113
f 48 49 510
f 510 509 472
f 509 508 471
f 508 507 470
f 507 506 469
f 506 505 468
f 505 504 467
f 504 503 466
f 503 502 465
f 502 501 464
f 501 500 463
f 500 499 462
f 499 498 461
f 498 497 460
f 497 496 459
f 496 495 458
f 495 494 457
f 494 493 456
f 493 492 455
f 492 491 454
f 491 490 453
f 490 489 452
f 489 488 451
f 488 487 450
f 487 486 449
f 486 485 448
f 485 484 447
f 484 483 446
f 483 482 445
f 482 481 444
f 481 480 443
f 480 479 442
f 479 478 441
f 478 477 440
f 477 476 439
f 476 475 438
f 475 474 437
f 51 50 437
f 46 45 473
f 473 472 435
f 472 471 434
f 471 470 433
f 470 469 432
f 469 468 431
f 468 467 430
f 467 466 429
f 466 465 428
f 465 464 427
f 464 463 426
f 463 462 425
f 462 461 424
f 461 460 423
f 460 459 422
f 459 458 421
f 458 457 420
f 457 456 419
f 456 455 418
f 455 454 417
f 454 453 416
f 453 452 415
f 452 451 414
f 451 450 413
f 450 449 412
f 449 448 411
f 448 447 410
f 447 446 409
f 446 445 408
f 445 444 407
f 444 443 406
f 443 442 405
f 442 441 404
f 441 440 403
f 440 439 402
f 439 438 401
f 438 437 400
f 47 44 400
f 41 436 399
f 436 435 398
f 435 434 397
f 434 433 396
f 433 432 395
f 432 431 394
f 431 430 393
f 430 429 392
f 429 428 391
f 428 427 390
f 427 426 389
f 426 425 388
f 425 424 387
f 424 423 386
f 423 422 385
f 422 421 384
f 421 420 383
f 420 419 382
f 419 418 381
f 418 417 380
f 417 416 379
f 416 415 378
f 415 414 377
f 414 413 376
f 413 412 375
f 412 411 374
f 411 410 373
f 410 409 372
f 409 408 371
f 408 407 370
f 407 406 369
f 406 405 368
f 405 404 367
f 404 403 366
f 403 402 365
f 402 401 364
f 401 400 363
f 43 40 363
f 116 399 301
f 399 398 300
f 398 397 299
f 397 396 298
f 396 395 297
f 395 394 296
f 394 393 295
f 393 392 294
f 392 391 293
f 391 390 292
f 390 389 291
f 389 388 290
f 388 387 289
f 387 386 288
f 386 385 287
f 385 384 286
f 384 383 285
f 383 382 284
f 382 381 283
f 381 380 282
f 380 379 281
f 379 378 280
f 378 377 279
f 377 376 278
f 376 375 277
f 375 374 276
f 374 373 275
f 373 372 274
f 372 371 273
f 371 370 272
f 370 369 271
f 369 368 270
f 368 367 269
f 367 366 268
f 366 365 267
f 365 364 266
f 364 363 265
f 363 40 39
f 511 115 52
f 52 512 511
f 513 512 53
f 512 54 53
f 513 56 57
f 57 514 513
f 513 55 56
f 515 514 58
f 514 59 58
f 515 61 62
f 515 60 61
f 62 516 515
f 517 516 63
f 516 64 63
f 517 66 67
f 67 518 517
f 517 65 66
f 518 69 68
f 68 519 518
f 520 519 71
f 519 70 71
f 71 72 520
f 520 74 73
f 73 521 520
f 522 521 76
f 76 77 522
f 521 75 76
f 522 79 78
f 78 523 522
f 524 523 81
f 523 80 81
f 524 82 83
f 83 525 524
f 526 525 84
f 525 85 84
f 526 87 88
f 88 527 526
f 526 86 87
f 528 527 89
f 527 90 89
f 528 92 93
f 528 91 92
f 93 529 528
f 530 529 94
f 529 95 94
f 530 97 98
f 530 96 97
f 98 531 530
f 531 100 99
f 99 532 531
f 533 532 102
f 532 101 102
f 102 103 533
f 533 105 104
f 104 534 533
f 535 534 107
f 534 106 107
f 107 108 535
f 535 110 109
f 109 536 535
f 537 536 112
f 536 111 112
f 112 114 537
f 109 111 536
f 108 110 535
f 104 106 534
f 103 105 533
f 99 101 532
f 98 100 531
f 94 96 530
f 93 95 529
f 89 91 528
f 88 90 527
f 84 86 526
f 83 85 525
f 81 82 524
f 78 80 523
f 77 79 522
f 73 75 521
f 72 74 520
f 68 70 519
f 67 69 518
f 63 65 517
f 62 64 516
f 58 60 515
f 57 59 514
f 53 55 513
f 52 54 512
f 537 114 302
f 302 538 537
f 539 538 303
f 538 304 303
f 539 306 307
f 307 540 539
f 539 305 306
f 541 540 308
f 540 309 308
f 541 311 312
f 312 542 541
f 541 310 311
f 543 542 313
f 542 314 313
f 543 316 317
f 317 544 543
f 543 315 316
f 544 319 318
f 318 545 544
f 546 545 321
f 545 320 321
f 321 322 546
f 546 324 323
f 323 547 546
f 548 547 326
f 326 327 548
f 547 325 326
f 548 329 328
f 328 549 548
f 550 549 331
f 549 330 331
f 550 332 333
f 333 551 550
f 552 551 334
f 551 335 334
f 552 337 338
f 552 336 337
f 338 553 552
f 554 553 339
f 553 340 339
f 554 342 343
f 554 341 342
f 343 555 554
f 556 555 344
f 555 345 344
f 556 347 348
f 556 346 347
f 348 557 556
f 557 350 349
f 349 558 557
f 559 558 352
f 558 351 352
f 352 353 559
f 559 355 354
f 354 560 559
f 561 560 357
f 560 356 357
f 357 358 561
f 561 360 359
f 359 562 561
f 511 562 362
f 562 361 362
f 362 115 511
f 359 361 562
f 358 360 561
f 354 356 560
f 353 355 559
f 349 351 558
f 348 350 557
f 344 346 556
f 343 345 555
f 339 341 554
f 338 340 553
f 334 336 552
f 333 335 551
f 331 332 550
f 328 330 549
f 327 329 548
f 323 325 547
f 322 324 546
f 318 320 545
f 317 319 544
f 313 315 543
f 312 314 542
f 308 310 541
f 307 309 540
f 303 305 539
f 302 304 538
f 532 563 564
f 533 534 565
f 563 532 533
f 534 535 566
f 535 536 567
f 567 566 535
f 566 565 534
f 565 563 533
f 536 537 568
f 538 569 568
f 568 537 538
f 539 570 569
f 540 571 570
f 541 572 571
f 571 540 541
f 541 542 572
f 570 539 540
f 542 543 573
f 543 544 574
f 574 573 543
f 544 545 575
f 545 546 576
f 576 575 545
f 547 577 576
f 548 578 577
f 577 547 548
f 549 579 578
f 578 548 549
f 576 546 547
f 575 574 544
f 573 572 542
f 550 580 579
f 579 549 550
f 551 552 581
f 581 580 551
f 552 553 582
f 582 581 552
f 550 551 580
f 553 554 583
f 555 584 583
f 583 554 555
f 556 585 584
f 584 555 556
f 557 586 585
f 558 587 586
f 559 560 588
f 587 558 559
f 588 587 559
f 560 561 589
f 589 588 560
f 586 557 558
f 585 556 557
f 561 562 590
f 562 511 591
f 512 592 591
f 591 511 512
f 591 590 562
f 590 589 561
f 583 582 553
f 569 538 539
f 568 567 536
f 513 593 592
f 514 594 593
f 515 595 594
f 594 514 515
f 515 516 595
f 593 513 514
f 516 517 596
f 517 518 597
f 597 596 517
f 518 519 598
f 519 520 599
f 599 598 519
f 521 600 599
f 522 601 600
f 600 521 522
f 599 520 521
f 523 602 601
f 524 525 603
f 602 523 524
f 525 526 604
f 604 603 525
f 603 602 524
f 601 522 523
f 598 597 518
f 596 595 516
f 526 527 605
f 527 528 606
f 606 605 527
f 529 607 606
f 530 608 607
f 607 529 530
f 531 564 608
f 608 530 531
f 606 528 529
f 605 604 526
f 592 512 513
f 564 531 532
f 591 592 609
f 593 610 611
f 611 592 593
f 594 612 613
f 613 593 594
f 594 595 614
f 595 596 615
f 615 616 595
f 596 617 615
f 596 597 618
f 597 598 619
f 598 620 619
f 598 599 621
f 599 622 621
f 599 600 623
f 601 624 625
f 625 600 601
f 602 626 627
f 627 601 602
f 602 603 628
f 604 629 630
f 604 631 629
f 630 603 604
f 604 605 632
f 605 606 633
f 606 634 633
f 606 607 635
f 607 636 635
f 607 608 637
f 608 564 638
f 564 639 638
f 563 640 641
f 641 564 563
f 563 565 642
f 566 643 644
f 644 565 566
f 567 645 646
f 646 566 567
f 567 568 647
f 568 648 647
f 647 645 567
f 646 643 566
f 644 642 565
f 642 640 563
f 641 639 564
f 638 637 608
f 637 636 607
f 635 634 606
f 633 632 605
f 632 631 604
f 630 628 603
f 628 626 602
f 627 624 601
f 625 623 600
f 623 622 599
f 621 620 598
f 619 618 597
f 618 617 596
f 616 614 595
f 614 612 594
f 613 610 593
f 611 609 592
f 609 649 591
f 644 643 650
f 643 651 650
f 650 652 644
f 643 646 651
f 653 650 651
f 653 654 652
f 652 650 653
f 651 655 653
f 656 644 652
f 652 654 656
f 654 657 656
f 658 655 651
f 658 659 655
f 651 646 658
f 657 660 661
f 661 656 657
f 660 662 663
f 663 661 660
f 640 642 656
f 656 661 640
f 661 663 640
f 663 664 640
f 664 641 640
f 642 644 656
f 662 665 664
f 664 663 662
f 664 666 667
f 664 665 666
f 667 641 664
f 668 669 670
f 668 671 667
f 667 666 668
f 670 671 668
f 638 639 671
f 667 671 639
f 639 641 667
f 671 670 638
f 672 638 670
f 670 669 672
f 669 673 672
f 673 674 675
f 675 672 673
f 674 676 677
f 677 675 674
f 637 677 678
f 637 672 675
f 675 677 637
f 678 635 636
f 678 636 637
f 637 638 672
f 676 679 678
f 678 677 676
f 678 680 681
f 678 679 680
f 681 635 678
f 682 683 684
f 682 685 681
f 681 680 682
f 684 685 682
f 684 633 634
f 635 681 685
f 685 634 635
f 634 685 684
f 686 633 684
f 684 683 686
f 683 687 686
f 687 688 689
f 689 686 687
f 688 690 691
f 691 689 688
f 632 633 686
f 632 689 691
f 691 692 632
f 692 629 631
f 692 631 632
f 686 689 632
f 690 693 692
f 692 691 690
f 692 694 695
f 692 693 694
f 695 629 692
f 696 697 695
f 696 698 699
f 699 697 696
f 695 694 696
f 629 695 697
f 697 630 629
f 697 699 630
f 700 630 699
f 699 698 700
f 698 701 700
f 701 702 703
f 703 700 701
f 702 704 705
f 705 703 702
f 626 628 700
f 700 703 626
f 703 705 626
f 626 705 706
f 706 627 626
f 628 630 700
f 704 707 706
f 706 705 704
f 706 708 709
f 706 707 708
f 709 627 706
f 710 711 709
f 710 712 713
f 713 711 710
f 709 708 710
f 625 624 711
f 709 711 624
f 624 627 709
f 711 713 625
f 714 625 713
f 713 712 714
f 712 715 714
f 715 716 717
f 717 714 715
f 716 718 719
f 719 717 716
f 623 719 720
f 623 714 717
f 717 719 623
f 720 621 622
f 720 622 623
f 623 625 714
f 718 721 720
f 720 719 718
f 720 722 723
f 720 721 722
f 723 621 720
f 724 725 723
f 724 726 727
f 727 725 724
f 723 722 724
f 727 619 620
f 621 723 725
f 725 620 621
f 620 725 727
f 728 619 727
f 727 726 728
f 726 729 728
f 729 730 731
f 731 728 729
f 730 732 733
f 733 731 730
f 618 619 728
f 618 733 734
f 618 731 733
f 734 615 617
f 734 617 618
f 728 731 618
f 732 735 734
f 734 733 732
f 734 736 737
f 734 735 736
f 737 615 734
f 738 739 740
f 738 741 737
f 737 736 738
f 740 741 738
f 615 737 741
f 741 616 615
f 741 740 616
f 742 616 740
f 740 739 742
f 739 743 742
f 744 659 658
f 658 745 744
f 746 744 745
f 745 747 746
f 645 748 747
f 645 647 748
f 645 745 658
f 658 646 645
f 747 745 645
f 749 746 747
f 747 748 749
f 748 647 750
f 750 751 748
f 751 749 748
f 752 751 750
f 750 753 752
f 647 648 753
f 753 750 647
f 754 752 753
f 754 755 756
f 756 757 754
f 753 755 754
f 648 758 755
f 758 756 755
f 755 753 648
f 743 759 760
f 760 742 743
f 759 761 762
f 762 760 759
f 612 614 742
f 742 760 612
f 760 762 612
f 612 762 763
f 763 613 612
f 614 616 742
f 761 764 763
f 763 762 761
f 763 765 766
f 763 764 765
f 766 613 763
f 767 768 769
f 767 770 766
f 766 765 767
f 769 770 767
f 611 610 770
f 610 766 770
f 770 769 611
f 610 613 766
f 771 611 769
f 769 768 771
f 768 772 771
f 772 773 774
f 774 771 772
f 773 775 776
f 776 774 773
f 609 776 777
f 609 771 774
f 774 776 609
f 777 649 609
f 777 778 649
f 609 611 771
f 775 779 777
f 777 776 775
f 777 780 781
f 777 779 780
f 781 778 777
f 782 783 781
f 782 784 785
f 785 783 782
f 781 780 782
f 785 786 787
f 778 781 783
f 783 787 778
f 787 783 785
f 788 786 785
f 785 784 788
f 784 789 788
f 789 790 791
f 791 788 789
f 790 792 793
f 793 791 790
f 794 793 795
f 794 791 793
f 794 788 791
f 795 796 797
f 795 797 794
f 794 786 788
f 792 798 795
f 795 793 792
f 795 799 800
f 795 798 799
f 800 796 795
f 801 802 803
f 801 804 800
f 800 799 801
f 803 804 801
f 796 800 804
f 804 805 796
f 803 806 805
f 804 803 805
f 807 806 803
f 803 802 807
f 802 808 807
f 808 809 810
f 810 807 808
f 809 811 812
f 812 810 809
f 813 806 807
f 813 810 812
f 812 814 813
f 814 815 813
f 807 810 813
f 811 816 814
f 814 812 811
f 814 817 818
f 814 816 817
f 818 815 814
f 819 820 821
f 819 822 818
f 818 817 819
f 821 822 819
f 823 824 822
f 818 822 824
f 824 815 818
f 822 821 823
f 825 823 821
f 821 820 825
f 820 826 825
f 826 827 828
f 828 825 826
f 827 829 830
f 830 828 827
f 831 832 825
f 825 828 831
f 828 830 831
f 830 833 831
f 833 834 831
f 832 823 825
f 829 835 833
f 833 830 829
f 833 836 837
f 833 835 836
f 837 834 833
f 838 839 837
f 838 840 841
f 841 839 838
f 837 836 838
f 837 839 842
f 843 842 839
f 839 841 843
f 842 834 837
f 844 843 841
f 841 840 844
f 840 845 844
f 845 846 847
f 847 844 845
f 846 848 849
f 849 847 846
f 850 847 849
f 850 851 844
f 844 847 850
f 852 853 850
f 849 852 850
f 851 843 844
f 848 854 852
f 852 849 848
f 852 855 856
f 852 854 855
f 856 853 852
f 857 858 856
f 857 859 860
f 860 858 857
f 856 855 857
f 860 861 862
f 853 856 858
f 858 862 853
f 862 858 860
f 863 861 860
f 860 859 863
f 859 864 863
f 864 865 866
f 866 863 864
f 865 867 868
f 868 866 865
f 869 861 863
f 869 868 870
f 869 866 868
f 870 871 872
f 870 872 869
f 863 866 869
f 867 873 870
f 870 868 867
f 870 874 875
f 870 873 874
f 875 871 870
f 876 877 875
f 876 878 879
f 879 877 876
f 875 874 876
f 880 871 877
f 871 875 877
f 877 879 880
f 881 880 879
f 879 878 881
f 878 882 881
f 882 883 884
f 884 881 882
f 883 885 886
f 886 884 883
f 887 888 881
f 881 884 887
f 884 886 887
f 887 886 889
f 889 890 887
f 888 880 881
f 885 891 889
f 889 886 885
f 889 892 893
f 889 891 892
f 893 890 889
f 894 895 896
f 894 897 893
f 893 892 894
f 896 897 894
f 898 899 897
f 893 897 899
f 899 890 893
f 897 896 898
f 900 898 896
f 896 895 900
f 895 901 900
f 901 902 903
f 903 900 901
f 902 904 905
f 905 903 902
f 906 905 907
f 906 900 903
f 903 905 906
f 907 908 906
f 907 909 908
f 906 898 900
f 904 910 907
f 907 905 904
f 568 569 758
f 569 911 758
f 569 570 912
f 570 571 913
f 571 914 913
f 571 572 909
f 572 908 909
f 572 573 906
f 574 899 898
f 898 573 574
f 575 887 890
f 890 574 575
f 575 576 888
f 577 871 880
f 577 872 871
f 880 576 577
f 577 578 869
f 578 579 861
f 579 862 861
f 579 580 853
f 580 850 853
f 580 581 851
f 581 582 843
f 582 842 843
f 583 831 834
f 834 582 583
f 583 584 832
f 585 824 823
f 823 584 585
f 586 813 815
f 815 585 586
f 586 587 806
f 587 805 806
f 587 588 796
f 588 797 796
f 588 589 794
f 589 590 786
f 590 787 786
f 591 649 778
f 778 590 591
f 778 787 590
f 786 794 589
f 794 797 588
f 796 805 587
f 806 813 586
f 815 824 585
f 823 832 584
f 832 831 583
f 834 842 582
f 843 851 581
f 851 850 580
f 853 862 579
f 861 869 578
f 869 872 577
f 880 888 576
f 888 887 575
f 890 899 574
f 898 906 573
f 906 908 572
f 909 914 571
f 913 912 570
f 912 911 569
f 758 648 568
f 907 915 916
f 907 910 915
f 916 909 907
f 917 757 756
f 917 918 757
f 756 758 917
f 919 920 921
f 919 922 916
f 916 915 919
f 921 922 919
f 909 916 922
f 921 913 914
f 914 922 921
f 922 914 909
f 923 913 921
f 921 920 923
f 920 924 923
f 912 925 917
f 912 926 925
f 912 923 926
f 917 758 911
f 917 911 912
f 912 913 923
f 924 927 926
f 926 923 924
f 927 928 925
f 925 926 927
f 928 918 917
f 917 925 928
f 811 929 930
f 931 932 933
f 933 811 931
f 931 934 932
f 933 935 811
f 935 929 811
f 930 816 811
f 936 819 817
f 819 936 826
f 826 820 819
f 936 937 827
f 827 826 936
f 817 816 936
f 938 829 939
f 939 940 938
f 940 941 938
f 829 942 939
f 943 829 827
f 827 937 943
f 943 942 829
f 838 836 835
f 938 845 840
f 840 838 938
f 835 938 838
f 944 945 846
f 845 946 944
f 938 947 948
f 938 949 950
f 938 951 949
f 950 947 938
f 948 845 938
f 948 946 845
f 846 845 944
f 952 848 953
f 953 954 952
f 954 955 952
f 848 956 953
f 957 848 846
f 846 945 957
f 957 956 848
f 955 958 952
f 835 829 938
f 857 855 854
f 952 864 859
f 859 857 952
f 854 952 857
f 959 960 865
f 864 961 959
f 864 962 961
f 952 963 962
f 952 964 965
f 952 966 964
f 965 963 952
f 962 864 952
f 865 864 959
f 967 867 968
f 968 969 967
f 969 970 967
f 867 971 968
f 867 972 971
f 972 867 865
f 865 960 972
f 970 973 967
f 854 848 952
f 867 974 975
f 975 873 867
f 967 976 977
f 977 867 967
f 967 978 976
f 977 979 867
f 979 974 867
f 980 876 874
f 876 980 882
f 882 878 876
f 980 981 883
f 883 882 980
f 874 873 980
f 975 980 873
f 982 885 983
f 983 984 982
f 984 985 982
f 885 986 983
f 987 885 883
f 883 981 987
f 987 986 885
f 885 988 989
f 982 990 991
f 991 885 982
f 982 992 990
f 991 993 885
f 993 988 885
f 989 891 885
f 994 894 892
f 894 994 901
f 901 895 894
f 994 995 902
f 902 901 994
f 892 891 994
f 989 994 891
f 996 904 997
f 997 998 996
f 998 999 996
f 904 1000 997
f 904 1001 1000
f 1001 904 902
f 902 995 1001
f 904 1002 1003
f 996 1004 1005
f 1005 904 996
f 996 1006 1004
f 1005 1007 904
f 1007 1002 904
f 1003 910 904
f 1008 919 915
f 919 1008 924
f 924 920 919
f 1008 1009 927
f 927 924 1008
f 915 910 1008
f 1003 1008 910
f 999 1010 996
f 1011 928 1012
f 1012 1013 1011
f 1013 1014 1011
f 928 1015 1012
f 928 1016 1015
f 1016 928 927
f 927 1009 1016
f 928 1017 1018
f 1011 1019 1020
f 1020 928 1011
f 1011 1021 1019
f 1020 1022 928
f 1022 1017 928
f 1018 918 928
f 1023 754 757
f 752 1023 749
f 749 751 752
f 752 754 1023
f 1023 1024 746
f 746 749 1023
f 757 918 1023
f 1018 1023 918
f 1025 744 1026
f 1026 1027 1025
f 1027 1028 1025
f 744 1029 1026
f 744 1030 1029
f 1030 744 746
f 746 1024 1030
f 744 1031 1032
f 1025 1033 1034
f 1034 744 1025
f 1025 1035 1033
f 1034 1036 744
f 1036 1031 744
f 1032 659 744
f 1037 653 655
f 653 1037 657
f 657 654 653
f 1037 1038 660
f 660 657 1037
f 655 659 1037
f 1032 1037 659
f 1028 1039 1025
f 1014 1040 1011
f 1041 662 1042
f 1042 1043 1041
f 1043 1044 1041
f 662 1045 1042
f 662 1046 1045
f 1046 662 660
f 660 1038 1046
f 668 666 665
f 1041 673 669
f 669 668 1041
f 665 1041 668
f 1047 1048 674
f 673 1049 1047
f 673 1050 1049
f 1041 1051 1050
f 1041 1052 1053
f 1041 1054 1052
f 1053 1051 1041
f 1050 673 1041
f 674 673 1047
f 1055 676 1056
f 1056 1057 1055
f 1057 1058 1055
f 676 1059 1056
f 676 1060 1059
f 1060 676 674
f 674 1048 1060
f 1058 1061 1055
f 665 662 1041
f 682 680 679
f 1055 687 683
f 683 682 1055
f 679 1055 682
f 1062 1063 688
f 687 1064 1062
f 1055 1065 1066
f 1055 1067 1068
f 1055 1069 1067
f 1068 1065 1055
f 1066 687 1055
f 1066 1064 687
f 688 687 1062
f 1070 690 1071
f 1071 1072 1070
f 1072 1073 1070
f 690 1074 1071
f 1075 690 688
f 688 1063 1075
f 1075 1074 690
f 696 694 693
f 1070 701 698
f 698 696 1070
f 693 1070 696
f 1076 1077 702
f 701 1078 1076
f 1070 1079 1080
f 1070 1081 1082
f 1070 1083 1081
f 1082 1079 1070
f 1080 701 1070
f 1080 1078 701
f 702 701 1076
f 693 690 1070
f 1084 704 1085
f 1085 1086 1084
f 1086 1087 1084
f 704 1088 1085
f 704 1089 1088
f 1089 704 702
f 702 1077 1089
f 1087 1090 1084
f 704 1091 1092
f 1084 1093 1094
f 1094 704 1084
f 1084 1095 1093
f 1094 1096 704
f 1096 1091 704
f 1092 707 704
f 1097 710 708
f 710 1097 715
f 715 712 710
f 1097 1098 716
f 716 715 1097
f 708 707 1097
f 1092 1097 707
f 1099 718 1100
f 1100 1101 1099
f 1101 1102 1099
f 718 1103 1100
f 718 1104 1103
f 1104 718 716
f 716 1098 1104
f 1102 1105 1099
f 1073 1106 1070
f 679 676 1055
f 724 722 721
f 1099 729 726
f 726 724 1099
f 721 1099 724
f 1107 1108 730
f 729 1109 1107
f 1099 1110 1111
f 1099 1112 1113
f 1099 1114 1112
f 1113 1110 1099
f 1111 729 1099
f 1111 1109 729
f 730 729 1107
f 1115 732 1116
f 1116 1117 1115
f 1117 1118 1115
f 732 1119 1116
f 1120 732 730
f 730 1108 1120
f 1120 1119 732
f 1118 1121 1115
f 721 718 1099
f 1044 1122 1041
f 985 1123 982
f 738 736 735
f 1115 743 739
f 739 738 1115
f 735 1115 738
f 1124 1125 759
f 743 1126 1124
f 743 1127 1126
f 1115 1128 1127
f 1115 1129 1130
f 1115 1131 1129
f 1130 1128 1115
f 1127 743 1115
f 759 743 1124
f 1132 761 1133
f 1133 1134 1132
f 1134 1135 1132
f 761 1136 1133
f 761 1137 1136
f 1137 761 759
f 759 1125 1137
f 1135 1138 1132
f 761 1139 1140
f 1132 1141 1142
f 1142 761 1132
f 1132 1143 1141
f 1142 1144 761
f 1144 1139 761
f 1140 764 761
f 1145 767 765
f 767 1145 772
f 772 768 767
f 1145 1146 773
f 773 772 1145
f 765 764 1145
f 1147 1148 1149
f 1150 1151 1152
f 1152 1147 1150
f 775 1153 1151
f 1151 1150 775
f 1154 775 773
f 773 1146 1154
f 1154 1153 775
f 782 780 779
f 1150 789 784
f 784 782 1150
f 779 1150 782
f 1155 1156 790
f 789 1157 1155
f 789 1158 1157
f 1159 1160 1161
f 789 1150 1159
f 1161 789 1159
f 1161 1158 789
f 790 789 1155
f 1162 792 1163
f 1163 1164 1162
f 1164 1165 1162
f 792 1166 1163
f 1167 792 790
f 790 1156 1167
f 1167 1166 792
f 1165 1168 1162
f 779 775 1150
f 1149 1150 1147
f 1140 1145 764
f 735 732 1115
f 941 1169 938
f 801 799 798
f 1162 808 802
f 802 801 1162
f 798 1162 801
f 1170 1171 809
f 808 1172 1170
f 808 1173 1172
f 1162 1174 1173
f 1162 1175 1176
f 1162 1177 1175
f 1176 1174 1162
f 1173 808 1162
f 809 808 1170
f 931 811 1178
f 1178 1179 931
f 1179 1180 931
f 811 1181 1178
f 1182 811 809
f 809 1171 1182
f 1182 1181 811
f 1180 1183 931
f 798 792 1162
f 930 936 816
f 1158 1161 1184
f 1157 1158 1185
f 1155 1157 1186
f 1186 1187 1155
f 1185 1186 1157
f 1184 1185 1158
f 1155 1187 1188
f 1188 1156 1155
f 1167 1156 1188
f 1166 1167 1189
f 1163 1166 1190
f 1190 1191 1163
f 1189 1190 1166
f 1188 1189 1167
f 1080 1079 1192
f 1078 1080 1193
f 1076 1078 1194
f 1194 1195 1076
f 1193 1194 1078
f 1192 1193 1080
f 1076 1195 1196
f 1196 1077 1076
f 1089 1077 1196
f 1088 1089 1197
f 1085 1088 1198
f 1198 1199 1085
f 1197 1198 1088
f 1196 1197 1089
f 1127 1128 1200
f 1126 1127 1201
f 1124 1126 1202
f 1202 1203 1124
f 1201 1202 1126
f 1200 1201 1127
f 1124 1203 1204
f 1204 1125 1124
f 1137 1125 1204
f 1136 1137 1205
f 1133 1136 1206
f 1206 1207 1133
f 1205 1206 1136
f 1204 1205 1137
f 1002 1007 1208
f 1003 1002 1209
f 1008 1003 1210
f 1210 1211 1008
f 1209 1210 1003
f 1208 1209 1002
f 1008 1211 1212
f 1212 1009 1008
f 1016 1009 1212
f 1015 1016 1213
f 1012 1015 1214
f 1214 1215 1012
f 1213 1214 1015
f 1212 1213 1016
f 1050 1051 1216
f 1049 1050 1217
f 1047 1049 1218
f 1218 1219 1047
f 1217 1218 1049
f 1216 1217 1050
f 1047 1219 1220
f 1220 1048 1047
f 1060 1048 1220
f 1059 1060 1221
f 1056 1059 1222
f 1222 1223 1056
f 1221 1222 1059
f 1220 1221 1060
f 988 993 1224
f 989 988 1225
f 994 989 1226
f 1226 1227 994
f 1225 1226 989
f 1224 1225 988
f 994 1227 1228
f 1228 995 994
f 1001 995 1228
f 1000 1001 1229
f 997 1000 1230
f 1230 1231 997
f 1229 1230 1000
f 1228 1229 1001
f 1066 1065 1232
f 1064 1066 1233
f 1062 1064 1234
f 1234 1235 1062
f 1233 1234 1064
f 1232 1233 1066
f 1062 1235 1236
f 1236 1063 1062
f 1075 1063 1236
f 1074 1075 1237
f 1071 1074 1238
f 1238 1239 1071
f 1237 1238 1074
f 1236 1237 1075
f 974 979 1240
f 975 974 1241
f 980 975 1242
f 1242 1243 980
f 1241 1242 975
f 1240 1241 974
f 980 1243 1244
f 1244 981 980
f 987 981 1244
f 986 987 1245
f 983 986 1246
f 1246 1247 983
f 1245 1246 986
f 1244 1245 987
f 1017 1022 1248
f 1018 1017 1249
f 1023 1018 1250
f 1250 1251 1023
f 1249 1250 1018
f 1248 1249 1017
f 1023 1251 1252
f 1252 1024 1023
f 1030 1024 1252
f 1029 1030 1253
f 1026 1029 1254
f 1254 1255 1026
f 1253 1254 1029
f 1252 1253 1030
f 962 963 1256
f 961 962 1257
f 959 961 1258
f 1258 1259 959
f 1257 1258 961
f 1256 1257 962
f 959 1259 1260
f 1260 960 959
f 972 960 1260
f 971 972 1261
f 968 971 1262
f 1262 1263 968
f 1261 1262 971
f 1260 1261 972
f 1091 1096 1264
f 1092 1091 1265
f 1097 1092 1266
f 1266 1267 1097
f 1265 1266 1092
f 1264 1265 1091
f 1097 1267 1268
f 1268 1098 1097
f 1104 1098 1268
f 1103 1104 1269
f 1100 1103 1270
f 1270 1271 1100
f 1269 1270 1103
f 1268 1269 1104
f 948 947 1272
f 946 948 1273
f 944 946 1274
f 1274 1275 944
f 1273 1274 946
f 1272 1273 948
f 944 1275 1276
f 1276 945 944
f 957 945 1276
f 956 957 1277
f 953 956 1278
f 1278 1279 953
f 1277 1278 956
f 1276 1277 957
f 1111 1110 1280
f 1109 1111 1281
f 1107 1109 1282
f 1282 1283 1107
f 1281 1282 1109
f 1280 1281 1111
f 1107 1283 1284
f 1284 1108 1107
f 1120 1108 1284
f 1119 1120 1285
f 1116 1119 1286
f 1286 1287 1116
f 1285 1286 1119
f 1284 1285 1120
f 929 935 1288
f 930 929 1289
f 936 930 1290
f 1290 1291 936
f 1289 1290 930
f 1288 1289 929
f 936 1291 1292
f 1292 937 936
f 943 937 1292
f 942 943 1293
f 939 942 1294
f 1294 1295 939
f 1293 1294 942
f 1292 1293 943
f 1139 1144 1296
f 1140 1139 1297
f 1145 1140 1298
f 1298 1299 1145
f 1297 1298 1140
f 1296 1297 1139
f 1145 1299 1300
f 1300 1146 1145
f 1154 1146 1300
f 1153 1154 1301
f 1151 1153 1302
f 1302 1303 1151
f 1301 1302 1153
f 1300 1301 1154
f 1173 1174 1304
f 1172 1173 1305
f 1170 1172 1306
f 1306 1307 1170
f 1305 1306 1172
f 1304 1305 1173
f 1170 1307 1308
f 1308 1171 1170
f 1182 1171 1308
f 1181 1182 1309
f 1178 1181 1310
f 1310 1311 1178
f 1309 1310 1181
f 1308 1309 1182
f 1031 1036 1312
f 1032 1031 1313
f 1037 1032 1314
f 1314 1315 1037
f 1313 1314 1032
f 1312 1313 1031
f 1037 1315 1316
f 1316 1038 1037
f 1046 1038 1316
f 1045 1046 1317
f 1042 1045 1318
f 1318 1319 1042
f 1317 1318 1045
f 1316 1317 1046
f 1320 1149 1148
f 1321 1320 1322
f 1321 1149 1320
f 1322 1323 1321
f 1321 1150 1149
f 1159 1324 1325
f 1160 1325 1184
f 1321 1326 1327
f 1321 1323 1328
f 1328 1326 1321
f 1324 1159 1150
f 1150 1321 1324
f 1327 1324 1321
f 1184 1161 1160
f 1325 1160 1159
f 1328 1323 1322
f 1322 1329 1328
f 1151 1303 1330
f 1152 1330 1331
f 1331 1320 1148
f 1320 1332 1329
f 1320 1331 1333
f 1333 1332 1320
f 1329 1322 1320
f 1148 1147 1331
f 1331 1147 1152
f 1330 1152 1151
f 1326 1328 1329
f 1329 1332 1326
f 1334 1327 1326
f 1332 1334 1326
f 1333 1334 1332
f 1162 1335 1336
f 1162 1168 1335
f 1162 1337 1338
f 1338 1339 1162
f 1339 1177 1162
f 1336 1337 1162
f 1163 1191 1340
f 1164 1340 1341
f 1342 1335 1168
f 1335 1342 1343
f 1343 1336 1335
f 1165 1341 1344
f 1344 1342 1165
f 1168 1165 1342
f 1341 1165 1164
f 1340 1164 1163
f 1175 1345 1346
f 1176 1346 1304
f 1175 1347 1348
f 1347 1339 1338
f 1347 1175 1177
f 1177 1339 1347
f 1338 1349 1347
f 1348 1345 1175
f 1304 1174 1176
f 1346 1176 1175
f 1350 1351 1343
f 1343 1342 1350
f 1350 1347 1349
f 1350 1348 1347
f 1349 1351 1350
f 1342 1344 1350
f 1343 1351 1337
f 1349 1338 1337
f 1337 1351 1349
f 1337 1336 1343
f 931 1352 1353
f 931 1183 1352
f 931 1354 1355
f 1355 1356 931
f 1356 934 931
f 1353 1354 931
f 932 1357 1358
f 933 1358 1288
f 1356 1359 1360
f 1356 1355 1361
f 1361 1359 1356
f 1357 932 934
f 934 1356 1357
f 1360 1357 1356
f 1288 935 933
f 1358 933 932
f 1178 1311 1362
f 1179 1362 1363
f 1363 1352 1183
f 1352 1364 1365
f 1352 1363 1366
f 1366 1364 1352
f 1365 1353 1352
f 1183 1180 1363
f 1363 1180 1179
f 1362 1179 1178
f 1367 1368 1365
f 1365 1364 1367
f 1367 1359 1361
f 1367 1360 1359
f 1361 1368 1367
f 1364 1366 1367
f 1365 1368 1354
f 1361 1355 1354
f 1354 1368 1361
f 1354 1353 1365
f 938 1369 1370
f 1370 1371 938
f 938 1372 1373
f 938 1169 1372
f 1373 1369 938
f 1371 951 938
f 949 1374 1375
f 950 1375 1272
f 1371 1376 1377
f 1376 1371 1370
f 1370 1378 1376
f 1374 949 951
f 951 1371 1374
f 1377 1374 1371
f 1272 947 950
f 1375 950 949
f 939 1295 1379
f 940 1379 1380
f 1381 1372 1169
f 1372 1381 1382
f 1382 1373 1372
f 941 1380 1383
f 1383 1381 941
f 1169 941 1381
f 1380 941 940
f 1379 940 939
f 1384 1376 1378
f 1384 1377 1376
f 1384 1385 1382
f 1382 1381 1384
f 1381 1383 1384
f 1378 1385 1384
f 1370 1369 1385
f 1373 1382 1385
f 1385 1369 1373
f 1385 1378 1370
f 952 1386 1387
f 1387 1388 952
f 952 1389 1390
f 952 958 1389
f 1390 1386 952
f 1388 966 952
f 964 1391 1392
f 965 1392 1256
f 1388 1393 1394
f 1388 1387 1395
f 1395 1393 1388
f 1391 964 966
f 966 1388 1391
f 1394 1391 1388
f 1256 963 965
f 1392 965 964
f 953 1279 1396
f 954 1396 1397
f 1398 1389 958
f 1398 1399 1390
f 1390 1389 1398
f 955 1397 1400
f 1400 1398 955
f 958 955 1398
f 1397 955 954
f 1396 954 953
f 1401 1393 1395
f 1401 1394 1393
f 1401 1402 1399
f 1399 1398 1401
f 1398 1400 1401
f 1395 1402 1401
f 1399 1402 1386
f 1395 1387 1386
f 1386 1402 1395
f 1386 1390 1399
f 967 1403 1404
f 1404 1405 967
f 967 1406 1407
f 967 973 1406
f 1407 1403 967
f 1405 978 967
f 976 1408 1409
f 977 1409 1240
f 1405 1410 1411
f 1405 1404 1412
f 1412 1410 1405
f 1408 976 978
f 978 1405 1408
f 1411 1408 1405
f 1240 979 977
f 1409 977 976
f 968 1263 1413
f 969 1413 1414
f 1415 1406 973
f 1415 1416 1407
f 1407 1406 1415
f 970 1414 1417
f 1417 1415 970
f 973 970 1415
f 1414 970 969
f 1413 969 968
f 1418 1419 1416
f 1416 1415 1418
f 1418 1410 1412
f 1418 1411 1410
f 1412 1419 1418
f 1415 1417 1418
f 1403 1407 1416
f 1403 1419 1412
f 1412 1404 1403
f 1416 1419 1403
f 982 1420 1421
f 982 1123 1420
f 982 1422 1423
f 1423 1424 982
f 1424 992 982
f 1421 1422 982
f 990 1425 1426
f 991 1426 1224
f 1424 1427 1428
f 1424 1423 1429
f 1429 1427 1424
f 1425 990 992
f 992 1424 1425
f 1428 1425 1424
f 1224 993 991
f 1426 991 990
f 983 1247 1430
f 984 1430 1431
f 1432 1420 1123
f 1432 1433 1421
f 1421 1420 1432
f 985 1431 1434
f 1434 1432 985
f 1123 985 1432
f 1431 985 984
f 1430 984 983
f 1435 1436 1433
f 1433 1432 1435
f 1435 1427 1429
f 1435 1428 1427
f 1429 1436 1435
f 1432 1434 1435
f 1422 1421 1433
f 1422 1436 1429
f 1429 1423 1422
f 1433 1436 1422
f 996 1437 1438
f 996 1010 1437
f 996 1439 1440
f 1440 1441 996
f 1441 1006 996
f 1438 1439 996
f 1004 1442 1443
f 1005 1443 1208
f 1004 1444 1445
f 1444 1441 1440
f 1444 1004 1006
f 1006 1441 1444
f 1440 1446 1444
f 1445 1442 1004
f 1208 1007 1005
f 1443 1005 1004
f 997 1231 1447
f 998 1447 1448
f 1449 1437 1010
f 1449 1450 1438
f 1438 1437 1449
f 999 1448 1451
f 1451 1449 999
f 1010 999 1449
f 1448 999 998
f 1447 998 997
f 1452 1453 1450
f 1450 1449 1452
f 1452 1444 1446
f 1452 1445 1444
f 1446 1453 1452
f 1449 1451 1452
f 1450 1453 1439
f 1446 1440 1439
f 1439 1453 1446
f 1439 1438 1450
f 1011 1454 1455
f 1455 1456 1011
f 1011 1457 1458
f 1011 1040 1457
f 1458 1454 1011
f 1456 1021 1011
f 1012 1215 1459
f 1013 1459 1460
f 1461 1457 1040
f 1461 1462 1458
f 1458 1457 1461
f 1014 1460 1463
f 1463 1461 1014
f 1040 1014 1461
f 1460 1014 1013
f 1459 1013 1012
f 1019 1464 1465
f 1020 1465 1248
f 1019 1466 1467
f 1466 1456 1455
f 1466 1019 1021
f 1021 1456 1466
f 1455 1468 1466
f 1467 1464 1019
f 1248 1022 1020
f 1465 1020 1019
f 1469 1466 1468
f 1469 1467 1466
f 1469 1470 1462
f 1462 1461 1469
f 1461 1463 1469
f 1468 1470 1469
f 1455 1454 1470
f 1458 1462 1470
f 1470 1454 1458
f 1470 1468 1455
f 1025 1471 1472
f 1472 1473 1025
f 1025 1474 1475
f 1025 1039 1474
f 1475 1471 1025
f 1473 1035 1025
f 1026 1255 1476
f 1027 1476 1477
f 1478 1474 1039
f 1478 1479 1475
f 1475 1474 1478
f 1028 1477 1480
f 1480 1478 1028
f 1039 1028 1478
f 1477 1028 1027
f 1476 1027 1026
f 1033 1481 1482
f 1034 1482 1312
f 1473 1483 1484
f 1473 1472 1485
f 1485 1483 1473
f 1481 1033 1035
f 1035 1473 1481
f 1484 1481 1473
f 1312 1036 1034
f 1482 1034 1033
f 1486 1483 1485
f 1486 1484 1483
f 1486 1487 1479
f 1479 1478 1486
f 1478 1480 1486
f 1485 1487 1486
f 1472 1471 1487
f 1479 1487 1471
f 1471 1475 1479
f 1487 1485 1472
f 1041 1488 1489
f 1041 1122 1488
f 1041 1490 1491
f 1491 1492 1041
f 1492 1054 1041
f 1489 1490 1041
f 1052 1493 1494
f 1053 1494 1216
f 1052 1495 1496
f 1495 1492 1491
f 1495 1052 1054
f 1054 1492 1495
f 1491 1497 1495
f 1496 1493 1052
f 1216 1051 1053
f 1494 1053 1052
f 1042 1319 1498
f 1043 1498 1499
f 1500 1488 1122
f 1500 1501 1489
f 1489 1488 1500
f 1044 1499 1502
f 1502 1500 1044
f 1122 1044 1500
f 1499 1044 1043
f 1498 1043 1042
f 1503 1504 1501
f 1501 1500 1503
f 1503 1495 1497
f 1503 1496 1495
f 1497 1504 1503
f 1500 1502 1503
f 1490 1489 1501
f 1490 1504 1497
f 1497 1491 1490
f 1501 1504 1490
f 1070 1505 1506
f 1506 1507 1070
f 1070 1508 1509
f 1070 1106 1508
f 1509 1505 1070
f 1507 1083 1070
f 1081 1510 1511
f 1082 1511 1192
f 1081 1512 1513
f 1512 1507 1506
f 1512 1081 1083
f 1083 1507 1512
f 1506 1514 1512
f 1513 1510 1081
f 1192 1079 1082
f 1511 1082 1081
f 1071 1239 1515
f 1072 1515 1516
f 1516 1508 1106
f 1508 1517 1518
f 1508 1516 1519
f 1519 1517 1508
f 1518 1509 1508
f 1106 1073 1516
f 1516 1073 1072
f 1515 1072 1071
f 1520 1512 1514
f 1520 1513 1512
f 1520 1521 1518
f 1518 1517 1520
f 1517 1519 1520
f 1514 1521 1520
f 1518 1521 1505
f 1514 1506 1505
f 1505 1521 1514
f 1505 1509 1518
f 1084 1522 1523
f 1523 1524 1084
f 1084 1525 1526
f 1084 1090 1525
f 1526 1522 1084
f 1524 1095 1084
f 1085 1199 1527
f 1086 1527 1528
f 1528 1525 1090
f 1525 1529 1530
f 1525 1528 1531
f 1531 1529 1525
f 1530 1526 1525
f 1090 1087 1528
f 1528 1087 1086
f 1527 1086 1085
f 1093 1532 1533
f 1094 1533 1264
f 1093 1534 1535
f 1524 1523 1536
f 1534 1093 1095
f 1095 1524 1534
f 1536 1534 1524
f 1535 1532 1093
f 1264 1096 1094
f 1533 1094 1093
f 1537 1534 1536
f 1537 1535 1534
f 1537 1538 1530
f 1530 1529 1537
f 1529 1531 1537
f 1536 1538 1537
f 1530 1538 1522
f 1536 1523 1522
f 1522 1538 1536
f 1522 1526 1530
f 1099 1539 1540
f 1540 1541 1099
f 1099 1542 1543
f 1099 1105 1542
f 1543 1539 1099
f 1541 1114 1099
f 1100 1271 1544
f 1101 1544 1545
f 1545 1542 1105
f 1542 1546 1547
f 1542 1545 1548
f 1548 1546 1542
f 1547 1543 1542
f 1105 1102 1545
f 1545 1102 1101
f 1544 1101 1100
f 1112 1549 1550
f 1113 1550 1280
f 1112 1551 1552
f 1551 1541 1540
f 1551 1112 1114
f 1114 1541 1551
f 1540 1553 1551
f 1552 1549 1112
f 1280 1110 1113
f 1550 1113 1112
f 1554 1551 1553
f 1554 1552 1551
f 1554 1555 1547
f 1547 1546 1554
f 1546 1548 1554
f 1553 1555 1554
f 1555 1553 1540
f 1555 1539 1543
f 1543 1547 1555
f 1540 1539 1555
f 1115 1556 1557
f 1115 1121 1556
f 1115 1558 1559
f 1559 1560 1115
f 1560 1131 1115
f 1557 1558 1115
f 1129 1561 1562
f 1130 1562 1200
f 1560 1563 1564
f 1560 1559 1565
f 1565 1563 1560
f 1561 1129 1131
f 1131 1560 1561
f 1564 1561 1560
f 1200 1128 1130
f 1562 1130 1129
f 1116 1287 1566
f 1117 1566 1567
f 1567 1556 1121
f 1556 1568 1569
f 1556 1567 1570
f 1570 1568 1556
f 1569 1557 1556
f 1121 1118 1567
f 1567 1118 1117
f 1566 1117 1116
f 1571 1572 1569
f 1569 1568 1571
f 1571 1563 1565
f 1571 1564 1563
f 1565 1572 1571
f 1568 1570 1571
f 1569 1572 1558
f 1565 1559 1558
f 1558 1572 1565
f 1558 1557 1569
f 1132 1573 1574
f 1132 1138 1573
f 1132 1575 1576
f 1576 1577 1132
f 1577 1143 1132
f 1574 1575 1132
f 1133 1207 1578
f 1134 1578 1579
f 1579 1573 1138
f 1573 1580 1581
f 1573 1579 1582
f 1582 1580 1573
f 1581 1574 1573
f 1138 1135 1579
f 1579 1135 1134
f 1578 1134 1133
f 1141 1583 1584
f 1142 1584 1296
f 1141 1585 1586
f 1585 1577 1576
f 1585 1141 1143
f 1143 1577 1585
f 1576 1587 1585
f 1586 1583 1141
f 1296 1144 1142
f 1584 1142 1141
f 1588 1589 1581
f 1581 1580 1588
f 1588 1585 1587
f 1588 1586 1585
f 1587 1589 1588
f 1580 1582 1588
f 1581 1589 1575
f 1587 1576 1575
f 1575 1589 1587
f 1575 1574 1581
f 31 1216 1494
f 31 1217 1216
f 31 1218 1217
f 30 1219 1218
f 30 29 1220
f 29 1221 1220
f 1220 1219 30
f 1218 31 30
f 28 1222 1221
f 1221 29 28
f 1223 1222 27
f 1590 1232 1591
f 1591 1592 1590
f 1593 1594 1595
f 1595 1592 1593
f 1592 1591 1593
f 1595 1596 1592
f 1223 1233 1232
f 1590 1223 1232
f 27 1233 1223
f 28 27 1222
f 1233 27 26
f 26 25 1235
f 25 24 1237
f 1237 1236 25
f 1236 1235 25
f 1235 1234 26
f 1238 1237 24
f 1515 1192 1511
f 1511 1516 1515
f 1510 1513 1520
f 1520 1516 1510
f 1516 1511 1510
f 1520 1519 1516
f 1515 1239 1192
f 1192 1238 23
f 23 1193 1192
f 1193 23 22
f 22 1194 1193
f 21 1195 1194
f 21 20 1196
f 20 1197 1196
f 1196 1195 21
f 1194 22 21
f 1239 1238 1192
f 19 1198 1197
f 19 1264 1199
f 1532 1535 1537
f 1537 1528 1532
f 1537 1531 1528
f 1533 1532 1527
f 1199 1264 1533
f 1527 1199 1533
f 1528 1527 1532
f 1264 19 18
f 18 1265 1264
f 1199 1198 19
f 1265 18 17
f 17 1266 1265
f 16 1268 1267
f 1267 17 16
f 16 15 1269
f 1269 1268 16
f 1270 1269 15
f 15 14 1270
f 1271 1270 14
f 1544 1280 1550
f 1550 1545 1544
f 1549 1552 1554
f 1554 1545 1549
f 1545 1550 1549
f 1554 1548 1545
f 1271 1281 1280
f 1544 1271 1280
f 14 1281 1271
f 1267 1266 17
f 1197 20 19
f 1281 14 13
f 12 1283 1282
f 12 11 1284
f 11 1285 1284
f 1284 1283 12
f 1282 13 12
f 13 1282 1281
f 24 23 1238
f 26 1234 1233
f 10 1286 1285
f 1285 11 10
f 1561 1564 1571
f 1571 1567 1561
f 1571 1570 1567
f 1562 1561 1566
f 1287 1200 1562
f 1566 1287 1562
f 1567 1566 1561
f 1200 1286 9
f 9 1201 1200
f 9 8 1202
f 1202 1201 9
f 7 1204 1203
f 1203 8 7
f 7 6 1205
f 1205 1204 7
f 1203 1202 8
f 1206 1205 6
f 1579 1583 1588
f 1583 1586 1588
f 1588 1582 1579
f 1584 1583 1578
f 1207 1296 1584
f 1578 1207 1584
f 1579 1578 1583
f 1296 1206 5
f 5 1297 1296
f 1207 1206 1296
f 6 5 1206
f 1297 5 4
f 4 1298 1297
f 3 1299 1298
f 3 2 1300
f 2 1301 1300
f 1300 1299 3
f 1302 1301 2
f 2 1 1302
f 1 1184 1303
f 1330 1184 1325
f 1325 1331 1330
f 1324 1327 1334
f 1334 1331 1324
f 1331 1325 1324
f 1334 1333 1331
f 1330 1303 1184
f 1184 1 301
f 301 1185 1184
f 301 300 1186
f 1186 1185 301
f 1303 1302 1
f 1298 4 3
f 299 1188 1187
f 1187 300 299
f 299 298 1189
f 1189 1188 299
f 1190 1189 298
f 298 297 1190
f 1340 1304 1346
f 1346 1341 1340
f 1345 1348 1350
f 1350 1341 1345
f 1341 1346 1345
f 1350 1344 1341
f 1340 1191 1304
f 1304 1190 297
f 297 1305 1304
f 1305 297 296
f 296 1306 1305
f 295 1307 1306
f 295 294 1308
f 1308 1307 295
f 1309 1308 294
f 294 293 1309
f 1306 296 295
f 1191 1190 1304
f 1187 1186 300
f 1287 1286 1200
f 10 9 1286
f 1310 1309 293
f 1357 1360 1367
f 1367 1363 1357
f 1367 1366 1363
f 1358 1357 1362
f 1311 1288 1358
f 1362 1311 1358
f 1363 1362 1357
f 1288 1310 292
f 292 1289 1288
f 292 291 1290
f 1290 1289 292
f 290 1292 1291
f 1291 291 290
f 290 289 1293
f 1293 1292 290
f 1294 1293 289
f 289 288 1294
f 1291 1290 291
f 1380 1374 1384
f 1374 1377 1384
f 1384 1383 1380
f 1375 1374 1379
f 1295 1272 1375
f 1379 1295 1375
f 1380 1379 1374
f 1272 1294 288
f 288 1273 1272
f 1273 288 287
f 287 1274 1273
f 286 1275 1274
f 285 1277 1276
f 1276 286 285
f 1276 1275 286
f 1274 287 286
f 1295 1294 1272
f 1278 1277 285
f 1279 1278 284
f 1391 1394 1401
f 1401 1397 1391
f 1401 1400 1397
f 1392 1391 1396
f 1279 1256 1392
f 1396 1279 1392
f 1279 1257 1256
f 1397 1396 1391
f 283 282 1258
f 1257 284 283
f 1258 1257 283
f 284 1257 1279
f 281 1260 1259
f 1259 282 281
f 281 280 1261
f 1261 1260 281
f 1262 1261 280
f 280 279 1262
f 1263 1262 279
f 1413 1240 1409
f 1409 1414 1413
f 1414 1408 1418
f 1408 1411 1418
f 1414 1409 1408
f 1418 1417 1414
f 1263 1241 1240
f 1413 1263 1240
f 279 1241 1263
f 1259 1258 282
f 285 284 1278
f 1311 1310 1288
f 1241 279 278
f 278 277 1243
f 277 1244 1243
f 276 1245 1244
f 1244 277 276
f 1246 1245 276
f 276 275 1246
f 1247 1246 275
f 1431 1425 1435
f 1425 1428 1435
f 1435 1434 1431
f 1426 1425 1430
f 1247 1224 1426
f 1430 1247 1426
f 1247 1225 1224
f 1431 1430 1425
f 275 1225 1247
f 1225 275 274
f 273 1227 1226
f 272 1228 1227
f 272 271 1229
f 1229 1228 272
f 1227 273 272
f 1226 274 273
f 1230 1229 271
f 1448 1442 1452
f 1442 1445 1452
f 1452 1451 1448
f 1443 1442 1447
f 1231 1208 1443
f 1447 1231 1443
f 1448 1447 1442
f 1208 1230 270
f 270 1209 1208
f 1209 270 269
f 269 1210 1209
f 1231 1230 1208
f 269 1249 1213
f 1213 1212 269
f 1212 1211 269
f 1211 1210 269
f 271 270 1230
f 274 1226 1225
f 1460 1464 1469
f 1464 1467 1469
f 1469 1463 1460
f 1465 1464 1459
f 1215 1248 1465
f 1459 1215 1465
f 1215 1249 1248
f 1460 1459 1464
f 1215 1214 1249
f 1214 1213 1249
f 1243 1242 278
f 1249 266 265
f 1249 269 268
f 268 267 1249
f 267 266 1249
f 39 1251 1250
f 39 38 1252
f 38 1253 1252
f 1252 1251 39
f 37 1254 1253
f 1253 38 37
f 37 36 1254
f 1255 1254 36
f 1477 1481 1486
f 1481 1484 1486
f 1486 1480 1477
f 1482 1481 1476
f 1255 1312 1482
f 1476 1255 1482
f 1255 1313 1312
f 1477 1476 1481
f 1313 36 35
f 35 1314 1313
f 35 34 1315
f 33 1317 1316
f 1316 34 33
f 1316 1315 34
f 1315 1314 35
f 36 1313 1255
f 1250 265 39
f 1318 1317 33
f 1319 1318 32
f 1493 1499 1498
f 1498 31 1493
f 1499 1493 1503
f 1493 1496 1503
f 1503 1502 1499
f 1498 1319 31
f 32 31 1319
f 33 32 1318
f 265 1250 1249
f 278 1242 1241
f 293 292 1310
f 1494 1493 31
f 1056 1223 1590
f 1057 1590 1592
f 1597 1598 1061
f 1597 1599 1600
f 1600 1598 1597
f 1058 1592 1596
f 1596 1597 1058
f 1061 1058 1597
f 1592 1058 1057
f 1590 1057 1056
f 1067 1593 1591
f 1068 1591 1232
f 1067 1601 1594
f 1601 1602 1603
f 1601 1067 1069
f 1069 1602 1601
f 1603 1604 1601
f 1594 1593 1067
f 1232 1065 1068
f 1591 1068 1067
f 1595 1605 1599
f 1599 1597 1595
f 1595 1601 1604
f 1595 1594 1601
f 1604 1605 1595
f 1597 1596 1595
f 1603 1606 1605
f 1600 1599 1605
f 1605 1606 1600
f 1605 1604 1603
f 1055 1598 1600
f 1055 1061 1598
f 1055 1606 1603
f 1603 1602 1055
f 1602 1069 1055
f 1600 1606 1055
